/* Generated by tools/generate_fonts.py; do not edit.
 * generator sha256: c972c4c095b289ffdf0fd10c8b0aafea89f1ae95bb5905d4fd79f84c9c2a2be0
 * config sha256: b5687ecb3432de3e524985f34ca0e9c63c4a800e3a303cd487d54987813f8be0
 * provenance lock sha256: 4c80cd9fde73951c7df2097c9717de4938c930fd06f5a045bf65f5a633a54787
 * IBMPlexMono-Bold.otf sha256: 27a69e26eb871f52431f45fef5e938acd45e752d9132faaf38aa4a045168b3b6
 * IBMPlexMono-Medium.otf sha256: f7db820bddfbf7fce52946e69fee89a150938d401d82850cdf975b2c4c31b97b
 * IBMPlexMono-Regular.otf sha256: 372fe8f8a459baef84ee346b0a478084e80c46bd299a0c27bcb0f3412f5a9d28
 * IBMPlexMono-SemiBold.otf sha256: bc63f5550b440d5edd4da15c4740e7468d2064a72f5509aca55348f930588267
 * texgyreheros-bold.otf sha256: b170162835f4efc288886dd4231406dc47e19b614cf4416836635599d44a7d60
 * texgyreheros-regular.otf sha256: 6ae1a09d5a940367b7aaaa91ee8bd8a2c333bfe193e7096e23f931357d62081f
 */
#include "watchy_fonts.h"

static const uint8_t bitmap_heros_13_bold[] = {
    0x60, 0x60, 0x60, 0x60, 0x60, 0x20, 0x00, 0x60, 0x60, 0x34, 0x24, 0xfe,
    0x6c, 0x6c, 0x6c, 0xfe, 0x48, 0x58, 0x10, 0x7c, 0x76, 0x50, 0x70, 0x3c,
    0x1e, 0x56, 0xf6, 0x7c, 0x38, 0x10, 0x00, 0x00, 0x71, 0x80, 0x59, 0x00,
    0xcb, 0x00, 0x5a, 0x00, 0x76, 0x00, 0x05, 0xc0, 0x0d, 0x60, 0x0b, 0x20,
    0x19, 0x60, 0x11, 0xc0, 0x10, 0x10, 0x7e, 0x18, 0x10, 0x10, 0xf0, 0xf0,
    0x00, 0x00, 0x00, 0x60, 0x60, 0x18, 0x10, 0x10, 0x10, 0x30, 0x20, 0x20,
    0x20, 0x40, 0x40, 0x38, 0x7c, 0x44, 0xc6, 0xc6, 0xc6, 0xc6, 0x44, 0x7c,
    0x38, 0x18, 0x38, 0x78, 0x18, 0x18, 0x18, 0x18, 0x18, 0x18, 0x18, 0x38,
    0x7c, 0x46, 0x46, 0x0c, 0x1c, 0x38, 0x60, 0x7c, 0xfe, 0x38, 0x7c, 0x4c,
    0x0c, 0x1c, 0x0c, 0x06, 0xc6, 0x7c, 0x38, 0x1c, 0x1c, 0x3c, 0x2c, 0x4c,
    0x4c, 0xfe, 0x7c, 0x0c, 0x0c, 0x7c, 0x7c, 0x40, 0x78, 0x7c, 0x06, 0x06,
    0xc6, 0x7c, 0x38, 0x38, 0x7c, 0x60, 0x40, 0xfc, 0xee, 0xc6, 0x46, 0x7c,
    0x38, 0xfe, 0x7e, 0x0c, 0x08, 0x18, 0x18, 0x30, 0x30, 0x30, 0x30, 0x38,
    0x7c, 0x44, 0x6c, 0x7c, 0x6c, 0xc6, 0xc6, 0x7c, 0x38, 0x38, 0x7c, 0xc4,
    0xc6, 0x6e, 0x7e, 0x06, 0x44, 0x7c, 0x38, 0x60, 0x60, 0x00, 0x00, 0x00,
    0x60, 0x60, 0x3c, 0x7e, 0x66, 0x06, 0x0e, 0x0c, 0x18, 0x00, 0x18, 0x18,
    0x0c, 0x00, 0x1c, 0x00, 0x1e, 0x00, 0x16, 0x00, 0x36, 0x00, 0x33, 0x00,
    0x3f, 0x00, 0x7f, 0x00, 0x61, 0x80, 0xc1, 0x80, 0x7e, 0x00, 0x7f, 0x00,
    0x63, 0x00, 0x63, 0x00, 0x7e, 0x00, 0x7f, 0x00, 0x63, 0x00, 0x61, 0x80,
    0x7f, 0x00, 0x7e, 0x00, 0x1e, 0x00, 0x3f, 0x00, 0x61, 0x80, 0x60, 0x00,
    0x60, 0x00, 0x60, 0x00, 0x60, 0x00, 0x61, 0x80, 0x3f, 0x00, 0x1e, 0x00,
    0x7e, 0x00, 0x7f, 0x00, 0x63, 0x00, 0x61, 0x80, 0x61, 0x80, 0x61, 0x80,
    0x61, 0x80, 0x63, 0x00, 0x7f, 0x00, 0x7e, 0x00, 0x7f, 0x00, 0x7f, 0x00,
    0x60, 0x00, 0x60, 0x00, 0x7e, 0x00, 0x7e, 0x00, 0x60, 0x00, 0x60, 0x00,
    0x7f, 0x00, 0x7f, 0x00, 0x7f, 0x7e, 0x60, 0x60, 0x7e, 0x7e, 0x60, 0x60,
    0x60, 0x60, 0x1e, 0x00, 0x3f, 0x80, 0x61, 0x80, 0x60, 0x00, 0x63, 0x80,
    0x67, 0x80, 0x61, 0x80, 0x61, 0x80, 0x3f, 0x80, 0x1e, 0x80, 0x61, 0x80,
    0x61, 0x80, 0x61, 0x80, 0x61, 0x80, 0x7f, 0x80, 0x7f, 0x80, 0x61, 0x80,
    0x61, 0x80, 0x61, 0x80, 0x61, 0x80, 0x60, 0x60, 0x60, 0x60, 0x60, 0x60,
    0x60, 0x60, 0x60, 0x60, 0x0c, 0x0c, 0x0c, 0x0c, 0x0c, 0x0c, 0xcc, 0xcc,
    0x7c, 0x38, 0x63, 0x00, 0x67, 0x00, 0x66, 0x00, 0x6c, 0x00, 0x78, 0x00,
    0x7c, 0x00, 0x66, 0x00, 0x66, 0x00, 0x63, 0x00, 0x61, 0x80, 0x60, 0x60,
    0x60, 0x60, 0x60, 0x60, 0x60, 0x60, 0x7e, 0x7f, 0x71, 0xc0, 0x71, 0xc0,
    0x71, 0xc0, 0x7b, 0xc0, 0x7b, 0xc0, 0x6a, 0xc0, 0x6a, 0xc0, 0x6e, 0xc0,
    0x6e, 0xc0, 0x6e, 0xc0, 0x61, 0x80, 0x71, 0x80, 0x71, 0x80, 0x79, 0x80,
    0x69, 0x80, 0x6d, 0x80, 0x67, 0x80, 0x67, 0x80, 0x63, 0x80, 0x63, 0x80,
    0x1e, 0x00, 0x3f, 0x00, 0x61, 0x80, 0x61, 0x80, 0x60, 0xc0, 0x60, 0xc0,
    0x61, 0x80, 0x61, 0x80, 0x3f, 0x00, 0x1e, 0x00, 0x7e, 0x00, 0x7f, 0x00,
    0x63, 0x00, 0x63, 0x00, 0x63, 0x00, 0x7f, 0x00, 0x7c, 0x00, 0x60, 0x00,
    0x60, 0x00, 0x60, 0x00, 0x1e, 0x00, 0x3f, 0x00, 0x61, 0x80, 0x61, 0x80,
    0x60, 0xc0, 0x60, 0xc0, 0x63, 0x80, 0x63, 0x80, 0x3f, 0x80, 0x1f, 0x80,
    0x00, 0x80, 0x7f, 0x00, 0x7f, 0x00, 0x63, 0x80, 0x61, 0x00, 0x7f, 0x00,
    0x7e, 0x00, 0x63, 0x00, 0x63, 0x00, 0x63, 0x00, 0x61, 0x80, 0x3c, 0x00,
    0x7e, 0x00, 0x63, 0x00, 0x60, 0x00, 0x7e, 0x00, 0x1f, 0x00, 0x03, 0x00,
    0x63, 0x00, 0x7f, 0x00, 0x3e, 0x00, 0xff, 0xfe, 0x18, 0x18, 0x18, 0x18,
    0x18, 0x18, 0x18, 0x18, 0x61, 0x00, 0x61, 0x00, 0x61, 0x00, 0x61, 0x00,
    0x61, 0x00, 0x61, 0x00, 0x61, 0x00, 0x63, 0x00, 0x3f, 0x00, 0x1e, 0x00,
    0xc3, 0x00, 0x63, 0x00, 0x63, 0x00, 0x66, 0x00, 0x36, 0x00, 0x36, 0x00,
    0x34, 0x00, 0x1c, 0x00, 0x1c, 0x00, 0x18, 0x00, 0xc6, 0x30, 0x66, 0x30,
    0x67, 0x20, 0x6f, 0x60, 0x6d, 0x60, 0x29, 0x60, 0x39, 0xc0, 0x39, 0xc0,
    0x39, 0xc0, 0x18, 0xc0, 0x63, 0x00, 0x66, 0x00, 0x36, 0x00, 0x3c, 0x00,
    0x1c, 0x00, 0x1c, 0x00, 0x3c, 0x00, 0x36, 0x00, 0x67, 0x00, 0x63, 0x00,
    0x63, 0x00, 0x63, 0x00, 0x36, 0x00, 0x36, 0x00, 0x1c, 0x00, 0x1c, 0x00,
    0x18, 0x00, 0x18, 0x00, 0x18, 0x00, 0x18, 0x00, 0xfe, 0x7e, 0x06, 0x0c,
    0x18, 0x38, 0x30, 0x60, 0xfe, 0xfe, 0x00, 0x00, 0x00, 0x00, 0x7f, 0x00,
    0x38, 0x7c, 0x0c, 0x7c, 0xcc, 0xfc, 0x76, 0x60, 0x60, 0x60, 0x7c, 0x7e,
    0x66, 0x62, 0x66, 0x7e, 0x7c, 0x38, 0x7c, 0x44, 0xc0, 0x60, 0x7c, 0x38,
    0x06, 0x06, 0x06, 0x3e, 0x7e, 0x46, 0xc6, 0x46, 0x7e, 0x3e, 0x38, 0x6c,
    0xc6, 0xfe, 0xc0, 0x6c, 0x38, 0x30, 0x60, 0x60, 0xf0, 0x60, 0x60, 0x60,
    0x60, 0x60, 0x60, 0x3e, 0x7e, 0x66, 0xc6, 0x66, 0x7e, 0x3e, 0x06, 0x66,
    0x3c, 0x60, 0x60, 0x60, 0x7c, 0x7e, 0x66, 0x66, 0x66, 0x66, 0x66, 0x60,
    0x60, 0x00, 0x60, 0x60, 0x60, 0x60, 0x60, 0x60, 0x60, 0x60, 0x60, 0x00,
    0x60, 0x60, 0x60, 0x60, 0x60, 0x60, 0x60, 0x60, 0xe0, 0xc0, 0x60, 0x60,
    0x60, 0x6c, 0x6c, 0x78, 0x78, 0x6c, 0x6c, 0x66, 0x60, 0x60, 0x60, 0x60,
    0x60, 0x60, 0x60, 0x60, 0x60, 0x60, 0x7d, 0xc0, 0x7f, 0xe0, 0x66, 0x60,
    0x66, 0x60, 0x66, 0x60, 0x66, 0x60, 0x66, 0x60, 0x7c, 0x7e, 0x66, 0x66,
    0x66, 0x66, 0x66, 0x3c, 0x7e, 0x66, 0xc6, 0x66, 0x7e, 0x3c, 0x7c, 0x7e,
    0x66, 0x62, 0x66, 0x7e, 0x7c, 0x60, 0x60, 0x60, 0x3e, 0x7e, 0x46, 0xc6,
    0x46, 0x7e, 0x3e, 0x06, 0x06, 0x06, 0x78, 0x78, 0x60, 0x60, 0x60, 0x60,
    0x60, 0x38, 0x6c, 0x60, 0x7c, 0x0e, 0x6e, 0x7c, 0x60, 0x60, 0xf0, 0x60,
    0x60, 0x60, 0x60, 0x60, 0x30, 0x66, 0x66, 0x66, 0x66, 0x66, 0x7e, 0x3e,
    0xc6, 0x64, 0x6c, 0x6c, 0x38, 0x38, 0x38, 0xcc, 0xc0, 0xcc, 0xc0, 0x6c,
    0x80, 0x7f, 0x80, 0x73, 0x80, 0x33, 0x00, 0x33, 0x00, 0x6e, 0x6c, 0x38,
    0x38, 0x38, 0x6c, 0x6e, 0xc6, 0x64, 0x6c, 0x6c, 0x38, 0x38, 0x38, 0x10,
    0x30, 0x60, 0x7c, 0x1c, 0x18, 0x30, 0x60, 0xe0, 0xfc, 0x70, 0x40, 0x40,
    0x70, 0x00, 0x00, 0x00, 0x00, 0x00, 0x00, 0x60, 0x40, 0x00, 0x00, 0x7f,
    0xfc, 0x00, 0x00, 0x00, 0x00, 0x00, 0x00, 0x00, 0x40, 0x00, 0x40, 0x00,
    0x60, 0x3f, 0xf0, 0x00, 0x60, 0x00, 0x60, 0x00, 0x40,
};
static const watchy_font_glyph_t glyphs_heros_13_bold[] = {
    {32, 0, 0, 0, 0, 0, 4, 0},
    {33, 0, 0, 9, 4, 9, 4, 1},
    {35, 9, 0, 9, 8, 9, 7, 1},
    {36, 18, 0, 10, 7, 12, 7, 1},
    {37, 30, 0, 11, 12, 11, 12, 2},
    {43, 52, 0, 6, 8, 6, 8, 1},
    {45, 58, 0, 5, 4, 5, 4, 1},
    {46, 63, 0, 2, 4, 2, 4, 1},
    {47, 65, -1, 10, 5, 10, 4, 1},
    {48, 75, 0, 10, 7, 10, 7, 1},
    {49, 85, 0, 10, 7, 10, 7, 1},
    {50, 95, 0, 10, 7, 10, 7, 1},
    {51, 105, 0, 10, 7, 10, 7, 1},
    {52, 115, 0, 10, 7, 10, 7, 1},
    {53, 125, 0, 10, 7, 10, 7, 1},
    {54, 135, 0, 10, 7, 10, 7, 1},
    {55, 145, 0, 10, 7, 10, 7, 1},
    {56, 155, 0, 10, 7, 10, 7, 1},
    {57, 165, 0, 10, 7, 10, 7, 1},
    {58, 175, 0, 7, 4, 7, 4, 1},
    {63, 182, 0, 10, 8, 10, 8, 1},
    {65, 192, 0, 10, 10, 10, 9, 2},
    {66, 212, 0, 10, 9, 10, 9, 2},
    {67, 232, 0, 10, 9, 10, 9, 2},
    {68, 252, 0, 10, 9, 10, 9, 2},
    {69, 272, 0, 10, 9, 10, 9, 2},
    {70, 292, 0, 10, 8, 10, 8, 1},
    {71, 302, 0, 10, 10, 10, 10, 2},
    {72, 322, 0, 10, 9, 10, 9, 2},
    {73, 342, 0, 10, 4, 10, 4, 1},
    {74, 352, 0, 10, 7, 10, 7, 1},
    {75, 362, 0, 10, 10, 10, 9, 2},
    {76, 382, 0, 10, 8, 10, 8, 1},
    {77, 392, 0, 10, 11, 10, 11, 2},
    {78, 412, 0, 10, 9, 10, 9, 2},
    {79, 432, 0, 10, 10, 10, 10, 2},
    {80, 452, 0, 10, 9, 10, 9, 2},
    {81, 472, 0, 10, 10, 11, 10, 2},
    {82, 494, 0, 10, 9, 10, 9, 2},
    {83, 514, 0, 10, 9, 10, 9, 2},
    {84, 534, 0, 10, 8, 10, 8, 1},
    {85, 544, 0, 10, 9, 10, 9, 2},
    {86, 564, 0, 10, 9, 10, 9, 2},
    {87, 584, 0, 10, 13, 10, 12, 2},
    {88, 604, 0, 10, 9, 10, 9, 2},
    {89, 624, 0, 10, 9, 10, 9, 2},
    {90, 644, 0, 10, 8, 10, 8, 1},
    {95, 654, -1, 0, 9, 3, 7, 2},
    {97, 660, 0, 7, 7, 7, 7, 1},
    {98, 667, 0, 10, 8, 10, 8, 1},
    {99, 677, 0, 7, 7, 7, 7, 1},
    {100, 684, 0, 10, 8, 10, 8, 1},
    {101, 694, 0, 7, 7, 7, 7, 1},
    {102, 701, 0, 10, 5, 10, 4, 1},
    {103, 711, 0, 7, 8, 10, 8, 1},
    {104, 721, 0, 10, 8, 10, 8, 1},
    {105, 731, 0, 10, 4, 10, 4, 1},
    {106, 741, 0, 10, 4, 13, 4, 1},
    {107, 754, 0, 10, 8, 10, 7, 1},
    {108, 764, 0, 10, 4, 10, 4, 1},
    {109, 774, 0, 7, 12, 7, 12, 2},
    {110, 788, 0, 7, 8, 7, 8, 1},
    {111, 795, 0, 7, 8, 7, 8, 1},
    {112, 802, 0, 7, 8, 10, 8, 1},
    {113, 812, 0, 7, 8, 10, 8, 1},
    {114, 822, 0, 7, 5, 7, 5, 1},
    {115, 829, 0, 7, 7, 7, 7, 1},
    {116, 836, 0, 9, 4, 9, 4, 1},
    {117, 845, 0, 7, 8, 7, 8, 1},
    {118, 852, 0, 7, 7, 7, 7, 1},
    {119, 859, 0, 7, 10, 7, 10, 2},
    {120, 873, 0, 7, 7, 7, 7, 1},
    {121, 880, 0, 7, 7, 10, 7, 1},
    {122, 890, 0, 7, 7, 7, 7, 1},
    {176, 897, 0, 10, 5, 10, 5, 1},
    {183, 907, 0, 4, 4, 4, 4, 1},
    {8212, 911, -1, 4, 15, 4, 13, 2},
    {8594, 919, 0, 7, 13, 7, 13, 2},
};
watchy_font_t watchy_font_heros_13_bold = {glyphs_heros_13_bold, bitmap_heros_13_bold, 78, 13, 15, -4, 19};

static const uint8_t bitmap_heros_15_bold[] = {
    0x70, 0x70, 0x70, 0x70, 0x20, 0x20, 0x20, 0x20, 0x00, 0x70, 0x70, 0x12,
    0x00, 0x36, 0x00, 0xff, 0x00, 0x7e, 0x00, 0x24, 0x00, 0x24, 0x00, 0xff,
    0x00, 0x6c, 0x00, 0x6c, 0x00, 0x48, 0x00, 0x08, 0x3e, 0x6e, 0x6b, 0x78,
    0x78, 0x3e, 0x0f, 0xcb, 0x6f, 0x7e, 0x18, 0x08, 0x00, 0x00, 0x38, 0x40,
    0x78, 0xc0, 0xcd, 0x80, 0xcd, 0x00, 0x7b, 0x00, 0x02, 0x00, 0x06, 0xf0,
    0x04, 0x98, 0x0d, 0x98, 0x08, 0xf8, 0x18, 0x70, 0x08, 0x00, 0x08, 0x00,
    0x1c, 0x00, 0x7f, 0x00, 0x08, 0x00, 0x08, 0x00, 0x08, 0x00, 0x00, 0xf0,
    0xf0, 0x00, 0x00, 0x00, 0x00, 0x60, 0x60, 0x08, 0x18, 0x18, 0x10, 0x10,
    0x30, 0x30, 0x20, 0x20, 0x60, 0x40, 0x3c, 0x7e, 0x66, 0x63, 0xe3, 0xe3,
    0xe3, 0x63, 0x66, 0x7e, 0x3c, 0x0c, 0x1c, 0x7c, 0x1c, 0x0c, 0x0c, 0x0c,
    0x0c, 0x0c, 0x0c, 0x0c, 0x3c, 0x7e, 0x67, 0x63, 0x07, 0x06, 0x1c, 0x38,
    0x70, 0x7f, 0x7f, 0x3c, 0x7e, 0x66, 0x46, 0x0e, 0x1e, 0x06, 0x03, 0x67,
    0x7e, 0x3c, 0x0e, 0x1e, 0x1e, 0x36, 0x26, 0x66, 0x46, 0xff, 0x7f, 0x06,
    0x06, 0x3e, 0x7e, 0x60, 0x68, 0x7e, 0x66, 0x03, 0x03, 0x66, 0x7e, 0x3c,
    0x1c, 0x3e, 0x62, 0x60, 0x7c, 0x7e, 0x67, 0x63, 0x67, 0x7e, 0x3c, 0xff,
    0xff, 0x06, 0x06, 0x0c, 0x18, 0x18, 0x18, 0x30, 0x30, 0x30, 0x3c, 0x7e,
    0x66, 0x62, 0x7e, 0x7e, 0x67, 0xe3, 0xe7, 0x7e, 0x3c, 0x3c, 0x7e, 0x66,
    0xc3, 0x67, 0x7f, 0x3f, 0x06, 0x66, 0x7e, 0x3c, 0x70, 0x70, 0x00, 0x00,
    0x00, 0x00, 0x70, 0x70, 0x1c, 0x00, 0x3f, 0x00, 0x63, 0x00, 0x63, 0x00,
    0x03, 0x00, 0x06, 0x00, 0x0c, 0x00, 0x0c, 0x00, 0x00, 0x00, 0x1c, 0x00,
    0x1c, 0x00, 0x00, 0x00, 0x0e, 0x00, 0x0e, 0x00, 0x1f, 0x00, 0x1b, 0x00,
    0x1b, 0x00, 0x3b, 0x80, 0x31, 0x80, 0x3f, 0x80, 0x7f, 0xc0, 0x60, 0xc0,
    0x60, 0xc0, 0x7f, 0x00, 0x7f, 0x80, 0x61, 0xc0, 0x61, 0x80, 0x7f, 0x80,
    0x7f, 0x80, 0x61, 0xc0, 0x60, 0xc0, 0x61, 0xc0, 0x7f, 0x80, 0x7f, 0x00,
    0x1f, 0x00, 0x3f, 0x80, 0x71, 0xc0, 0x60, 0xc0, 0x60, 0x00, 0x60, 0x00,
    0x60, 0x00, 0x60, 0xc0, 0x71, 0xc0, 0x3f, 0x80, 0x1f, 0x00, 0x7f, 0x00,
    0x7f, 0x80, 0x61, 0xc0, 0x60, 0xc0, 0x60, 0xc0, 0x60, 0xc0, 0x60, 0xc0,
    0x60, 0xc0, 0x61, 0xc0, 0x7f, 0x80, 0x7f, 0x00, 0x7f, 0x80, 0x7f, 0x80,
    0x60, 0x00, 0x60, 0x00, 0x7f, 0x80, 0x7f, 0x80, 0x60, 0x00, 0x60, 0x00,
    0x60, 0x00, 0x7f, 0x80, 0x7f, 0x80, 0x7f, 0x80, 0x7f, 0x80, 0x60, 0x00,
    0x60, 0x00, 0x7f, 0x00, 0x7f, 0x00, 0x60, 0x00, 0x60, 0x00, 0x60, 0x00,
    0x60, 0x00, 0x60, 0x00, 0x0f, 0x00, 0x3f, 0xc0, 0x70, 0xc0, 0x60, 0x40,
    0x60, 0x00, 0x63, 0xe0, 0x63, 0xe0, 0x60, 0x60, 0x70, 0xe0, 0x3f, 0xe0,
    0x0f, 0x60, 0x60, 0xc0, 0x60, 0xc0, 0x60, 0xc0, 0x60, 0xc0, 0x7f, 0xc0,
    0x7f, 0xc0, 0x60, 0xc0, 0x60, 0xc0, 0x60, 0xc0, 0x60, 0xc0, 0x60, 0xc0,
    0x60, 0x60, 0x60, 0x60, 0x60, 0x60, 0x60, 0x60, 0x60, 0x60, 0x60, 0x06,
    0x06, 0x06, 0x06, 0x06, 0x06, 0x06, 0xe6, 0xe6, 0x7e, 0x3c, 0x61, 0xc0,
    0x63, 0x80, 0x67, 0x00, 0x66, 0x00, 0x7c, 0x00, 0x7c, 0x00, 0x76, 0x00,
    0x67, 0x00, 0x63, 0x80, 0x61, 0xc0, 0x60, 0xc0, 0x60, 0x00, 0x60, 0x00,
    0x60, 0x00, 0x60, 0x00, 0x60, 0x00, 0x60, 0x00, 0x60, 0x00, 0x60, 0x00,
    0x60, 0x00, 0x7f, 0x80, 0x7f, 0x80, 0x70, 0xf0, 0x78, 0xf0, 0x78, 0xf0,
    0x79, 0xf0, 0x79, 0xf0, 0x6d, 0xf0, 0x6d, 0x70, 0x6d, 0x70, 0x67, 0x70,
    0x67, 0x70, 0x67, 0x70, 0x70, 0xc0, 0x70, 0xc0, 0x78, 0xc0, 0x78, 0xc0,
    0x6c, 0xc0, 0x6e, 0xc0, 0x66, 0xc0, 0x63, 0xc0, 0x63, 0xc0, 0x61, 0xc0,
    0x61, 0xc0, 0x0f, 0x00, 0x3f, 0x80, 0x70, 0xc0, 0x60, 0xe0, 0x60, 0x60,
    0x60, 0x60, 0x60, 0x60, 0x60, 0xe0, 0x70, 0xc0, 0x3f, 0xc0, 0x0f, 0x00,
    0x7f, 0x00, 0x7f, 0x80, 0x61, 0x80, 0x61, 0x80, 0x61, 0x80, 0x7f, 0x80,
    0x7f, 0x00, 0x60, 0x00, 0x60, 0x00, 0x60, 0x00, 0x60, 0x00, 0x0f, 0x00,
    0x3f, 0xc0, 0x30, 0xc0, 0x60, 0xe0, 0x60, 0x60, 0x60, 0x60, 0x60, 0x60,
    0x63, 0xe0, 0x31, 0xc0, 0x3f, 0xc0, 0x0f, 0x60, 0x00, 0x00, 0x7f, 0x80,
    0x7f, 0xc0, 0x61, 0xc0, 0x60, 0xc0, 0x61, 0xc0, 0x7f, 0x80, 0x7f, 0x80,
    0x61, 0xc0, 0x61, 0xc0, 0x61, 0xc0, 0x60, 0xc0, 0x00, 0x00, 0x3e, 0x00,
    0x7f, 0x00, 0x61, 0x80, 0x61, 0x80, 0x78, 0x00, 0x3f, 0x00, 0x03, 0x80,
    0x41, 0x80, 0x61, 0x80, 0x7f, 0x80, 0x1e, 0x00, 0xff, 0x80, 0xff, 0x80,
    0x0c, 0x00, 0x0c, 0x00, 0x0c, 0x00, 0x0c, 0x00, 0x0c, 0x00, 0x0c, 0x00,
    0x0c, 0x00, 0x0c, 0x00, 0x0c, 0x00, 0x60, 0xc0, 0x60, 0xc0, 0x60, 0xc0,
    0x60, 0xc0, 0x60, 0xc0, 0x60, 0xc0, 0x60, 0xc0, 0x61, 0xc0, 0x71, 0xc0,
    0x3f, 0x80, 0x1f, 0x00, 0x61, 0xc0, 0x61, 0x80, 0x61, 0x80, 0x33, 0x80,
    0x33, 0x00, 0x33, 0x00, 0x1a, 0x00, 0x1e, 0x00, 0x1e, 0x00, 0x0c, 0x00,
    0x0c, 0x00, 0xe3, 0x1c, 0x63, 0x9c, 0x67, 0x98, 0x67, 0x98, 0x66, 0x98,
    0x34, 0x90, 0x34, 0xf0, 0x3c, 0xf0, 0x1c, 0xf0, 0x1c, 0x60, 0x18, 0x60,
    0x61, 0x80, 0x73, 0x80, 0x33, 0x00, 0x1e, 0x00, 0x1e, 0x00, 0x0c, 0x00,
    0x1e, 0x00, 0x1f, 0x00, 0x33, 0x00, 0x73, 0x80, 0x61, 0x80, 0x61, 0x80,
    0x71, 0x80, 0x33, 0x00, 0x3b, 0x00, 0x1e, 0x00, 0x1e, 0x00, 0x0c, 0x00,
    0x0c, 0x00, 0x0c, 0x00, 0x0c, 0x00, 0x0c, 0x00, 0xff, 0x80, 0x7f, 0x80,
    0x03, 0x00, 0x06, 0x00, 0x0e, 0x00, 0x1c, 0x00, 0x38, 0x00, 0x30, 0x00,
    0x70, 0x00, 0xff, 0x80, 0xff, 0x80, 0x00, 0x00, 0x00, 0x00, 0x7f, 0xc0,
    0x3c, 0x7e, 0x66, 0x1e, 0x76, 0xe6, 0x7e, 0x73, 0x60, 0x00, 0x60, 0x00,
    0x60, 0x00, 0x6e, 0x00, 0x7f, 0x00, 0x63, 0x00, 0x63, 0x80, 0x63, 0x80,
    0x63, 0x00, 0x7f, 0x00, 0x6e, 0x00, 0x3c, 0x7e, 0x63, 0x60, 0x60, 0x63,
    0x7e, 0x3c, 0x03, 0x00, 0x03, 0x00, 0x03, 0x00, 0x3b, 0x00, 0x7f, 0x00,
    0x63, 0x00, 0x63, 0x00, 0xe3, 0x00, 0x63, 0x00, 0x7f, 0x00, 0x3b, 0x00,
    0x3c, 0x7e, 0x67, 0xff, 0xe0, 0x60, 0x7e, 0x3c, 0x38, 0x70, 0x60, 0xf8,
    0x70, 0x60, 0x60, 0x60, 0x60, 0x60, 0x60, 0x3b, 0x00, 0x7f, 0x00, 0x63,
    0x00, 0x63, 0x00, 0x63, 0x00, 0x63, 0x00, 0x7f, 0x00, 0x3b, 0x00, 0x03,
    0x00, 0x77, 0x00, 0x3e, 0x00, 0x60, 0x00, 0x60, 0x00, 0x60, 0x00, 0x6e,
    0x00, 0x7f, 0x00, 0x63, 0x00, 0x63, 0x00, 0x63, 0x00, 0x63, 0x00, 0x63,
    0x00, 0x63, 0x00, 0x60, 0x60, 0x00, 0x60, 0x60, 0x60, 0x60, 0x60, 0x60,
    0x60, 0x60, 0x60, 0x60, 0x00, 0x60, 0x60, 0x60, 0x60, 0x60, 0x60, 0x60,
    0x60, 0x60, 0xe0, 0xe0, 0x60, 0x00, 0x60, 0x00, 0x60, 0x00, 0x67, 0x00,
    0x6e, 0x00, 0x6c, 0x00, 0x7c, 0x00, 0x7c, 0x00, 0x6e, 0x00, 0x66, 0x00,
    0x67, 0x00, 0x60, 0x60, 0x60, 0x60, 0x60, 0x60, 0x60, 0x60, 0x60, 0x60,
    0x60, 0x6e, 0xe0, 0x7f, 0xf0, 0x67, 0x30, 0x63, 0x30, 0x63, 0x30, 0x63,
    0x30, 0x63, 0x30, 0x63, 0x30, 0x6e, 0x00, 0x7f, 0x00, 0x63, 0x00, 0x63,
    0x00, 0x63, 0x00, 0x63, 0x00, 0x63, 0x00, 0x63, 0x00, 0x1e, 0x00, 0x7f,
    0x00, 0x63, 0x00, 0x63, 0x00, 0x63, 0x00, 0x63, 0x00, 0x7f, 0x00, 0x3e,
    0x00, 0x6e, 0x00, 0x7f, 0x00, 0x63, 0x00, 0x63, 0x80, 0x63, 0x80, 0x63,
    0x00, 0x7f, 0x00, 0x6e, 0x00, 0x60, 0x00, 0x60, 0x00, 0x60, 0x00, 0x3b,
    0x00, 0x7f, 0x00, 0x63, 0x00, 0xe3, 0x00, 0xe3, 0x00, 0x63, 0x00, 0x7f,
    0x00, 0x3b, 0x00, 0x03, 0x00, 0x03, 0x00, 0x03, 0x00, 0x6c, 0x7c, 0x70,
    0x60, 0x60, 0x60, 0x60, 0x60, 0x3c, 0x7e, 0x62, 0x7c, 0x1e, 0x47, 0x7f,
    0x3e, 0x60, 0x60, 0xf0, 0x70, 0x60, 0x60, 0x60, 0x60, 0x70, 0x30, 0x63,
    0x00, 0x63, 0x00, 0x63, 0x00, 0x63, 0x00, 0x63, 0x00, 0x63, 0x00, 0x7f,
    0x00, 0x3b, 0x00, 0xe3, 0x00, 0x67, 0x00, 0x66, 0x00, 0x66, 0x00, 0x34,
    0x00, 0x3c, 0x00, 0x3c, 0x00, 0x18, 0x00, 0xc6, 0x60, 0xee, 0x60, 0x6e,
    0x60, 0x6f, 0x40, 0x6b, 0xc0, 0x3b, 0xc0, 0x39, 0xc0, 0x39, 0x80, 0x67,
    0x00, 0x76, 0x00, 0x3c, 0x00, 0x1c, 0x00, 0x1c, 0x00, 0x3c, 0x00, 0x76,
    0x00, 0x67, 0x00, 0xe3, 0x00, 0x67, 0x00, 0x66, 0x00, 0x66, 0x00, 0x36,
    0x00, 0x3c, 0x00, 0x3c, 0x00, 0x18, 0x00, 0x18, 0x00, 0x18, 0x00, 0x70,
    0x00, 0x00, 0x00, 0x7e, 0x7e, 0x0c, 0x18, 0x30, 0x70, 0xfe, 0xfe, 0x30,
    0x48, 0x48, 0x30, 0x00, 0x00, 0x00, 0x00, 0x00, 0x00, 0x00, 0x60, 0x60,
    0x00, 0x00, 0x00, 0x7f, 0xff, 0x00, 0x7f, 0xff, 0x00, 0x00, 0x00, 0x00,
    0x00, 0x00, 0x00, 0x00, 0x00, 0x00, 0x00, 0x20, 0x00, 0x30, 0x00, 0x18,
    0x00, 0x18, 0x3f, 0xf8, 0x00, 0x18, 0x00, 0x30, 0x00, 0x20,
};
static const watchy_font_glyph_t glyphs_heros_15_bold[] = {
    {32, 0, 0, 0, 0, 0, 4, 0},
    {33, 0, 0, 11, 5, 11, 5, 1},
    {35, 11, 0, 10, 9, 10, 8, 2},
    {36, 31, 0, 11, 8, 13, 8, 1},
    {37, 44, 0, 12, 13, 12, 13, 2},
    {43, 68, 0, 7, 9, 7, 9, 2},
    {45, 82, 0, 6, 5, 6, 5, 1},
    {46, 88, 0, 3, 4, 3, 4, 1},
    {47, 91, -1, 11, 6, 11, 4, 1},
    {48, 102, 0, 11, 8, 11, 8, 1},
    {49, 113, 0, 11, 8, 11, 8, 1},
    {50, 124, 0, 11, 8, 11, 8, 1},
    {51, 135, 0, 11, 8, 11, 8, 1},
    {52, 146, 0, 11, 8, 11, 8, 1},
    {53, 157, 0, 11, 8, 11, 8, 1},
    {54, 168, 0, 11, 8, 11, 8, 1},
    {55, 179, 0, 11, 8, 11, 8, 1},
    {56, 190, 0, 11, 8, 11, 8, 1},
    {57, 201, 0, 11, 8, 11, 8, 1},
    {58, 212, 0, 8, 5, 8, 5, 1},
    {63, 220, 0, 11, 9, 12, 9, 2},
    {65, 244, 0, 11, 11, 11, 11, 2},
    {66, 266, 0, 11, 11, 11, 11, 2},
    {67, 288, 0, 11, 11, 11, 11, 2},
    {68, 310, 0, 11, 11, 11, 11, 2},
    {69, 332, 0, 11, 10, 11, 10, 2},
    {70, 354, 0, 11, 9, 11, 9, 2},
    {71, 376, 0, 11, 12, 11, 12, 2},
    {72, 398, 0, 11, 11, 11, 11, 2},
    {73, 420, 0, 11, 4, 11, 4, 1},
    {74, 431, 0, 11, 8, 11, 8, 1},
    {75, 442, 0, 11, 11, 11, 11, 2},
    {76, 464, 0, 11, 9, 11, 9, 2},
    {77, 486, 0, 11, 13, 11, 13, 2},
    {78, 508, 0, 11, 11, 11, 11, 2},
    {79, 530, 0, 11, 12, 11, 12, 2},
    {80, 552, 0, 11, 10, 11, 10, 2},
    {81, 574, 0, 11, 12, 12, 12, 2},
    {82, 598, 0, 11, 11, 11, 11, 2},
    {83, 620, 0, 12, 10, 12, 10, 2},
    {84, 644, 0, 11, 9, 11, 9, 2},
    {85, 666, 0, 11, 11, 11, 11, 2},
    {86, 688, 0, 11, 10, 11, 10, 2},
    {87, 710, 0, 11, 14, 11, 14, 2},
    {88, 732, 0, 11, 10, 11, 10, 2},
    {89, 754, 0, 11, 10, 11, 10, 2},
    {90, 776, 0, 11, 9, 11, 9, 2},
    {95, 798, -1, 0, 10, 3, 8, 2},
    {97, 804, 0, 8, 8, 8, 8, 1},
    {98, 812, 0, 11, 9, 11, 9, 2},
    {99, 834, 0, 8, 8, 8, 8, 1},
    {100, 842, 0, 11, 9, 11, 9, 2},
    {101, 864, 0, 8, 8, 8, 8, 1},
    {102, 872, 0, 11, 5, 11, 5, 1},
    {103, 883, 0, 8, 9, 11, 9, 2},
    {104, 905, 0, 11, 9, 11, 9, 2},
    {105, 927, 0, 11, 4, 11, 4, 1},
    {106, 938, 0, 11, 4, 14, 4, 1},
    {107, 952, 0, 11, 9, 11, 8, 2},
    {108, 974, 0, 11, 4, 11, 4, 1},
    {109, 985, 0, 8, 13, 8, 13, 2},
    {110, 1001, 0, 8, 9, 8, 9, 2},
    {111, 1017, 0, 8, 9, 8, 9, 2},
    {112, 1033, 0, 8, 9, 11, 9, 2},
    {113, 1055, 0, 8, 9, 11, 9, 2},
    {114, 1077, 0, 8, 6, 8, 6, 1},
    {115, 1085, 0, 8, 8, 8, 8, 1},
    {116, 1093, 0, 10, 5, 10, 5, 1},
    {117, 1103, 0, 8, 9, 8, 9, 2},
    {118, 1119, 0, 8, 9, 8, 8, 2},
    {119, 1135, 0, 8, 12, 8, 12, 2},
    {120, 1151, 0, 8, 9, 8, 8, 2},
    {121, 1167, 0, 8, 9, 12, 8, 2},
    {122, 1191, 0, 8, 8, 8, 8, 1},
    {176, 1199, 0, 11, 6, 11, 6, 1},
    {183, 1210, 0, 5, 4, 5, 4, 1},
    {8212, 1215, -1, 5, 17, 5, 15, 3},
    {8594, 1230, 0, 8, 15, 8, 15, 2},
};
watchy_font_t watchy_font_heros_15_bold = {glyphs_heros_15_bold, bitmap_heros_15_bold, 78, 15, 17, -5, 22};

static const uint8_t bitmap_heros_17_bold[] = {
    0x30, 0x30, 0x30, 0x30, 0x30, 0x30, 0x30, 0x30, 0x00, 0x00, 0x30, 0x30,
    0x19, 0x00, 0x1b, 0x00, 0x13, 0x00, 0x7f, 0x80, 0x7f, 0x80, 0x32, 0x00,
    0x36, 0x00, 0xff, 0x00, 0xff, 0x80, 0x66, 0x00, 0x64, 0x00, 0x6c, 0x00,
    0x6c, 0x00, 0x08, 0x00, 0x3e, 0x00, 0x7f, 0x00, 0x6b, 0x80, 0x69, 0x00,
    0x78, 0x00, 0x3c, 0x00, 0x1f, 0x00, 0x0b, 0x80, 0x49, 0x80, 0x6b, 0x80,
    0x7f, 0x00, 0x3e, 0x00, 0x08, 0x00, 0x08, 0x00, 0x00, 0x00, 0x38, 0x20,
    0x7c, 0x60, 0xc6, 0x40, 0xc6, 0xc0, 0x7d, 0x80, 0x39, 0x80, 0x03, 0x38,
    0x03, 0x7c, 0x06, 0x46, 0x04, 0x46, 0x0c, 0x7c, 0x18, 0x38, 0x0c, 0x00,
    0x0c, 0x00, 0x0c, 0x00, 0x7f, 0x80, 0x7f, 0x80, 0x0c, 0x00, 0x0c, 0x00,
    0x0c, 0x00, 0xf8, 0xf8, 0x00, 0x00, 0x00, 0x00, 0x00, 0x70, 0x70, 0x0c,
    0x08, 0x08, 0x18, 0x18, 0x10, 0x30, 0x30, 0x20, 0x20, 0x60, 0x60, 0x1e,
    0x00, 0x3f, 0x00, 0x63, 0x00, 0x63, 0x80, 0x63, 0x80, 0x63, 0x80, 0x63,
    0x80, 0x63, 0x80, 0x63, 0x80, 0x73, 0x00, 0x3f, 0x00, 0x1e, 0x00, 0x04,
    0x00, 0x0c, 0x00, 0x7c, 0x00, 0x7c, 0x00, 0x0c, 0x00, 0x0c, 0x00, 0x0c,
    0x00, 0x0c, 0x00, 0x0c, 0x00, 0x0c, 0x00, 0x0c, 0x00, 0x0c, 0x00, 0x1e,
    0x00, 0x7f, 0x00, 0x73, 0x00, 0x63, 0x80, 0x03, 0x80, 0x03, 0x00, 0x06,
    0x00, 0x1c, 0x00, 0x38, 0x00, 0x70, 0x00, 0x7f, 0x80, 0x7f, 0x80, 0x3e,
    0x00, 0x7f, 0x00, 0x63, 0x00, 0x63, 0x00, 0x03, 0x00, 0x0e, 0x00, 0x0f,
    0x00, 0x03, 0x80, 0x63, 0x80, 0x73, 0x00, 0x7f, 0x00, 0x3e, 0x00, 0x0f,
    0x00, 0x0f, 0x00, 0x1f, 0x00, 0x17, 0x00, 0x37, 0x00, 0x67, 0x00, 0x47,
    0x00, 0xff, 0x80, 0xff, 0x80, 0x07, 0x00, 0x07, 0x00, 0x07, 0x00, 0x3f,
    0x00, 0x3f, 0x00, 0x60, 0x00, 0x60, 0x00, 0x7e, 0x00, 0x7f, 0x00, 0x63,
    0x80, 0x03, 0x80, 0x03, 0x80, 0x63, 0x00, 0x7f, 0x00, 0x3e, 0x00, 0x1e,
    0x00, 0x3f, 0x00, 0x73, 0x00, 0x60, 0x00, 0x6e, 0x00, 0x7f, 0x00, 0x73,
    0x80, 0x63, 0x80, 0x63, 0x80, 0x73, 0x00, 0x3f, 0x00, 0x1e, 0x00, 0xff,
    0x80, 0xff, 0x80, 0x03, 0x80, 0x07, 0x00, 0x06, 0x00, 0x0e, 0x00, 0x0c,
    0x00, 0x1c, 0x00, 0x18, 0x00, 0x18, 0x00, 0x38, 0x00, 0x38, 0x00, 0x1e,
    0x00, 0x7f, 0x00, 0x63, 0x00, 0x63, 0x00, 0x63, 0x00, 0x3e, 0x00, 0x7f,
    0x00, 0x63, 0x80, 0xe3, 0x80, 0x63, 0x80, 0x7f, 0x00, 0x3e, 0x00, 0x1c,
    0x00, 0x7f, 0x00, 0x63, 0x00, 0x63, 0x80, 0x63, 0x80, 0x63, 0x80, 0x7f,
    0x80, 0x3f, 0x80, 0x03, 0x00, 0x63, 0x00, 0x7e, 0x00, 0x3c, 0x00, 0x30,
    0x30, 0x00, 0x00, 0x00, 0x00, 0x00, 0x30, 0x30, 0x1e, 0x00, 0x3f, 0x00,
    0x73, 0x80, 0x61, 0x80, 0x01, 0x80, 0x03, 0x80, 0x07, 0x00, 0x0e, 0x00,
    0x0c, 0x00, 0x00, 0x00, 0x00, 0x00, 0x0c, 0x00, 0x0c, 0x00, 0x07, 0x00,
    0x0f, 0x00, 0x0f, 0x00, 0x0f, 0x80, 0x1d, 0x80, 0x19, 0x80, 0x19, 0xc0,
    0x38, 0xc0, 0x3f, 0xc0, 0x3f, 0xe0, 0x70, 0x60, 0x60, 0x60, 0x60, 0x70,
    0x7f, 0x80, 0x7f, 0xc0, 0x70, 0xe0, 0x70, 0xe0, 0x70, 0xe0, 0x7f, 0xc0,
    0x7f, 0xc0, 0x70, 0xe0, 0x70, 0x60, 0x70, 0x60, 0x70, 0xe0, 0x7f, 0xc0,
    0x7f, 0x80, 0x0f, 0x80, 0x1f, 0xc0, 0x38, 0xe0, 0x70, 0x60, 0x70, 0x00,
    0x60, 0x00, 0x60, 0x00, 0x60, 0x00, 0x70, 0x00, 0x70, 0x60, 0x38, 0xe0,
    0x1f, 0xc0, 0x0f, 0x80, 0x7f, 0x80, 0x7f, 0xc0, 0x71, 0xe0, 0x70, 0xe0,
    0x70, 0x60, 0x70, 0x60, 0x70, 0x70, 0x70, 0x60, 0x70, 0x60, 0x70, 0xe0,
    0x71, 0xe0, 0x7f, 0xc0, 0x7f, 0x80, 0x7f, 0xc0, 0x7f, 0xc0, 0x70, 0x00,
    0x70, 0x00, 0x70, 0x00, 0x7f, 0xc0, 0x7f, 0xc0, 0x70, 0x00, 0x70, 0x00,
    0x70, 0x00, 0x70, 0x00, 0x7f, 0xe0, 0x7f, 0xe0, 0x7f, 0xc0, 0x7f, 0xc0,
    0x70, 0x00, 0x70, 0x00, 0x70, 0x00, 0x7f, 0x80, 0x7f, 0x80, 0x70, 0x00,
    0x70, 0x00, 0x70, 0x00, 0x70, 0x00, 0x70, 0x00, 0x70, 0x00, 0x0f, 0x80,
    0x1f, 0xe0, 0x38, 0xe0, 0x70, 0x70, 0x70, 0x00, 0x60, 0x00, 0x61, 0xf0,
    0x61, 0xf0, 0x70, 0x30, 0x70, 0x70, 0x3c, 0xf0, 0x1f, 0xf0, 0x0f, 0x90,
    0x70, 0x60, 0x70, 0x60, 0x70, 0x60, 0x70, 0x60, 0x70, 0x60, 0x7f, 0xe0,
    0x7f, 0xe0, 0x70, 0x60, 0x70, 0x60, 0x70, 0x60, 0x70, 0x60, 0x70, 0x60,
    0x70, 0x60, 0x70, 0x70, 0x70, 0x70, 0x70, 0x70, 0x70, 0x70, 0x70, 0x70,
    0x70, 0x70, 0x70, 0x03, 0x00, 0x03, 0x00, 0x03, 0x00, 0x03, 0x00, 0x03,
    0x00, 0x03, 0x00, 0x03, 0x00, 0x03, 0x00, 0xe3, 0x00, 0xe3, 0x00, 0x77,
    0x00, 0x7f, 0x00, 0x3c, 0x00, 0x70, 0xe0, 0x71, 0xc0, 0x71, 0x80, 0x73,
    0x80, 0x77, 0x00, 0x7e, 0x00, 0x7e, 0x00, 0x7f, 0x00, 0x73, 0x80, 0x71,
    0xc0, 0x71, 0xc0, 0x70, 0xe0, 0x70, 0x70, 0x70, 0x00, 0x70, 0x00, 0x70,
    0x00, 0x70, 0x00, 0x70, 0x00, 0x70, 0x00, 0x70, 0x00, 0x70, 0x00, 0x70,
    0x00, 0x70, 0x00, 0x70, 0x00, 0x7f, 0xc0, 0x7f, 0xc0, 0x78, 0x78, 0x78,
    0x78, 0x78, 0x78, 0x7c, 0x78, 0x7c, 0xf8, 0x7c, 0xd8, 0x7c, 0xd8, 0x76,
    0xd8, 0x76, 0x98, 0x77, 0x98, 0x77, 0x98, 0x73, 0x98, 0x73, 0x98, 0x70,
    0x60, 0x78, 0x60, 0x78, 0x60, 0x7c, 0x60, 0x7c, 0x60, 0x76, 0x60, 0x76,
    0x60, 0x73, 0x60, 0x73, 0xe0, 0x71, 0xe0, 0x71, 0xe0, 0x70, 0xe0, 0x70,
    0xe0, 0x0f, 0x80, 0x1f, 0xc0, 0x38, 0xe0, 0x70, 0x70, 0x70, 0x30, 0x60,
    0x30, 0x60, 0x38, 0x60, 0x30, 0x70, 0x30, 0x70, 0x70, 0x38, 0xe0, 0x1f,
    0xe0, 0x0f, 0x80, 0x7f, 0x80, 0x7f, 0xc0, 0x71, 0xe0, 0x70, 0xe0, 0x70,
    0xe0, 0x70, 0xc0, 0x7f, 0xc0, 0x7f, 0x80, 0x70, 0x00, 0x70, 0x00, 0x70,
    0x00, 0x70, 0x00, 0x70, 0x00, 0x0f, 0x80, 0x1f, 0xe0, 0x38, 0xe0, 0x70,
    0x70, 0x70, 0x30, 0x60, 0x30, 0x60, 0x38, 0x60, 0x30, 0x70, 0xb0, 0x71,
    0xf0, 0x38, 0xe0, 0x1f, 0xf0, 0x0f, 0xb0, 0x00, 0x10, 0x7f, 0xc0, 0x7f,
    0xe0, 0x70, 0xe0, 0x70, 0x60, 0x70, 0x60, 0x70, 0xe0, 0x7f, 0xc0, 0x7f,
    0xc0, 0x70, 0xe0, 0x70, 0xe0, 0x70, 0xe0, 0x70, 0xe0, 0x70, 0x60, 0x1f,
    0x00, 0x3f, 0x80, 0x71, 0xc0, 0x60, 0xc0, 0x70, 0x00, 0x7e, 0x00, 0x3f,
    0xc0, 0x07, 0xc0, 0x00, 0xe0, 0x60, 0xe0, 0x70, 0xc0, 0x3f, 0xc0, 0x1f,
    0x00, 0xff, 0xc0, 0xff, 0xc0, 0x0e, 0x00, 0x0e, 0x00, 0x0e, 0x00, 0x0e,
    0x00, 0x0e, 0x00, 0x0e, 0x00, 0x0e, 0x00, 0x0e, 0x00, 0x0e, 0x00, 0x0e,
    0x00, 0x0e, 0x00, 0x70, 0x60, 0x70, 0x60, 0x70, 0x60, 0x70, 0x60, 0x70,
    0x60, 0x70, 0x60, 0x70, 0x60, 0x70, 0x60, 0x70, 0x60, 0x70, 0xe0, 0x38,
    0xe0, 0x3f, 0xc0, 0x0f, 0x80, 0x60, 0xe0, 0x60, 0xc0, 0x70, 0xc0, 0x31,
    0xc0, 0x31, 0xc0, 0x39, 0x80, 0x39, 0x80, 0x1b, 0x80, 0x1b, 0x00, 0x1f,
    0x00, 0x0f, 0x00, 0x0e, 0x00, 0x0e, 0x00, 0xe1, 0x87, 0x63, 0xc6, 0x63,
    0xc6, 0x73, 0xce, 0x73, 0xce, 0x33, 0x4c, 0x36, 0x6c, 0x36, 0x6c, 0x1e,
    0x7c, 0x1e, 0x78, 0x1e, 0x38, 0x1c, 0x38, 0x0c, 0x38, 0x70, 0xe0, 0x71,
    0xc0, 0x39, 0x80, 0x1b, 0x80, 0x1f, 0x00, 0x0f, 0x00, 0x0e, 0x00, 0x0f,
    0x00, 0x1f, 0x00, 0x3b, 0x80, 0x39, 0xc0, 0x71, 0xc0, 0x70, 0xe0, 0x70,
    0xe0, 0x70, 0xc0, 0x31, 0xc0, 0x39, 0x80, 0x1b, 0x80, 0x1f, 0x00, 0x0f,
    0x00, 0x0e, 0x00, 0x06, 0x00, 0x06, 0x00, 0x06, 0x00, 0x06, 0x00, 0x06,
    0x00, 0x7f, 0xc0, 0x7f, 0xc0, 0x03, 0xc0, 0x03, 0x80, 0x07, 0x00, 0x0e,
    0x00, 0x0e, 0x00, 0x1c, 0x00, 0x38, 0x00, 0x30, 0x00, 0x70, 0x00, 0x7f,
    0xc0, 0x7f, 0xc0, 0x00, 0x00, 0x00, 0x00, 0x7f, 0xe0, 0x00, 0x00, 0x3e,
    0x00, 0x7f, 0x00, 0x63, 0x00, 0x03, 0x00, 0x3f, 0x00, 0x7b, 0x00, 0x63,
    0x00, 0x67, 0x00, 0x7f, 0x00, 0x3b, 0x80, 0x60, 0x00, 0x60, 0x00, 0x60,
    0x00, 0x6f, 0x00, 0x7f, 0x80, 0x73, 0x80, 0x71, 0xc0, 0x61, 0xc0, 0x61,
    0xc0, 0x71, 0xc0, 0x73, 0x80, 0x7f, 0x80, 0x6f, 0x00, 0x1e, 0x00, 0x3f,
    0x00, 0x73, 0x80, 0x61, 0x80, 0x60, 0x00, 0x60, 0x00, 0x60, 0x00, 0x73,
    0x80, 0x3f, 0x00, 0x1e, 0x00, 0x01, 0x80, 0x01, 0x80, 0x01, 0x80, 0x1d,
    0x80, 0x3f, 0x80, 0x73, 0x80, 0x61, 0x80, 0x61, 0x80, 0x61, 0x80, 0x61,
    0x80, 0x73, 0x80, 0x3f, 0x80, 0x1d, 0x80, 0x1e, 0x00, 0x7f, 0x00, 0x63,
    0x00, 0x63, 0x80, 0xff, 0x80, 0xff, 0x80, 0x60, 0x00, 0x63, 0x80, 0x7f,
    0x00, 0x1e, 0x00, 0x38, 0x38, 0x30, 0x78, 0xf8, 0x30, 0x30, 0x30, 0x30,
    0x30, 0x30, 0x30, 0x30, 0x1d, 0x80, 0x3f, 0x80, 0x73, 0x80, 0x61, 0x80,
    0x61, 0x80, 0x61, 0x80, 0x61, 0x80, 0x73, 0x80, 0x3f, 0x80, 0x1d, 0x80,
    0x01, 0x80, 0x73, 0x80, 0x3f, 0x00, 0x00, 0x00, 0x70, 0x00, 0x70, 0x00,
    0x70, 0x00, 0x77, 0x00, 0x7f, 0x80, 0x73, 0x80, 0x71, 0x80, 0x71, 0x80,
    0x71, 0x80, 0x71, 0x80, 0x71, 0x80, 0x71, 0x80, 0x71, 0x80, 0x70, 0x70,
    0x00, 0x70, 0x70, 0x70, 0x70, 0x70, 0x70, 0x70, 0x70, 0x70, 0x70, 0x70,
    0x70, 0x00, 0x70, 0x70, 0x70, 0x70, 0x70, 0x70, 0x70, 0x70, 0x70, 0x70,
    0x70, 0x70, 0xe0, 0xe0, 0x60, 0x00, 0x60, 0x00, 0x60, 0x00, 0x63, 0x80,
    0x67, 0x00, 0x6e, 0x00, 0x7c, 0x00, 0x7c, 0x00, 0x7e, 0x00, 0x76, 0x00,
    0x67, 0x00, 0x63, 0x00, 0x63, 0x80, 0x70, 0x70, 0x70, 0x70, 0x70, 0x70,
    0x70, 0x70, 0x70, 0x70, 0x70, 0x70, 0x70, 0x6e, 0x78, 0x7f, 0xfc, 0x73,
    0x9c, 0x73, 0x8c, 0x63, 0x8c, 0x63, 0x8c, 0x63, 0x8c, 0x63, 0x8c, 0x63,
    0x8c, 0x63, 0x8c, 0x67, 0x00, 0x7f, 0x80, 0x73, 0x80, 0x71, 0x80, 0x61,
    0x80, 0x61, 0x80, 0x61, 0x80, 0x61, 0x80, 0x61, 0x80, 0x61, 0x80, 0x1e,
    0x00, 0x3f, 0x80, 0x73, 0x80, 0x61, 0x80, 0x61, 0xc0, 0x61, 0xc0, 0x61,
    0x80, 0x73, 0x80, 0x3f, 0x80, 0x1e, 0x00, 0x6f, 0x00, 0x7f, 0x80, 0x73,
    0x80, 0x71, 0xc0, 0x61, 0xc0, 0x61, 0xc0, 0x71, 0xc0, 0x73, 0x80, 0x7f,
    0x80, 0x6f, 0x00, 0x60, 0x00, 0x60, 0x00, 0x60, 0x00, 0x60, 0x00, 0x1d,
    0x80, 0x3f, 0x80, 0x73, 0x80, 0x61, 0x80, 0x61, 0x80, 0x61, 0x80, 0x61,
    0x80, 0x73, 0x80, 0x7f, 0x80, 0x1d, 0x80, 0x01, 0x80, 0x01, 0x80, 0x01,
    0x80, 0x01, 0x80, 0x64, 0x7c, 0x70, 0x70, 0x60, 0x60, 0x60, 0x60, 0x60,
    0x60, 0x3e, 0x00, 0x7f, 0x00, 0x63, 0x00, 0x70, 0x00, 0x7e, 0x00, 0x3f,
    0x00, 0x07, 0x80, 0x63, 0x80, 0x7f, 0x00, 0x3e, 0x00, 0x70, 0x70, 0x70,
    0xf8, 0x78, 0x70, 0x70, 0x70, 0x70, 0x70, 0x78, 0x38, 0x61, 0x80, 0x61,
    0x80, 0x61, 0x80, 0x61, 0x80, 0x61, 0x80, 0x61, 0x80, 0x61, 0x80, 0x73,
    0x80, 0x7f, 0x80, 0x3d, 0x80, 0xe3, 0x80, 0x63, 0x80, 0x63, 0x00, 0x73,
    0x00, 0x37, 0x00, 0x36, 0x00, 0x3e, 0x00, 0x1e, 0x00, 0x1c, 0x00, 0x1c,
    0x00, 0xe7, 0x38, 0xe7, 0x38, 0x67, 0x30, 0x67, 0x30, 0x6d, 0xb0, 0x7d,
    0xf0, 0x3d, 0xe0, 0x3d, 0xe0, 0x38, 0xe0, 0x18, 0xe0, 0x63, 0x80, 0x77,
    0x00, 0x3f, 0x00, 0x3e, 0x00, 0x1c, 0x00, 0x1c, 0x00, 0x3e, 0x00, 0x37,
    0x00, 0x77, 0x00, 0x63, 0x80, 0xe1, 0x80, 0x63, 0x80, 0x63, 0x00, 0x73,
    0x00, 0x37, 0x00, 0x36, 0x00, 0x3e, 0x00, 0x1e, 0x00, 0x1c, 0x00, 0x1c,
    0x00, 0x1c, 0x00, 0x18, 0x00, 0x78, 0x00, 0x30, 0x00, 0x7f, 0x00, 0x7f,
    0x00, 0x0e, 0x00, 0x0e, 0x00, 0x1c, 0x00, 0x38, 0x00, 0x30, 0x00, 0x70,
    0x00, 0xff, 0x00, 0xff, 0x00, 0x38, 0x4c, 0x44, 0x4c, 0x38, 0x00, 0x00,
    0x00, 0x00, 0x00, 0x00, 0x00, 0x00, 0x60, 0x20, 0x00, 0x00, 0x00, 0x7f,
    0xff, 0xc0, 0x7f, 0xff, 0xc0, 0x00, 0x00, 0x00, 0x00, 0x00, 0x00, 0x00,
    0x00, 0x00, 0x00, 0x08, 0x00, 0x00, 0x18, 0x00, 0x00, 0x0c, 0x00, 0x00,
    0x0e, 0x00, 0x3f, 0xfe, 0x00, 0x3f, 0xfe, 0x00, 0x00, 0x0c, 0x00, 0x00,
    0x0c, 0x00, 0x00, 0x08, 0x00,
};
static const watchy_font_glyph_t glyphs_heros_17_bold[] = {
    {32, 0, 0, 0, 0, 0, 5, 0},
    {33, 0, 0, 12, 6, 12, 6, 1},
    {35, 12, 0, 12, 10, 13, 9, 2},
    {36, 38, 0, 13, 9, 15, 9, 2},
    {37, 68, 0, 13, 15, 13, 15, 2},
    {43, 94, 0, 8, 10, 8, 10, 2},
    {45, 110, 0, 6, 6, 6, 6, 1},
    {46, 116, 0, 3, 5, 3, 5, 1},
    {47, 119, -1, 12, 6, 12, 5, 1},
    {48, 131, 0, 12, 9, 12, 9, 2},
    {49, 155, 0, 12, 9, 12, 9, 2},
    {50, 179, 0, 12, 9, 12, 9, 2},
    {51, 203, 0, 12, 9, 12, 9, 2},
    {52, 227, 0, 12, 9, 12, 9, 2},
    {53, 251, 0, 12, 9, 12, 9, 2},
    {54, 275, 0, 12, 9, 12, 9, 2},
    {55, 299, 0, 12, 9, 12, 9, 2},
    {56, 323, 0, 12, 9, 12, 9, 2},
    {57, 347, 0, 12, 9, 12, 9, 2},
    {58, 371, 0, 9, 6, 9, 6, 1},
    {63, 380, 0, 13, 10, 13, 10, 2},
    {65, 406, 0, 13, 12, 13, 12, 2},
    {66, 432, 0, 13, 12, 13, 12, 2},
    {67, 458, 0, 13, 12, 13, 12, 2},
    {68, 484, 0, 13, 12, 13, 12, 2},
    {69, 510, 0, 13, 11, 13, 11, 2},
    {70, 536, 0, 13, 10, 13, 10, 2},
    {71, 562, 0, 13, 13, 13, 13, 2},
    {72, 588, 0, 13, 12, 13, 12, 2},
    {73, 614, 0, 13, 5, 13, 5, 1},
    {74, 627, 0, 13, 9, 13, 9, 2},
    {75, 653, 0, 13, 13, 13, 12, 2},
    {76, 679, 0, 13, 10, 13, 10, 2},
    {77, 705, 0, 13, 14, 13, 14, 2},
    {78, 731, 0, 13, 12, 13, 12, 2},
    {79, 757, 0, 13, 13, 13, 13, 2},
    {80, 783, 0, 13, 11, 13, 11, 2},
    {81, 809, 0, 13, 13, 14, 13, 2},
    {82, 837, 0, 13, 12, 13, 12, 2},
    {83, 863, 0, 13, 11, 13, 11, 2},
    {84, 889, 0, 13, 11, 13, 10, 2},
    {85, 915, 0, 13, 12, 13, 12, 2},
    {86, 941, 0, 13, 11, 13, 11, 2},
    {87, 967, 0, 13, 16, 13, 16, 2},
    {88, 993, 0, 13, 12, 13, 11, 2},
    {89, 1019, 0, 13, 12, 13, 11, 2},
    {90, 1045, 0, 13, 10, 13, 10, 2},
    {95, 1071, -1, 0, 11, 4, 9, 2},
    {97, 1079, 0, 10, 9, 10, 9, 2},
    {98, 1099, 0, 13, 10, 13, 10, 2},
    {99, 1125, 0, 10, 9, 10, 9, 2},
    {100, 1145, 0, 13, 10, 13, 10, 2},
    {101, 1171, 0, 10, 9, 10, 9, 2},
    {102, 1191, 0, 13, 6, 13, 6, 1},
    {103, 1204, 0, 10, 10, 14, 10, 2},
    {104, 1232, 0, 13, 10, 13, 10, 2},
    {105, 1258, 0, 13, 5, 13, 5, 1},
    {106, 1271, 0, 13, 5, 17, 5, 1},
    {107, 1288, 0, 13, 10, 13, 9, 2},
    {108, 1314, 0, 13, 5, 13, 5, 1},
    {109, 1327, 0, 10, 15, 10, 15, 2},
    {110, 1347, 0, 10, 10, 10, 10, 2},
    {111, 1367, 0, 10, 10, 10, 10, 2},
    {112, 1387, 0, 10, 10, 14, 10, 2},
    {113, 1415, 0, 10, 10, 14, 10, 2},
    {114, 1443, 0, 10, 7, 10, 7, 1},
    {115, 1453, 0, 10, 9, 10, 9, 2},
    {116, 1473, 0, 12, 6, 12, 6, 1},
    {117, 1485, 0, 10, 10, 10, 10, 2},
    {118, 1505, 0, 10, 10, 10, 9, 2},
    {119, 1525, 0, 10, 14, 10, 13, 2},
    {120, 1545, 0, 10, 10, 10, 9, 2},
    {121, 1565, 0, 10, 10, 14, 9, 2},
    {122, 1593, 0, 10, 9, 10, 9, 2},
    {176, 1613, 0, 12, 7, 12, 7, 1},
    {183, 1625, 0, 6, 5, 6, 5, 1},
    {8212, 1631, -1, 5, 19, 5, 17, 3},
    {8594, 1646, 0, 9, 17, 9, 17, 3},
};
watchy_font_t watchy_font_heros_17_bold = {glyphs_heros_17_bold, bitmap_heros_17_bold, 78, 17, 20, -6, 26};

static const uint8_t bitmap_heros_20_bold[] = {
    0x38, 0x38, 0x38, 0x38, 0x38, 0x38, 0x38, 0x30, 0x30, 0x30, 0x10, 0x00,
    0x38, 0x38, 0x38, 0x0c, 0xc0, 0x1c, 0xc0, 0x19, 0xc0, 0x19, 0x80, 0x7f,
    0xe0, 0x7f, 0xe0, 0x39, 0x80, 0x33, 0x80, 0x33, 0x00, 0xff, 0xc0, 0xff,
    0xc0, 0x73, 0x00, 0x67, 0x00, 0x66, 0x00, 0x66, 0x00, 0x04, 0x00, 0x1f,
    0x00, 0x3f, 0x80, 0x7d, 0xc0, 0x64, 0xc0, 0x64, 0x00, 0x74, 0x00, 0x3e,
    0x00, 0x1f, 0x80, 0x07, 0xc0, 0x05, 0xc0, 0x64, 0xe0, 0x64, 0xc0, 0x7f,
    0xc0, 0x3f, 0x80, 0x1f, 0x00, 0x04, 0x00, 0x04, 0x00, 0x00, 0x00, 0x00,
    0x3c, 0x18, 0x00, 0x7e, 0x18, 0x00, 0x67, 0x30, 0x00, 0xe3, 0x30, 0x00,
    0x67, 0x60, 0x00, 0x7e, 0x60, 0x00, 0x3c, 0xc0, 0x00, 0x01, 0xce, 0x00,
    0x01, 0x9f, 0x00, 0x03, 0x39, 0x80, 0x03, 0x31, 0x80, 0x06, 0x31, 0x80,
    0x06, 0x1f, 0x00, 0x0c, 0x0e, 0x00, 0x06, 0x00, 0x06, 0x00, 0x06, 0x00,
    0x06, 0x00, 0x7f, 0xc0, 0x7f, 0xc0, 0x06, 0x00, 0x06, 0x00, 0x06, 0x00,
    0x06, 0x00, 0x7c, 0x7c, 0x7c, 0x00, 0x00, 0x00, 0x00, 0x70, 0x70, 0x70,
    0x06, 0x0c, 0x0c, 0x0c, 0x08, 0x18, 0x18, 0x18, 0x30, 0x30, 0x30, 0x60,
    0x60, 0x60, 0x1f, 0x00, 0x3f, 0x80, 0x7b, 0xc0, 0x71, 0xc0, 0x71, 0xc0,
    0x61, 0xc0, 0x60, 0xc0, 0x60, 0xc0, 0x61, 0xc0, 0x71, 0xc0, 0x71, 0xc0,
    0x7b, 0xc0, 0x3f, 0x80, 0x1f, 0x00, 0x07, 0x00, 0x0f, 0x00, 0x7f, 0x00,
    0x7f, 0x00, 0x07, 0x00, 0x07, 0x00, 0x07, 0x00, 0x07, 0x00, 0x07, 0x00,
    0x07, 0x00, 0x07, 0x00, 0x07, 0x00, 0x07, 0x00, 0x07, 0x00, 0x1f, 0x00,
    0x3f, 0x80, 0x7b, 0xc0, 0x71, 0xc0, 0x61, 0xc0, 0x01, 0xc0, 0x01, 0xc0,
    0x07, 0x80, 0x0f, 0x00, 0x1c, 0x00, 0x38, 0x00, 0x78, 0x00, 0x7f, 0xc0,
    0x7f, 0xc0, 0x1f, 0x00, 0x3f, 0x80, 0x73, 0xc0, 0x71, 0xc0, 0x61, 0xc0,
    0x03, 0x80, 0x0f, 0x00, 0x0f, 0x80, 0x01, 0xc0, 0x61, 0xc0, 0x71, 0xc0,
    0x7b, 0xc0, 0x3f, 0x80, 0x1f, 0x00, 0x07, 0x80, 0x07, 0x80, 0x0f, 0x80,
    0x0f, 0x80, 0x1b, 0x80, 0x33, 0x80, 0x33, 0x80, 0x63, 0x80, 0x63, 0x80,
    0xff, 0xc0, 0xff, 0xc0, 0x03, 0x80, 0x03, 0x80, 0x03, 0x80, 0x3f, 0xc0,
    0x3f, 0xc0, 0x3f, 0x80, 0x30, 0x00, 0x70, 0x00, 0x7f, 0x00, 0x7f, 0x80,
    0x71, 0xc0, 0x01, 0xc0, 0x01, 0xc0, 0x61, 0xc0, 0x7b, 0xc0, 0x3f, 0x80,
    0x1f, 0x00, 0x0f, 0x00, 0x3f, 0x80, 0x39, 0xc0, 0x70, 0x00, 0x70, 0x00,
    0x7f, 0x00, 0x7f, 0xc0, 0x71, 0xc0, 0x70, 0xc0, 0x60, 0xc0, 0x71, 0xc0,
    0x7b, 0xc0, 0x3f, 0x80, 0x1f, 0x00, 0x7f, 0xe0, 0x7f, 0xe0, 0x7f, 0xc0,
    0x01, 0xc0, 0x03, 0x80, 0x07, 0x00, 0x07, 0x00, 0x0e, 0x00, 0x0e, 0x00,
    0x0c, 0x00, 0x1c, 0x00, 0x1c, 0x00, 0x1c, 0x00, 0x1c, 0x00, 0x1f, 0x00,
    0x3f, 0x80, 0x7b, 0xc0, 0x71, 0xc0, 0x60, 0xc0, 0x71, 0xc0, 0x3f, 0x80,
    0x3f, 0x80, 0x71, 0xc0, 0xe0, 0xc0, 0x61, 0xc0, 0x7b, 0xc0, 0x3f, 0x80,
    0x1f, 0x00, 0x1e, 0x00, 0x3f, 0x80, 0x73, 0x80, 0x61, 0xc0, 0x61, 0xc0,
    0x61, 0xc0, 0x71, 0xc0, 0x7f, 0xc0, 0x3f, 0xc0, 0x01, 0xc0, 0x61, 0xc0,
    0x7b, 0x80, 0x3f, 0x80, 0x1e, 0x00, 0x38, 0x38, 0x38, 0x00, 0x00, 0x00,
    0x00, 0x38, 0x38, 0x38, 0x0f, 0x00, 0x3f, 0xc0, 0x3d, 0xc0, 0x70, 0xe0,
    0x70, 0xe0, 0x00, 0xe0, 0x01, 0xe0, 0x03, 0xc0, 0x07, 0x80, 0x07, 0x00,
    0x06, 0x00, 0x00, 0x00, 0x07, 0x00, 0x07, 0x00, 0x07, 0x00, 0x03, 0x80,
    0x07, 0xc0, 0x07, 0xc0, 0x0f, 0xc0, 0x0e, 0xe0, 0x0e, 0xe0, 0x1c, 0xe0,
    0x1c, 0x70, 0x1c, 0x70, 0x3c, 0x70, 0x3f, 0xf8, 0x3f, 0xf8, 0x70, 0x38,
    0x70, 0x3c, 0x70, 0x1c, 0x3f, 0xc0, 0x3f, 0xf0, 0x3f, 0xf8, 0x38, 0x38,
    0x38, 0x38, 0x38, 0x70, 0x3f, 0xf0, 0x3f, 0xf0, 0x3f, 0xf8, 0x38, 0x38,
    0x38, 0x38, 0x38, 0x38, 0x38, 0xf8, 0x3f, 0xf0, 0x3f, 0xc0, 0x07, 0xc0,
    0x1f, 0xf0, 0x3f, 0xf8, 0x38, 0x38, 0x78, 0x18, 0x70, 0x00, 0x70, 0x00,
    0x70, 0x00, 0x70, 0x00, 0x70, 0x00, 0x78, 0x1c, 0x38, 0x38, 0x3f, 0xf8,
    0x1f, 0xf0, 0x07, 0xc0, 0x3f, 0xc0, 0x3f, 0xf0, 0x3f, 0xf0, 0x38, 0x78,
    0x38, 0x38, 0x38, 0x38, 0x38, 0x18, 0x38, 0x1c, 0x38, 0x18, 0x38, 0x38,
    0x38, 0x38, 0x38, 0x78, 0x39, 0xf0, 0x3f, 0xf0, 0x3f, 0xc0, 0x3f, 0xf0,
    0x3f, 0xf0, 0x3f, 0xf0, 0x38, 0x00, 0x38, 0x00, 0x38, 0x00, 0x3f, 0xf0,
    0x3f, 0xf0, 0x3f, 0xe0, 0x38, 0x00, 0x38, 0x00, 0x38, 0x00, 0x38, 0x00,
    0x3f, 0xf0, 0x3f, 0xf0, 0x7f, 0xf0, 0x7f, 0xf0, 0x7f, 0xe0, 0x70, 0x00,
    0x70, 0x00, 0x70, 0x00, 0x7f, 0xe0, 0x7f, 0xe0, 0x7f, 0xc0, 0x70, 0x00,
    0x70, 0x00, 0x70, 0x00, 0x70, 0x00, 0x70, 0x00, 0x70, 0x00, 0x07, 0xe0,
    0x0f, 0xf0, 0x1f, 0xf8, 0x38, 0x3c, 0x78, 0x1c, 0x70, 0x00, 0x70, 0x00,
    0x70, 0xfc, 0x70, 0xfc, 0x70, 0x7c, 0x78, 0x1c, 0x3c, 0x1c, 0x1f, 0xfc,
    0x0f, 0xec, 0x07, 0xc4, 0x70, 0x38, 0x70, 0x38, 0x70, 0x38, 0x70, 0x38,
    0x70, 0x38, 0x78, 0x38, 0x7f, 0xf8, 0x7f, 0xf8, 0x70, 0x38, 0x70, 0x38,
    0x70, 0x38, 0x70, 0x38, 0x70, 0x38, 0x70, 0x38, 0x70, 0x38, 0x70, 0x70,
    0x70, 0x70, 0x70, 0x70, 0x70, 0x70, 0x70, 0x70, 0x70, 0x70, 0x70, 0x70,
    0x70, 0x01, 0xc0, 0x01, 0xc0, 0x01, 0xc0, 0x01, 0xc0, 0x01, 0xc0, 0x01,
    0xc0, 0x01, 0xc0, 0x01, 0xc0, 0x01, 0xc0, 0x61, 0xc0, 0xe1, 0xc0, 0x73,
    0xc0, 0x7f, 0x80, 0x7f, 0x80, 0x1e, 0x00, 0x70, 0x38, 0x70, 0x70, 0x70,
    0xe0, 0x71, 0xe0, 0x73, 0xc0, 0x77, 0x80, 0x7f, 0x00, 0x7f, 0x80, 0x7f,
    0x80, 0x79, 0xc0, 0x71, 0xe0, 0x70, 0xf0, 0x70, 0x70, 0x70, 0x38, 0x70,
    0x3c, 0x38, 0x00, 0x38, 0x00, 0x38, 0x00, 0x38, 0x00, 0x38, 0x00, 0x38,
    0x00, 0x38, 0x00, 0x38, 0x00, 0x38, 0x00, 0x38, 0x00, 0x38, 0x00, 0x38,
    0x00, 0x38, 0x00, 0x3f, 0xf0, 0x3f, 0xf0, 0x7c, 0x1f, 0x00, 0x7c, 0x1f,
    0x00, 0x7c, 0x3f, 0x00, 0x7e, 0x3f, 0x00, 0x7e, 0x3f, 0x00, 0x7e, 0x3f,
    0x00, 0x76, 0x37, 0x00, 0x76, 0x77, 0x00, 0x77, 0x67, 0x00, 0x73, 0x67,
    0x00, 0x73, 0x67, 0x00, 0x73, 0xe7, 0x00, 0x73, 0xc7, 0x00, 0x71, 0xc7,
    0x00, 0x71, 0xc7, 0x00, 0x78, 0x38, 0x78, 0x38, 0x7c, 0x38, 0x7c, 0x38,
    0x7e, 0x38, 0x7f, 0x38, 0x77, 0x38, 0x73, 0xb8, 0x71, 0xb8, 0x71, 0xf8,
    0x70, 0xf8, 0x70, 0xf8, 0x70, 0x78, 0x70, 0x78, 0x70, 0x38, 0x07, 0xc0,
    0x0f, 0xf0, 0x1f, 0xf8, 0x38, 0x3c, 0x78, 0x1c, 0x70, 0x1c, 0x70, 0x0e,
    0x70, 0x0e, 0x70, 0x0e, 0x70, 0x0e, 0x78, 0x1c, 0x38, 0x3c, 0x3f, 0xf8,
    0x0f, 0xf0, 0x07, 0xc0, 0x3f, 0xc0, 0x3f, 0xf0, 0x3f, 0xf0, 0x38, 0x70,
    0x38, 0x38, 0x38, 0x38, 0x38, 0x70, 0x3f, 0xf0, 0x3f, 0xe0, 0x3f, 0x00,
    0x38, 0x00, 0x38, 0x00, 0x38, 0x00, 0x38, 0x00, 0x38, 0x00, 0x07, 0xe0,
    0x0f, 0xf0, 0x1f, 0xf8, 0x38, 0x3c, 0x78, 0x1c, 0x70, 0x0e, 0x70, 0x0e,
    0x70, 0x0e, 0x70, 0x0e, 0x70, 0x4e, 0x78, 0xfc, 0x38, 0x7c, 0x1f, 0xf8,
    0x0f, 0xfc, 0x07, 0xee, 0x00, 0x04, 0x3f, 0xe0, 0x3f, 0xf8, 0x3f, 0xf8,
    0x38, 0x38, 0x38, 0x38, 0x38, 0x38, 0x38, 0xf8, 0x3f, 0xf0, 0x3f, 0xf0,
    0x38, 0x78, 0x38, 0x38, 0x38, 0x38, 0x38, 0x38, 0x38, 0x38, 0x38, 0x38,
    0x00, 0x00, 0x0f, 0x80, 0x3f, 0xe0, 0x7d, 0xf0, 0x70, 0x70, 0x70, 0x70,
    0x78, 0x00, 0x7f, 0x80, 0x1f, 0xe0, 0x03, 0xf0, 0x00, 0x78, 0x70, 0x38,
    0x70, 0x30, 0x7c, 0xf0, 0x3f, 0xe0, 0x0f, 0xc0, 0xff, 0xf0, 0xff, 0xf0,
    0x7f, 0xe0, 0x07, 0x00, 0x07, 0x00, 0x07, 0x00, 0x07, 0x00, 0x07, 0x00,
    0x07, 0x00, 0x07, 0x00, 0x07, 0x00, 0x07, 0x00, 0x07, 0x00, 0x07, 0x00,
    0x07, 0x00, 0x38, 0x38, 0x38, 0x38, 0x38, 0x38, 0x38, 0x38, 0x38, 0x38,
    0x38, 0x38, 0x38, 0x38, 0x38, 0x38, 0x38, 0x38, 0x38, 0x38, 0x38, 0x38,
    0x38, 0x38, 0x3f, 0xf0, 0x1f, 0xf0, 0x07, 0xc0, 0x70, 0x38, 0x70, 0x70,
    0x70, 0x70, 0x30, 0x70, 0x38, 0x60, 0x38, 0xe0, 0x18, 0xe0, 0x1c, 0xc0,
    0x1c, 0xc0, 0x0d, 0xc0, 0x0f, 0x80, 0x0f, 0x80, 0x07, 0x80, 0x07, 0x00,
    0x07, 0x00, 0xf0, 0xe1, 0xe0, 0x70, 0xe1, 0xc0, 0x71, 0xe1, 0xc0, 0x71,
    0xf1, 0xc0, 0x71, 0xf1, 0x80, 0x39, 0xb3, 0x80, 0x39, 0xb3, 0x80, 0x3b,
    0xb3, 0x80, 0x1b, 0x1b, 0x00, 0x1b, 0x1b, 0x00, 0x1f, 0x1f, 0x00, 0x1f,
    0x1f, 0x00, 0x0f, 0x1e, 0x00, 0x0e, 0x0e, 0x00, 0x0e, 0x0e, 0x00, 0x70,
    0x78, 0x78, 0x70, 0x38, 0xe0, 0x1c, 0xe0, 0x1f, 0xc0, 0x0f, 0xc0, 0x0f,
    0x80, 0x07, 0x80, 0x0f, 0x80, 0x0f, 0xc0, 0x1d, 0xc0, 0x1c, 0xe0, 0x38,
    0xf0, 0x78, 0x70, 0x70, 0x78, 0x70, 0x78, 0x78, 0x70, 0x38, 0x70, 0x38,
    0xe0, 0x1c, 0xe0, 0x1d, 0xc0, 0x0f, 0xc0, 0x0f, 0x80, 0x07, 0x80, 0x07,
    0x00, 0x07, 0x00, 0x07, 0x00, 0x07, 0x00, 0x07, 0x00, 0x07, 0x00, 0x7f,
    0xf0, 0x7f, 0xf0, 0x7f, 0xe0, 0x01, 0xe0, 0x01, 0xc0, 0x03, 0x80, 0x07,
    0x80, 0x0f, 0x00, 0x0e, 0x00, 0x1c, 0x00, 0x3c, 0x00, 0x78, 0x00, 0x78,
    0x00, 0x7f, 0xf0, 0x7f, 0xf0, 0x00, 0x00, 0x00, 0x00, 0x00, 0x00, 0x7f,
    0xf8, 0x1f, 0x00, 0x3f, 0x80, 0x73, 0xc0, 0x61, 0xc0, 0x07, 0xc0, 0x3f,
    0xc0, 0x71, 0xc0, 0x61, 0xc0, 0x73, 0xc0, 0x7f, 0xc0, 0x3d, 0xc0, 0x70,
    0x00, 0x70, 0x00, 0x70, 0x00, 0x70, 0x00, 0x77, 0x80, 0x7f, 0xc0, 0x7d,
    0xe0, 0x70, 0xe0, 0x70, 0x60, 0x70, 0x60, 0x70, 0x60, 0x70, 0xe0, 0x7d,
    0xe0, 0x7f, 0xc0, 0x77, 0x80, 0x1f, 0x00, 0x3f, 0x80, 0x7b, 0xc0, 0x70,
    0xc0, 0x70, 0x00, 0x60, 0x00, 0x70, 0x00, 0x70, 0xc0, 0x79, 0xc0, 0x3f,
    0x80, 0x1f, 0x00, 0x00, 0xe0, 0x00, 0xe0, 0x00, 0xe0, 0x00, 0xe0, 0x1e,
    0xe0, 0x3f, 0xe0, 0x7b, 0xe0, 0x70, 0xe0, 0x70, 0xe0, 0x60, 0xe0, 0x70,
    0xe0, 0x70, 0xe0, 0x7b, 0xe0, 0x3f, 0xe0, 0x1e, 0xe0, 0x1f, 0x00, 0x3f,
    0x80, 0x71, 0xc0, 0x71, 0xc0, 0x7f, 0xc0, 0xff, 0xc0, 0x60, 0x00, 0x70,
    0x00, 0x71, 0xc0, 0x3f, 0x80, 0x1f, 0x00, 0x1c, 0x3c, 0x38, 0x38, 0xfc,
    0xfc, 0x38, 0x38, 0x38, 0x38, 0x38, 0x38, 0x38, 0x38, 0x38, 0x1e, 0xe0,
    0x3f, 0xe0, 0x7b, 0xe0, 0x70, 0xe0, 0x70, 0xe0, 0x60, 0xe0, 0x70, 0xe0,
    0x70, 0xe0, 0x7b, 0xe0, 0x3f, 0xe0, 0x1e, 0xe0, 0x00, 0xe0, 0x70, 0xe0,
    0x3f, 0xc0, 0x1f, 0x00, 0x70, 0x00, 0x70, 0x00, 0x70, 0x00, 0x70, 0x00,
    0x73, 0x80, 0x7f, 0xc0, 0x7d, 0xe0, 0x70, 0xe0, 0x70, 0xe0, 0x70, 0xe0,
    0x70, 0xe0, 0x70, 0xe0, 0x70, 0xe0, 0x70, 0xe0, 0x70, 0xe0, 0x70, 0x70,
    0x70, 0x00, 0x70, 0x70, 0x70, 0x70, 0x70, 0x70, 0x70, 0x70, 0x70, 0x70,
    0x70, 0x70, 0x70, 0x30, 0x00, 0x70, 0x70, 0x70, 0x70, 0x70, 0x70, 0x70,
    0x70, 0x70, 0x70, 0x70, 0x70, 0x70, 0xf0, 0xf0, 0x00, 0x70, 0x00, 0x70,
    0x00, 0x70, 0x00, 0x70, 0x00, 0x71, 0xc0, 0x73, 0x80, 0x77, 0x00, 0x77,
    0x00, 0x7e, 0x00, 0x7f, 0x00, 0x7f, 0x00, 0x73, 0x80, 0x73, 0xc0, 0x71,
    0xc0, 0x71, 0xe0, 0x70, 0x70, 0x70, 0x70, 0x70, 0x70, 0x70, 0x70, 0x70,
    0x70, 0x70, 0x70, 0x70, 0x70, 0x70, 0x77, 0x9e, 0x00, 0x7f, 0xff, 0x00,
    0x7b, 0xff, 0x00, 0x71, 0xc3, 0x00, 0x71, 0xc3, 0x00, 0x71, 0xc3, 0x00,
    0x71, 0xc3, 0x00, 0x71, 0xc3, 0x00, 0x71, 0xc3, 0x00, 0x71, 0xc3, 0x00,
    0x71, 0xc3, 0x00, 0x77, 0x80, 0x7f, 0xc0, 0x7d, 0xe0, 0x70, 0xe0, 0x70,
    0xe0, 0x70, 0xe0, 0x70, 0xe0, 0x70, 0xe0, 0x70, 0xe0, 0x70, 0xe0, 0x70,
    0xe0, 0x0f, 0x00, 0x3f, 0xc0, 0x79, 0xe0, 0x70, 0xe0, 0x70, 0xe0, 0x70,
    0x60, 0x70, 0xe0, 0x70, 0xe0, 0x79, 0xe0, 0x3f, 0xc0, 0x0f, 0x00, 0x77,
    0x80, 0x7f, 0xc0, 0x7d, 0xe0, 0x70, 0xe0, 0x70, 0x60, 0x70, 0x60, 0x70,
    0x60, 0x70, 0xe0, 0x7d, 0xe0, 0x7f, 0xc0, 0x77, 0x80, 0x70, 0x00, 0x70,
    0x00, 0x70, 0x00, 0x70, 0x00, 0x1e, 0xe0, 0x3f, 0xe0, 0x7b, 0xe0, 0x70,
    0xe0, 0x60, 0xe0, 0x60, 0xe0, 0x60, 0xe0, 0x70, 0xe0, 0x7b, 0xe0, 0x3f,
    0xe0, 0x1e, 0xe0, 0x00, 0xe0, 0x00, 0xe0, 0x00, 0xe0, 0x00, 0xe0, 0x72,
    0x7e, 0x7e, 0x78, 0x70, 0x70, 0x70, 0x70, 0x70, 0x70, 0x70, 0x1f, 0x00,
    0x3f, 0x80, 0x71, 0xc0, 0x70, 0xc0, 0x7c, 0x00, 0x3f, 0x80, 0x0f, 0xc0,
    0x61, 0xc0, 0x71, 0xc0, 0x7f, 0xc0, 0x1f, 0x00, 0x30, 0x30, 0x30, 0xfc,
    0xfc, 0x30, 0x30, 0x30, 0x30, 0x30, 0x30, 0x38, 0x3c, 0x1c, 0x70, 0xe0,
    0x70, 0xe0, 0x70, 0xe0, 0x70, 0xe0, 0x70, 0xe0, 0x70, 0xe0, 0x70, 0xe0,
    0x70, 0xe0, 0x7b, 0xe0, 0x3f, 0xe0, 0x1e, 0xe0, 0xe0, 0xe0, 0x71, 0xc0,
    0x71, 0xc0, 0x71, 0xc0, 0x39, 0x80, 0x3b, 0x80, 0x3b, 0x80, 0x1f, 0x00,
    0x1f, 0x00, 0x0f, 0x00, 0x0e, 0x00, 0xe3, 0x8e, 0x63, 0x8e, 0x73, 0xce,
    0x73, 0xcc, 0x76, 0xdc, 0x36, 0xdc, 0x36, 0xfc, 0x3e, 0x78, 0x3e, 0x78,
    0x1c, 0x78, 0x1c, 0x70, 0x71, 0xc0, 0x7b, 0xc0, 0x3b, 0x80, 0x1f, 0x00,
    0x1f, 0x00, 0x0e, 0x00, 0x1f, 0x00, 0x1f, 0x00, 0x3b, 0x80, 0x71, 0xc0,
    0x71, 0xc0, 0xe0, 0xe0, 0x71, 0xc0, 0x71, 0xc0, 0x71, 0xc0, 0x39, 0x80,
    0x3b, 0x80, 0x1b, 0x00, 0x1f, 0x00, 0x1f, 0x00, 0x0e, 0x00, 0x0e, 0x00,
    0x0e, 0x00, 0x0c, 0x00, 0x3c, 0x00, 0x38, 0x00, 0x00, 0x00, 0x7f, 0x80,
    0x7f, 0x80, 0x07, 0x80, 0x07, 0x00, 0x0e, 0x00, 0x1e, 0x00, 0x3c, 0x00,
    0x78, 0x00, 0x70, 0x00, 0xff, 0x80, 0xff, 0x80, 0x38, 0x24, 0x42, 0x42,
    0x24, 0x3c, 0x00, 0x00, 0x00, 0x00, 0x00, 0x00, 0x00, 0x00, 0x30, 0x70,
    0x30, 0x00, 0x00, 0x00, 0x00, 0x00, 0x00, 0x00, 0x7f, 0xff, 0xf8, 0x7f,
    0xff, 0xf8, 0x00, 0x00, 0x00, 0x00, 0x00, 0x00, 0x00, 0x00, 0x00, 0x00,
    0x00, 0x00, 0x00, 0x02, 0x00, 0x00, 0x07, 0x00, 0x00, 0x03, 0x00, 0x00,
    0x01, 0x80, 0x3f, 0xff, 0xc0, 0x3f, 0xff, 0xc0, 0x00, 0x01, 0x80, 0x00,
    0x03, 0x00, 0x00, 0x07, 0x00, 0x00, 0x02, 0x00,
};
static const watchy_font_glyph_t glyphs_heros_20_bold[] = {
    {32, 0, 0, 0, 0, 0, 6, 0},
    {33, 0, 0, 15, 7, 15, 7, 1},
    {35, 15, 0, 14, 12, 15, 11, 2},
    {36, 45, 0, 15, 11, 18, 11, 2},
    {37, 81, 0, 15, 18, 15, 18, 3},
    {43, 126, 0, 10, 12, 10, 12, 2},
    {45, 146, 0, 7, 7, 7, 7, 1},
    {46, 153, 0, 3, 6, 3, 6, 1},
    {47, 156, -1, 14, 7, 14, 6, 1},
    {48, 170, 0, 14, 11, 14, 11, 2},
    {49, 198, 0, 14, 11, 14, 11, 2},
    {50, 226, 0, 14, 11, 14, 11, 2},
    {51, 254, 0, 14, 11, 14, 11, 2},
    {52, 282, 0, 14, 11, 14, 11, 2},
    {53, 310, 0, 14, 11, 14, 11, 2},
    {54, 338, 0, 14, 11, 14, 11, 2},
    {55, 366, 0, 14, 11, 14, 11, 2},
    {56, 394, 0, 14, 11, 14, 11, 2},
    {57, 422, 0, 14, 11, 14, 11, 2},
    {58, 450, 0, 10, 7, 10, 7, 1},
    {63, 460, 0, 15, 12, 15, 12, 2},
    {65, 490, 0, 15, 15, 15, 14, 2},
    {66, 520, 0, 15, 14, 15, 14, 2},
    {67, 550, 0, 15, 14, 15, 14, 2},
    {68, 580, 0, 15, 14, 15, 14, 2},
    {69, 610, 0, 15, 13, 15, 13, 2},
    {70, 640, 0, 15, 12, 15, 12, 2},
    {71, 670, 0, 15, 16, 15, 16, 2},
    {72, 700, 0, 15, 14, 15, 14, 2},
    {73, 730, 0, 15, 6, 15, 6, 1},
    {74, 745, 0, 15, 11, 15, 11, 2},
    {75, 775, 0, 15, 15, 15, 14, 2},
    {76, 805, 0, 15, 12, 15, 12, 2},
    {77, 835, 0, 15, 17, 15, 17, 3},
    {78, 880, 0, 15, 14, 15, 14, 2},
    {79, 910, 0, 15, 16, 15, 16, 2},
    {80, 940, 0, 15, 13, 15, 13, 2},
    {81, 970, 0, 15, 16, 16, 16, 2},
    {82, 1002, 0, 15, 14, 15, 14, 2},
    {83, 1032, 0, 16, 13, 16, 13, 2},
    {84, 1064, 0, 15, 12, 15, 12, 2},
    {85, 1094, 0, 15, 14, 15, 14, 2},
    {86, 1124, 0, 15, 13, 15, 13, 2},
    {87, 1154, 0, 15, 19, 15, 19, 3},
    {88, 1199, 0, 15, 14, 15, 13, 2},
    {89, 1229, 0, 15, 13, 15, 13, 2},
    {90, 1259, 0, 15, 12, 15, 12, 2},
    {95, 1289, -1, 0, 13, 4, 11, 2},
    {97, 1297, 0, 11, 11, 11, 11, 2},
    {98, 1319, 0, 15, 12, 15, 12, 2},
    {99, 1349, 0, 11, 11, 11, 11, 2},
    {100, 1371, 0, 15, 12, 15, 12, 2},
    {101, 1401, 0, 11, 11, 11, 11, 2},
    {102, 1423, 0, 15, 7, 15, 7, 1},
    {103, 1438, 0, 11, 12, 15, 12, 2},
    {104, 1468, 0, 15, 12, 15, 12, 2},
    {105, 1498, 0, 15, 6, 15, 6, 1},
    {106, 1513, 0, 15, 6, 20, 6, 1},
    {107, 1533, 0, 15, 11, 15, 11, 2},
    {108, 1563, 0, 15, 6, 15, 6, 1},
    {109, 1578, 0, 11, 18, 11, 18, 3},
    {110, 1611, 0, 11, 12, 11, 12, 2},
    {111, 1633, 0, 11, 12, 11, 12, 2},
    {112, 1655, 0, 11, 12, 15, 12, 2},
    {113, 1685, 0, 11, 12, 15, 12, 2},
    {114, 1715, 0, 11, 8, 11, 8, 1},
    {115, 1726, 0, 11, 11, 11, 11, 2},
    {116, 1748, 0, 14, 7, 14, 7, 1},
    {117, 1762, 0, 11, 12, 11, 12, 2},
    {118, 1784, 0, 11, 11, 11, 11, 2},
    {119, 1806, 0, 11, 16, 11, 16, 2},
    {120, 1828, 0, 11, 11, 11, 11, 2},
    {121, 1850, 0, 11, 11, 16, 11, 2},
    {122, 1882, 0, 11, 10, 11, 10, 2},
    {176, 1904, 0, 14, 8, 14, 8, 1},
    {183, 1918, 0, 7, 6, 7, 6, 1},
    {8212, 1925, -1, 7, 22, 7, 20, 3},
    {8594, 1946, 0, 10, 20, 10, 20, 3},
};
watchy_font_t watchy_font_heros_20_bold = {glyphs_heros_20_bold, bitmap_heros_20_bold, 78, 20, 23, -7, 30};

static const uint8_t bitmap_heros_40_regular[] = {
    0x00, 0xfc, 0x00, 0x03, 0xff, 0x00, 0x07, 0xff, 0x80, 0x0f, 0x87, 0xc0,
    0x0f, 0x03, 0xc0, 0x1e, 0x01, 0xe0, 0x1c, 0x00, 0xe0, 0x1c, 0x00, 0xe0,
    0x3c, 0x00, 0xf0, 0x3c, 0x00, 0xf0, 0x38, 0x00, 0x70, 0x38, 0x00, 0x70,
    0x38, 0x00, 0x70, 0x38, 0x00, 0x70, 0x38, 0x00, 0x70, 0x38, 0x00, 0x70,
    0x38, 0x00, 0x70, 0x38, 0x00, 0x70, 0x38, 0x00, 0x70, 0x3c, 0x00, 0xf0,
    0x3c, 0x00, 0xf0, 0x1c, 0x00, 0xe0, 0x1c, 0x00, 0xe0, 0x1e, 0x01, 0xe0,
    0x0e, 0x01, 0xc0, 0x0f, 0x87, 0xc0, 0x07, 0xff, 0x80, 0x03, 0xff, 0x00,
    0x00, 0xfc, 0x00, 0x00, 0x1c, 0x00, 0x00, 0x1c, 0x00, 0x00, 0x1c, 0x00,
    0x00, 0x3c, 0x00, 0x00, 0x7c, 0x00, 0x07, 0xfc, 0x00, 0x0f, 0xfc, 0x00,
    0x0f, 0xfc, 0x00, 0x00, 0x3c, 0x00, 0x00, 0x3c, 0x00, 0x00, 0x3c, 0x00,
    0x00, 0x3c, 0x00, 0x00, 0x3c, 0x00, 0x00, 0x3c, 0x00, 0x00, 0x3c, 0x00,
    0x00, 0x3c, 0x00, 0x00, 0x3c, 0x00, 0x00, 0x3c, 0x00, 0x00, 0x3c, 0x00,
    0x00, 0x3c, 0x00, 0x00, 0x3c, 0x00, 0x00, 0x3c, 0x00, 0x00, 0x3c, 0x00,
    0x00, 0x3c, 0x00, 0x00, 0x3c, 0x00, 0x00, 0x3c, 0x00, 0x00, 0x3c, 0x00,
    0x00, 0x3c, 0x00, 0x00, 0xfc, 0x00, 0x03, 0xff, 0x80, 0x07, 0xff, 0xc0,
    0x0f, 0x83, 0xe0, 0x1e, 0x01, 0xe0, 0x1e, 0x00, 0xf0, 0x1c, 0x00, 0x70,
    0x3c, 0x00, 0x70, 0x3c, 0x00, 0x70, 0x38, 0x00, 0x70, 0x00, 0x00, 0xf0,
    0x00, 0x00, 0xf0, 0x00, 0x01, 0xe0, 0x00, 0x03, 0xc0, 0x00, 0x0f, 0x80,
    0x00, 0x3f, 0x00, 0x00, 0xfe, 0x00, 0x01, 0xf8, 0x00, 0x03, 0xe0, 0x00,
    0x0f, 0x80, 0x00, 0x0f, 0x00, 0x00, 0x1e, 0x00, 0x00, 0x1c, 0x00, 0x00,
    0x3c, 0x00, 0x00, 0x3c, 0x00, 0x00, 0x3f, 0xff, 0xf0, 0x3f, 0xff, 0xf0,
    0x7f, 0xff, 0xf0, 0x00, 0xfc, 0x00, 0x07, 0xff, 0x00, 0x0f, 0xff, 0x80,
    0x1f, 0x07, 0xc0, 0x1e, 0x01, 0xe0, 0x1c, 0x01, 0xe0, 0x3c, 0x00, 0xe0,
    0x3c, 0x00, 0xe0, 0x38, 0x00, 0xe0, 0x00, 0x00, 0xe0, 0x00, 0x01, 0xe0,
    0x00, 0x03, 0xc0, 0x00, 0x7f, 0x80, 0x00, 0x7f, 0x00, 0x00, 0x7f, 0xc0,
    0x00, 0x07, 0xe0, 0x00, 0x01, 0xe0, 0x00, 0x00, 0xf0, 0x00, 0x00, 0xf0,
    0x00, 0x00, 0x70, 0x78, 0x00, 0x70, 0x38, 0x00, 0xf0, 0x38, 0x00, 0xf0,
    0x3c, 0x00, 0xf0, 0x3e, 0x01, 0xe0, 0x1f, 0x07, 0xc0, 0x0f, 0xff, 0xc0,
    0x07, 0xff, 0x00, 0x01, 0xfc, 0x00, 0x00, 0x03, 0x80, 0x00, 0x07, 0x80,
    0x00, 0x0f, 0x80, 0x00, 0x1f, 0x80, 0x00, 0x1f, 0x80, 0x00, 0x3f, 0x80,
    0x00, 0x7f, 0x80, 0x00, 0x77, 0x80, 0x00, 0xe7, 0x80, 0x01, 0xc7, 0x80,
    0x03, 0xc7, 0x80, 0x03, 0x87, 0x80, 0x07, 0x07, 0x80, 0x0e, 0x07, 0x80,
    0x1e, 0x07, 0x80, 0x1c, 0x07, 0x80, 0x38, 0x07, 0x80, 0x70, 0x07, 0x80,
    0x7f, 0xff, 0xf8, 0x7f, 0xff, 0xf8, 0x7f, 0xff, 0xf8, 0x00, 0x07, 0x80,
    0x00, 0x07, 0x80, 0x00, 0x07, 0x80, 0x00, 0x07, 0x80, 0x00, 0x07, 0x80,
    0x00, 0x07, 0x80, 0x00, 0x07, 0x80, 0x0f, 0xff, 0xe0, 0x0f, 0xff, 0xe0,
    0x0f, 0xff, 0xe0, 0x0e, 0x00, 0x00, 0x0e, 0x00, 0x00, 0x0e, 0x00, 0x00,
    0x0e, 0x00, 0x00, 0x1e, 0x00, 0x00, 0x1c, 0x00, 0x00, 0x1c, 0x7c, 0x00,
    0x1f, 0xff, 0x00, 0x1f, 0xff, 0xc0, 0x1f, 0x07, 0xe0, 0x1e, 0x01, 0xe0,
    0x3c, 0x00, 0xf0, 0x00, 0x00, 0xf0, 0x00, 0x00, 0x70, 0x00, 0x00, 0x70,
    0x00, 0x00, 0x70, 0x00, 0x00, 0x70, 0x00, 0x00, 0x70, 0x38, 0x00, 0x70,
    0x38, 0x00, 0xf0, 0x3c, 0x00, 0xe0, 0x1e, 0x01, 0xe0, 0x1f, 0x07, 0xc0,
    0x0f, 0xff, 0x80, 0x07, 0xff, 0x00, 0x00, 0xfc, 0x00, 0x00, 0x7c, 0x00,
    0x01, 0xff, 0x00, 0x03, 0xff, 0xc0, 0x07, 0xc3, 0xc0, 0x0f, 0x01, 0xe0,
    0x0e, 0x00, 0xe0, 0x1e, 0x00, 0xf0, 0x1c, 0x00, 0x00, 0x1c, 0x00, 0x00,
    0x3c, 0x00, 0x00, 0x38, 0x00, 0x00, 0x38, 0x7e, 0x00, 0x39, 0xff, 0x80,
    0x3b, 0xff, 0xc0, 0x3f, 0x83, 0xe0, 0x3e, 0x01, 0xe0, 0x3c, 0x00, 0xf0,
    0x3c, 0x00, 0x70, 0x3c, 0x00, 0x70, 0x38, 0x00, 0x70, 0x3c, 0x00, 0x70,
    0x3c, 0x00, 0x70, 0x1c, 0x00, 0xf0, 0x1e, 0x00, 0xf0, 0x0f, 0x01, 0xe0,
    0x0f, 0x87, 0xe0, 0x07, 0xff, 0xc0, 0x03, 0xff, 0x00, 0x00, 0xfc, 0x00,
    0x3f, 0xff, 0xf8, 0x3f, 0xff, 0xf8, 0x3f, 0xff, 0xf8, 0x00, 0x00, 0x70,
    0x00, 0x00, 0x70, 0x00, 0x00, 0xe0, 0x00, 0x01, 0xc0, 0x00, 0x03, 0x80,
    0x00, 0x03, 0x80, 0x00, 0x07, 0x00, 0x00, 0x07, 0x00, 0x00, 0x0e, 0x00,
    0x00, 0x1c, 0x00, 0x00, 0x1c, 0x00, 0x00, 0x38, 0x00, 0x00, 0x38, 0x00,
    0x00, 0x78, 0x00, 0x00, 0x70, 0x00, 0x00, 0x70, 0x00, 0x00, 0xe0, 0x00,
    0x00, 0xe0, 0x00, 0x01, 0xe0, 0x00, 0x01, 0xc0, 0x00, 0x01, 0xc0, 0x00,
    0x01, 0xc0, 0x00, 0x03, 0xc0, 0x00, 0x03, 0xc0, 0x00, 0x03, 0x80, 0x00,
    0x00, 0xfc, 0x00, 0x03, 0xff, 0x00, 0x07, 0xff, 0x80, 0x0f, 0x87, 0xc0,
    0x1e, 0x01, 0xe0, 0x1e, 0x01, 0xe0, 0x1c, 0x00, 0xe0, 0x1c, 0x00, 0xe0,
    0x1c, 0x00, 0xe0, 0x1c, 0x00, 0xe0, 0x1e, 0x01, 0xe0, 0x0f, 0x03, 0xc0,
    0x07, 0xff, 0x80, 0x03, 0xff, 0x00, 0x07, 0xff, 0x80, 0x0f, 0x03, 0xc0,
    0x1e, 0x01, 0xe0, 0x3c, 0x00, 0xf0, 0x38, 0x00, 0x70, 0x38, 0x00, 0x70,
    0x38, 0x00, 0x70, 0x38, 0x00, 0x70, 0x38, 0x00, 0x70, 0x3c, 0x00, 0xf0,
    0x1e, 0x01, 0xe0, 0x1f, 0x07, 0xe0, 0x0f, 0xff, 0xc0, 0x07, 0xff, 0x80,
    0x00, 0xfc, 0x00, 0x00, 0xfc, 0x00, 0x03, 0xff, 0x00, 0x0f, 0xff, 0x80,
    0x1f, 0x87, 0xc0, 0x1e, 0x01, 0xc0, 0x3c, 0x01, 0xe0, 0x3c, 0x00, 0xe0,
    0x38, 0x00, 0xf0, 0x38, 0x00, 0xf0, 0x38, 0x00, 0x70, 0x38, 0x00, 0xf0,
    0x38, 0x00, 0xf0, 0x3c, 0x00, 0xf0, 0x1e, 0x01, 0xf0, 0x1f, 0x07, 0xf0,
    0x0f, 0xff, 0x70, 0x07, 0xfe, 0x70, 0x01, 0xf8, 0x70, 0x00, 0x00, 0x70,
    0x00, 0x00, 0xf0, 0x00, 0x00, 0xe0, 0x00, 0x00, 0xe0, 0x3c, 0x01, 0xe0,
    0x1c, 0x01, 0xc0, 0x1e, 0x03, 0xc0, 0x0f, 0x07, 0x80, 0x0f, 0xff, 0x00,
    0x03, 0xfe, 0x00, 0x00, 0xf8, 0x00, 0x0f, 0x00, 0x0f, 0x00, 0x0f, 0x00,
    0x0f, 0x00, 0x00, 0x00, 0x00, 0x00, 0x00, 0x00, 0x00, 0x00, 0x00, 0x00,
    0x00, 0x00, 0x00, 0x00, 0x00, 0x00, 0x00, 0x00, 0x00, 0x00, 0x00, 0x00,
    0x00, 0x00, 0x00, 0x00, 0x0f, 0x00, 0x0f, 0x00, 0x0f, 0x00, 0x0f, 0x00,
};
static const watchy_font_glyph_t glyphs_heros_40_regular[] = {
    {32, 0, 0, 0, 0, 0, 11, 0},
    {48, 0, 0, 28, 22, 29, 22, 3},
    {49, 87, 0, 28, 22, 28, 22, 3},
    {50, 171, 0, 28, 22, 28, 22, 3},
    {51, 255, 0, 28, 22, 29, 22, 3},
    {52, 342, 0, 28, 22, 28, 22, 3},
    {53, 426, 0, 28, 22, 29, 22, 3},
    {54, 513, 0, 28, 22, 29, 22, 3},
    {55, 600, 0, 28, 22, 28, 22, 3},
    {56, 684, 0, 28, 22, 29, 22, 3},
    {57, 771, 0, 28, 22, 29, 22, 3},
    {58, 858, 0, 21, 11, 21, 11, 2},
};
watchy_font_t watchy_font_heros_40_regular = {glyphs_heros_40_regular, bitmap_heros_40_regular, 12, 40, 46, -12, 58};

static const uint8_t bitmap_heros_46_regular[] = {
    0x00, 0x3f, 0x00, 0x00, 0x00, 0xff, 0xc0, 0x00, 0x03, 0xff, 0xe0, 0x00,
    0x07, 0xff, 0xf0, 0x00, 0x07, 0xc0, 0xf8, 0x00, 0x0f, 0x80, 0x78, 0x00,
    0x0f, 0x00, 0x7c, 0x00, 0x1e, 0x00, 0x3c, 0x00, 0x1e, 0x00, 0x3c, 0x00,
    0x1e, 0x00, 0x1c, 0x00, 0x1e, 0x00, 0x1e, 0x00, 0x3c, 0x00, 0x1e, 0x00,
    0x3c, 0x00, 0x1e, 0x00, 0x3c, 0x00, 0x1e, 0x00, 0x3c, 0x00, 0x1e, 0x00,
    0x3c, 0x00, 0x1e, 0x00, 0x3c, 0x00, 0x1e, 0x00, 0x3c, 0x00, 0x1e, 0x00,
    0x3c, 0x00, 0x1e, 0x00, 0x3c, 0x00, 0x1e, 0x00, 0x3c, 0x00, 0x1e, 0x00,
    0x3c, 0x00, 0x1e, 0x00, 0x3c, 0x00, 0x1e, 0x00, 0x1e, 0x00, 0x1e, 0x00,
    0x1e, 0x00, 0x1e, 0x00, 0x1e, 0x00, 0x3c, 0x00, 0x1e, 0x00, 0x3c, 0x00,
    0x0f, 0x00, 0x3c, 0x00, 0x0f, 0x00, 0x78, 0x00, 0x07, 0x80, 0xf8, 0x00,
    0x07, 0xe3, 0xf0, 0x00, 0x03, 0xff, 0xe0, 0x00, 0x00, 0xff, 0xc0, 0x00,
    0x00, 0x3e, 0x00, 0x00, 0x00, 0x07, 0x00, 0x00, 0x00, 0x07, 0x00, 0x00,
    0x00, 0x07, 0x00, 0x00, 0x00, 0x0f, 0x00, 0x00, 0x00, 0x1f, 0x00, 0x00,
    0x00, 0x3f, 0x00, 0x00, 0x03, 0xff, 0x00, 0x00, 0x07, 0xff, 0x00, 0x00,
    0x07, 0xff, 0x00, 0x00, 0x00, 0x0f, 0x00, 0x00, 0x00, 0x0f, 0x00, 0x00,
    0x00, 0x0f, 0x00, 0x00, 0x00, 0x0f, 0x00, 0x00, 0x00, 0x0f, 0x00, 0x00,
    0x00, 0x0f, 0x00, 0x00, 0x00, 0x0f, 0x00, 0x00, 0x00, 0x0f, 0x00, 0x00,
    0x00, 0x0f, 0x00, 0x00, 0x00, 0x0f, 0x00, 0x00, 0x00, 0x0f, 0x00, 0x00,
    0x00, 0x0f, 0x00, 0x00, 0x00, 0x0f, 0x00, 0x00, 0x00, 0x0f, 0x00, 0x00,
    0x00, 0x0f, 0x00, 0x00, 0x00, 0x0f, 0x00, 0x00, 0x00, 0x0f, 0x00, 0x00,
    0x00, 0x0f, 0x00, 0x00, 0x00, 0x0f, 0x00, 0x00, 0x00, 0x0f, 0x00, 0x00,
    0x00, 0x0f, 0x00, 0x00, 0x00, 0x0f, 0x00, 0x00, 0x00, 0x0f, 0x00, 0x00,
    0x00, 0x0f, 0x00, 0x00, 0x00, 0x3f, 0x00, 0x00, 0x01, 0xff, 0xe0, 0x00,
    0x03, 0xff, 0xf0, 0x00, 0x07, 0xff, 0xf8, 0x00, 0x0f, 0x80, 0xfc, 0x00,
    0x0f, 0x00, 0x3c, 0x00, 0x1e, 0x00, 0x3e, 0x00, 0x1e, 0x00, 0x1e, 0x00,
    0x1e, 0x00, 0x1e, 0x00, 0x1c, 0x00, 0x1e, 0x00, 0x3c, 0x00, 0x1e, 0x00,
    0x00, 0x00, 0x1e, 0x00, 0x00, 0x00, 0x1e, 0x00, 0x00, 0x00, 0x3e, 0x00,
    0x00, 0x00, 0x7c, 0x00, 0x00, 0x00, 0xf8, 0x00, 0x00, 0x01, 0xf8, 0x00,
    0x00, 0x07, 0xf0, 0x00, 0x00, 0x1f, 0xc0, 0x00, 0x00, 0x3f, 0x80, 0x00,
    0x00, 0xfe, 0x00, 0x00, 0x01, 0xf8, 0x00, 0x00, 0x03, 0xe0, 0x00, 0x00,
    0x07, 0xc0, 0x00, 0x00, 0x0f, 0x80, 0x00, 0x00, 0x1f, 0x00, 0x00, 0x00,
    0x1e, 0x00, 0x00, 0x00, 0x1c, 0x00, 0x00, 0x00, 0x3c, 0x00, 0x00, 0x00,
    0x3f, 0xff, 0xfe, 0x00, 0x3f, 0xff, 0xfe, 0x00, 0x3f, 0xff, 0xfe, 0x00,
    0x3f, 0xff, 0xfe, 0x00, 0x00, 0x7f, 0x00, 0x00, 0x01, 0xff, 0xc0, 0x00,
    0x07, 0xff, 0xf0, 0x00, 0x0f, 0xff, 0xf0, 0x00, 0x0f, 0x80, 0xf8, 0x00,
    0x1f, 0x00, 0x7c, 0x00, 0x1e, 0x00, 0x3c, 0x00, 0x1e, 0x00, 0x3c, 0x00,
    0x3c, 0x00, 0x3c, 0x00, 0x3c, 0x00, 0x3c, 0x00, 0x3c, 0x00, 0x3c, 0x00,
    0x00, 0x00, 0x3c, 0x00, 0x00, 0x00, 0x3c, 0x00, 0x00, 0x00, 0xf8, 0x00,
    0x00, 0x07, 0xf0, 0x00, 0x00, 0x3f, 0xe0, 0x00, 0x00, 0x3f, 0xc0, 0x00,
    0x00, 0x3f, 0xf0, 0x00, 0x00, 0x01, 0xf8, 0x00, 0x00, 0x00, 0x7c, 0x00,
    0x00, 0x00, 0x3e, 0x00, 0x00, 0x00, 0x1e, 0x00, 0x00, 0x00, 0x1e, 0x00,
    0x00, 0x00, 0x1e, 0x00, 0x3c, 0x00, 0x1e, 0x00, 0x3c, 0x00, 0x1e, 0x00,
    0x3c, 0x00, 0x1e, 0x00, 0x3e, 0x00, 0x3e, 0x00, 0x1e, 0x00, 0x3c, 0x00,
    0x1f, 0x80, 0xfc, 0x00, 0x0f, 0xff, 0xf8, 0x00, 0x07, 0xff, 0xf0, 0x00,
    0x03, 0xff, 0xc0, 0x00, 0x00, 0x7f, 0x00, 0x00, 0x00, 0x00, 0xe0, 0x00,
    0x00, 0x01, 0xe0, 0x00, 0x00, 0x03, 0xe0, 0x00, 0x00, 0x03, 0xe0, 0x00,
    0x00, 0x07, 0xe0, 0x00, 0x00, 0x0f, 0xe0, 0x00, 0x00, 0x0f, 0xe0, 0x00,
    0x00, 0x1f, 0xe0, 0x00, 0x00, 0x3d, 0xe0, 0x00, 0x00, 0x79, 0xe0, 0x00,
    0x00, 0x71, 0xe0, 0x00, 0x00, 0xf1, 0xe0, 0x00, 0x01, 0xe1, 0xe0, 0x00,
    0x01, 0xc1, 0xe0, 0x00, 0x03, 0xc1, 0xe0, 0x00, 0x07, 0x81, 0xe0, 0x00,
    0x0f, 0x01, 0xe0, 0x00, 0x0e, 0x01, 0xe0, 0x00, 0x1e, 0x01, 0xe0, 0x00,
    0x3c, 0x01, 0xe0, 0x00, 0x38, 0x01, 0xe0, 0x00, 0x7f, 0xff, 0xfe, 0x00,
    0x7f, 0xff, 0xff, 0x00, 0x7f, 0xff, 0xff, 0x00, 0x7f, 0xff, 0xff, 0x00,
    0x00, 0x01, 0xe0, 0x00, 0x00, 0x01, 0xe0, 0x00, 0x00, 0x01, 0xe0, 0x00,
    0x00, 0x01, 0xe0, 0x00, 0x00, 0x01, 0xe0, 0x00, 0x00, 0x01, 0xe0, 0x00,
    0x00, 0x01, 0xe0, 0x00, 0x00, 0x01, 0xe0, 0x00, 0x07, 0xff, 0xfc, 0x00,
    0x07, 0xff, 0xfc, 0x00, 0x07, 0xff, 0xfc, 0x00, 0x07, 0xff, 0xfc, 0x00,
    0x07, 0x00, 0x00, 0x00, 0x0f, 0x00, 0x00, 0x00, 0x0f, 0x00, 0x00, 0x00,
    0x0f, 0x00, 0x00, 0x00, 0x0f, 0x00, 0x00, 0x00, 0x0e, 0x00, 0x00, 0x00,
    0x0e, 0x00, 0x00, 0x00, 0x0e, 0x3f, 0x00, 0x00, 0x1e, 0xff, 0xe0, 0x00,
    0x1f, 0xff, 0xf0, 0x00, 0x1f, 0xff, 0xf8, 0x00, 0x1f, 0x80, 0xfc, 0x00,
    0x1e, 0x00, 0x7c, 0x00, 0x1c, 0x00, 0x3e, 0x00, 0x00, 0x00, 0x1e, 0x00,
    0x00, 0x00, 0x1e, 0x00, 0x00, 0x00, 0x1e, 0x00, 0x00, 0x00, 0x1e, 0x00,
    0x00, 0x00, 0x0e, 0x00, 0x00, 0x00, 0x1e, 0x00, 0x00, 0x00, 0x1e, 0x00,
    0x3c, 0x00, 0x1e, 0x00, 0x3c, 0x00, 0x1e, 0x00, 0x1e, 0x00, 0x3c, 0x00,
    0x1f, 0x00, 0x7c, 0x00, 0x1f, 0x80, 0xf8, 0x00, 0x0f, 0xff, 0xf8, 0x00,
    0x07, 0xff, 0xf0, 0x00, 0x03, 0xff, 0xc0, 0x00, 0x00, 0x7e, 0x00, 0x00,
    0x00, 0x1f, 0x00, 0x00, 0x00, 0xff, 0xe0, 0x00, 0x01, 0xff, 0xf0, 0x00,
    0x03, 0xff, 0xf8, 0x00, 0x07, 0xc0, 0xf8, 0x00, 0x07, 0x80, 0x7c, 0x00,
    0x0f, 0x00, 0x3c, 0x00, 0x0f, 0x00, 0x1c, 0x00, 0x1e, 0x00, 0x00, 0x00,
    0x1e, 0x00, 0x00, 0x00, 0x1e, 0x00, 0x00, 0x00, 0x1c, 0x00, 0x00, 0x00,
    0x3c, 0x00, 0x00, 0x00, 0x3c, 0x7f, 0xc0, 0x00, 0x3c, 0xff, 0xf0, 0x00,
    0x3d, 0xff, 0xf8, 0x00, 0x3f, 0xc0, 0xfc, 0x00, 0x3f, 0x80, 0x7c, 0x00,
    0x3f, 0x00, 0x3e, 0x00, 0x3e, 0x00, 0x1e, 0x00, 0x3e, 0x00, 0x1e, 0x00,
    0x3e, 0x00, 0x1e, 0x00, 0x3c, 0x00, 0x1e, 0x00, 0x3c, 0x00, 0x1e, 0x00,
    0x1e, 0x00, 0x1e, 0x00, 0x1e, 0x00, 0x1e, 0x00, 0x1e, 0x00, 0x1e, 0x00,
    0x0f, 0x00, 0x3e, 0x00, 0x0f, 0x00, 0x3c, 0x00, 0x0f, 0xc0, 0xfc, 0x00,
    0x07, 0xff, 0xf8, 0x00, 0x03, 0xff, 0xf0, 0x00, 0x01, 0xff, 0xc0, 0x00,
    0x00, 0x3f, 0x00, 0x00, 0x3f, 0xff, 0xff, 0x00, 0x3f, 0xff, 0xff, 0x00,
    0x3f, 0xff, 0xff, 0x00, 0x3f, 0xff, 0xff, 0x00, 0x00, 0x00, 0x1e, 0x00,
    0x00, 0x00, 0x1c, 0x00, 0x00, 0x00, 0x3c, 0x00, 0x00, 0x00, 0x78, 0x00,
    0x00, 0x00, 0x70, 0x00, 0x00, 0x00, 0xf0, 0x00, 0x00, 0x01, 0xe0, 0x00,
    0x00, 0x01, 0xc0, 0x00, 0x00, 0x03, 0xc0, 0x00, 0x00, 0x03, 0x80, 0x00,
    0x00, 0x07, 0x80, 0x00, 0x00, 0x07, 0x00, 0x00, 0x00, 0x0f, 0x00, 0x00,
    0x00, 0x0e, 0x00, 0x00, 0x00, 0x1e, 0x00, 0x00, 0x00, 0x1c, 0x00, 0x00,
    0x00, 0x3c, 0x00, 0x00, 0x00, 0x3c, 0x00, 0x00, 0x00, 0x38, 0x00, 0x00,
    0x00, 0x78, 0x00, 0x00, 0x00, 0x78, 0x00, 0x00, 0x00, 0xf0, 0x00, 0x00,
    0x00, 0xf0, 0x00, 0x00, 0x00, 0xf0, 0x00, 0x00, 0x00, 0xe0, 0x00, 0x00,
    0x01, 0xe0, 0x00, 0x00, 0x01, 0xe0, 0x00, 0x00, 0x01, 0xe0, 0x00, 0x00,
    0x01, 0xe0, 0x00, 0x00, 0x00, 0x3f, 0x00, 0x00, 0x01, 0xff, 0xc0, 0x00,
    0x03, 0xff, 0xf0, 0x00, 0x07, 0xff, 0xf8, 0x00, 0x0f, 0x80, 0xf8, 0x00,
    0x0f, 0x00, 0x7c, 0x00, 0x1e, 0x00, 0x3c, 0x00, 0x1e, 0x00, 0x3c, 0x00,
    0x1e, 0x00, 0x3c, 0x00, 0x1e, 0x00, 0x3c, 0x00, 0x1e, 0x00, 0x3c, 0x00,
    0x1f, 0x00, 0x3c, 0x00, 0x0f, 0x00, 0x78, 0x00, 0x07, 0xc1, 0xf8, 0x00,
    0x03, 0xff, 0xe0, 0x00, 0x01, 0xff, 0xc0, 0x00, 0x03, 0xff, 0xe0, 0x00,
    0x07, 0xf3, 0xf8, 0x00, 0x0f, 0x80, 0x7c, 0x00, 0x1e, 0x00, 0x3c, 0x00,
    0x3e, 0x00, 0x1e, 0x00, 0x3c, 0x00, 0x1e, 0x00, 0x3c, 0x00, 0x1e, 0x00,
    0x3c, 0x00, 0x1e, 0x00, 0x3c, 0x00, 0x1e, 0x00, 0x3c, 0x00, 0x1e, 0x00,
    0x3c, 0x00, 0x1e, 0x00, 0x3e, 0x00, 0x3e, 0x00, 0x1f, 0x00, 0x3c, 0x00,
    0x1f, 0x80, 0xfc, 0x00, 0x0f, 0xff, 0xf8, 0x00, 0x07, 0xff, 0xf0, 0x00,
    0x01, 0xff, 0xe0, 0x00, 0x00, 0x7f, 0x00, 0x00, 0x00, 0x7e, 0x00, 0x00,
    0x01, 0xff, 0xc0, 0x00, 0x03, 0xff, 0xe0, 0x00, 0x0f, 0xf7, 0xf0, 0x00,
    0x0f, 0x80, 0xf8, 0x00, 0x1f, 0x00, 0x78, 0x00, 0x1e, 0x00, 0x3c, 0x00,
    0x3c, 0x00, 0x3c, 0x00, 0x3c, 0x00, 0x1c, 0x00, 0x3c, 0x00, 0x1e, 0x00,
    0x3c, 0x00, 0x1e, 0x00, 0x3c, 0x00, 0x1e, 0x00, 0x3c, 0x00, 0x1e, 0x00,
    0x3c, 0x00, 0x1e, 0x00, 0x3e, 0x00, 0x3e, 0x00, 0x1e, 0x00, 0x3e, 0x00,
    0x1f, 0x00, 0x7e, 0x00, 0x0f, 0x81, 0xfe, 0x00, 0x0f, 0xff, 0xfe, 0x00,
    0x03, 0xff, 0xde, 0x00, 0x01, 0xff, 0x1e, 0x00, 0x00, 0x00, 0x1e, 0x00,
    0x00, 0x00, 0x1e, 0x00, 0x00, 0x00, 0x1e, 0x00, 0x00, 0x00, 0x3c, 0x00,
    0x00, 0x00, 0x3c, 0x00, 0x1e, 0x00, 0x3c, 0x00, 0x1e, 0x00, 0x78, 0x00,
    0x1f, 0x00, 0xf8, 0x00, 0x0f, 0x81, 0xf0, 0x00, 0x07, 0xff, 0xe0, 0x00,
    0x07, 0xff, 0xc0, 0x00, 0x01, 0xff, 0x80, 0x00, 0x00, 0x7e, 0x00, 0x00,
    0x0f, 0x80, 0x0f, 0x80, 0x0f, 0x80, 0x0f, 0x80, 0x0f, 0x80, 0x00, 0x00,
    0x00, 0x00, 0x00, 0x00, 0x00, 0x00, 0x00, 0x00, 0x00, 0x00, 0x00, 0x00,
    0x00, 0x00, 0x00, 0x00, 0x00, 0x00, 0x00, 0x00, 0x00, 0x00, 0x00, 0x00,
    0x00, 0x00, 0x0f, 0x80, 0x0f, 0x80, 0x0f, 0x80, 0x0f, 0x80, 0x0f, 0x80,
};
static const watchy_font_glyph_t glyphs_heros_46_regular[] = {
    {32, 0, 0, 0, 0, 0, 13, 0},
    {48, 0, 0, 33, 26, 34, 26, 4},
    {49, 136, 0, 33, 26, 33, 26, 4},
    {50, 268, 0, 33, 26, 33, 26, 4},
    {51, 400, 0, 33, 26, 34, 26, 4},
    {52, 536, 0, 33, 26, 33, 26, 4},
    {53, 668, 0, 33, 26, 34, 26, 4},
    {54, 804, 0, 33, 26, 34, 26, 4},
    {55, 940, 0, 33, 26, 33, 26, 4},
    {56, 1072, 0, 33, 26, 34, 26, 4},
    {57, 1208, 0, 33, 26, 34, 26, 4},
    {58, 1344, 0, 24, 13, 24, 13, 2},
};
watchy_font_t watchy_font_heros_46_regular = {glyphs_heros_46_regular, bitmap_heros_46_regular, 12, 46, 53, -14, 67};

static const uint8_t bitmap_heros_60_bold[] = {
    0x00, 0x0f, 0xf8, 0x00, 0x00, 0x00, 0x3f, 0xfe, 0x00, 0x00, 0x00, 0xff,
    0xff, 0x80, 0x00, 0x01, 0xff, 0xff, 0xc0, 0x00, 0x03, 0xff, 0xff, 0xe0,
    0x00, 0x07, 0xff, 0xff, 0xf0, 0x00, 0x0f, 0xff, 0xff, 0xf0, 0x00, 0x0f,
    0xf8, 0x1f, 0xf8, 0x00, 0x0f, 0xf0, 0x0f, 0xf8, 0x00, 0x1f, 0xf0, 0x07,
    0xfc, 0x00, 0x1f, 0xe0, 0x07, 0xfc, 0x00, 0x1f, 0xe0, 0x03, 0xfc, 0x00,
    0x1f, 0xe0, 0x03, 0xfc, 0x00, 0x3f, 0xe0, 0x03, 0xfc, 0x00, 0x3f, 0xc0,
    0x03, 0xfe, 0x00, 0x3f, 0xc0, 0x03, 0xfe, 0x00, 0x3f, 0xc0, 0x03, 0xfe,
    0x00, 0x3f, 0xc0, 0x03, 0xfe, 0x00, 0x3f, 0xc0, 0x01, 0xfe, 0x00, 0x3f,
    0xc0, 0x01, 0xfe, 0x00, 0x3f, 0xc0, 0x01, 0xfe, 0x00, 0x3f, 0xc0, 0x01,
    0xfe, 0x00, 0x3f, 0xc0, 0x01, 0xfe, 0x00, 0x3f, 0xc0, 0x01, 0xfe, 0x00,
    0x3f, 0xc0, 0x01, 0xfe, 0x00, 0x3f, 0xc0, 0x01, 0xfe, 0x00, 0x3f, 0xc0,
    0x03, 0xfe, 0x00, 0x3f, 0xc0, 0x03, 0xfe, 0x00, 0x3f, 0xc0, 0x03, 0xfe,
    0x00, 0x3f, 0xc0, 0x03, 0xfe, 0x00, 0x3f, 0xe0, 0x03, 0xfc, 0x00, 0x1f,
    0xe0, 0x03, 0xfc, 0x00, 0x1f, 0xe0, 0x03, 0xfc, 0x00, 0x1f, 0xe0, 0x07,
    0xfc, 0x00, 0x1f, 0xf0, 0x07, 0xf8, 0x00, 0x0f, 0xf8, 0x0f, 0xf8, 0x00,
    0x0f, 0xfc, 0x3f, 0xf8, 0x00, 0x0f, 0xff, 0xff, 0xf0, 0x00, 0x07, 0xff,
    0xff, 0xe0, 0x00, 0x03, 0xff, 0xff, 0xe0, 0x00, 0x01, 0xff, 0xff, 0xc0,
    0x00, 0x00, 0xff, 0xff, 0x80, 0x00, 0x00, 0x3f, 0xfe, 0x00, 0x00, 0x00,
    0x0f, 0xf0, 0x00, 0x00, 0x00, 0x00, 0x7e, 0x00, 0x00, 0x00, 0x00, 0x7e,
    0x00, 0x00, 0x00, 0x00, 0xfe, 0x00, 0x00, 0x00, 0x01, 0xfe, 0x00, 0x00,
    0x00, 0x01, 0xfe, 0x00, 0x00, 0x00, 0x07, 0xfe, 0x00, 0x00, 0x00, 0x0f,
    0xfe, 0x00, 0x00, 0x00, 0x7f, 0xfe, 0x00, 0x00, 0x0f, 0xff, 0xfe, 0x00,
    0x00, 0x0f, 0xff, 0xfe, 0x00, 0x00, 0x0f, 0xff, 0xfe, 0x00, 0x00, 0x0f,
    0xff, 0xfe, 0x00, 0x00, 0x0f, 0xff, 0xfe, 0x00, 0x00, 0x0f, 0xff, 0xfe,
    0x00, 0x00, 0x00, 0x03, 0xfe, 0x00, 0x00, 0x00, 0x03, 0xfe, 0x00, 0x00,
    0x00, 0x03, 0xfe, 0x00, 0x00, 0x00, 0x03, 0xfe, 0x00, 0x00, 0x00, 0x03,
    0xfe, 0x00, 0x00, 0x00, 0x03, 0xfe, 0x00, 0x00, 0x00, 0x03, 0xfe, 0x00,
    0x00, 0x00, 0x03, 0xfe, 0x00, 0x00, 0x00, 0x03, 0xfe, 0x00, 0x00, 0x00,
    0x03, 0xfe, 0x00, 0x00, 0x00, 0x03, 0xfe, 0x00, 0x00, 0x00, 0x03, 0xfe,
    0x00, 0x00, 0x00, 0x03, 0xfe, 0x00, 0x00, 0x00, 0x03, 0xfe, 0x00, 0x00,
    0x00, 0x03, 0xfe, 0x00, 0x00, 0x00, 0x03, 0xfe, 0x00, 0x00, 0x00, 0x03,
    0xfe, 0x00, 0x00, 0x00, 0x03, 0xfe, 0x00, 0x00, 0x00, 0x03, 0xfe, 0x00,
    0x00, 0x00, 0x03, 0xfe, 0x00, 0x00, 0x00, 0x03, 0xfe, 0x00, 0x00, 0x00,
    0x03, 0xfe, 0x00, 0x00, 0x00, 0x03, 0xfe, 0x00, 0x00, 0x00, 0x03, 0xfe,
    0x00, 0x00, 0x00, 0x03, 0xfe, 0x00, 0x00, 0x00, 0x03, 0xfe, 0x00, 0x00,
    0x00, 0x03, 0xfe, 0x00, 0x00, 0x00, 0x03, 0xfe, 0x00, 0x00, 0x00, 0x03,
    0xfe, 0x00, 0x00, 0x00, 0x0f, 0xf8, 0x00, 0x00, 0x00, 0x7f, 0xff, 0x00,
    0x00, 0x00, 0xff, 0xff, 0x80, 0x00, 0x03, 0xff, 0xff, 0xe0, 0x00, 0x07,
    0xff, 0xff, 0xf0, 0x00, 0x07, 0xff, 0xff, 0xf8, 0x00, 0x0f, 0xff, 0xff,
    0xf8, 0x00, 0x0f, 0xfc, 0x1f, 0xfc, 0x00, 0x1f, 0xf0, 0x07, 0xfc, 0x00,
    0x1f, 0xf0, 0x07, 0xfc, 0x00, 0x1f, 0xe0, 0x03, 0xfe, 0x00, 0x1f, 0xe0,
    0x03, 0xfe, 0x00, 0x3f, 0xe0, 0x03, 0xfe, 0x00, 0x3f, 0xe0, 0x03, 0xfe,
    0x00, 0x3f, 0xc0, 0x03, 0xfe, 0x00, 0x1f, 0xc0, 0x03, 0xfe, 0x00, 0x00,
    0x00, 0x03, 0xfe, 0x00, 0x00, 0x00, 0x03, 0xfc, 0x00, 0x00, 0x00, 0x07,
    0xfc, 0x00, 0x00, 0x00, 0x0f, 0xfc, 0x00, 0x00, 0x00, 0x1f, 0xf8, 0x00,
    0x00, 0x00, 0x3f, 0xf0, 0x00, 0x00, 0x00, 0x7f, 0xe0, 0x00, 0x00, 0x00,
    0xff, 0xc0, 0x00, 0x00, 0x01, 0xff, 0x80, 0x00, 0x00, 0x07, 0xff, 0x00,
    0x00, 0x00, 0x0f, 0xfe, 0x00, 0x00, 0x00, 0x3f, 0xf8, 0x00, 0x00, 0x00,
    0x7f, 0xf0, 0x00, 0x00, 0x00, 0xff, 0xe0, 0x00, 0x00, 0x01, 0xff, 0x80,
    0x00, 0x00, 0x03, 0xff, 0x00, 0x00, 0x00, 0x07, 0xfe, 0x00, 0x00, 0x00,
    0x0f, 0xfc, 0x00, 0x00, 0x00, 0x0f, 0xf8, 0x00, 0x00, 0x00, 0x1f, 0xf8,
    0x00, 0x00, 0x00, 0x1f, 0xff, 0xff, 0xfe, 0x00, 0x1f, 0xff, 0xff, 0xfe,
    0x00, 0x3f, 0xff, 0xff, 0xfe, 0x00, 0x3f, 0xff, 0xff, 0xfe, 0x00, 0x3f,
    0xff, 0xff, 0xfe, 0x00, 0x3f, 0xff, 0xff, 0xfe, 0x00, 0x3f, 0xff, 0xff,
    0xfe, 0x00, 0x00, 0x0f, 0xf0, 0x00, 0x00, 0x00, 0x7f, 0xfe, 0x00, 0x00,
    0x01, 0xff, 0xff, 0x80, 0x00, 0x03, 0xff, 0xff, 0xc0, 0x00, 0x07, 0xff,
    0xff, 0xe0, 0x00, 0x0f, 0xff, 0xff, 0xf0, 0x00, 0x0f, 0xff, 0xff, 0xf0,
    0x00, 0x1f, 0xf8, 0x1f, 0xf8, 0x00, 0x1f, 0xf0, 0x0f, 0xf8, 0x00, 0x1f,
    0xe0, 0x07, 0xf8, 0x00, 0x1f, 0xe0, 0x07, 0xf8, 0x00, 0x3f, 0xc0, 0x07,
    0xfc, 0x00, 0x3f, 0xc0, 0x07, 0xf8, 0x00, 0x3f, 0xc0, 0x07, 0xf8, 0x00,
    0x00, 0x00, 0x07, 0xf8, 0x00, 0x00, 0x00, 0x0f, 0xf8, 0x00, 0x00, 0x00,
    0x0f, 0xf0, 0x00, 0x00, 0x00, 0x3f, 0xe0, 0x00, 0x00, 0x07, 0xff, 0xc0,
    0x00, 0x00, 0x07, 0xff, 0x80, 0x00, 0x00, 0x07, 0xff, 0x00, 0x00, 0x00,
    0x07, 0xff, 0xc0, 0x00, 0x00, 0x07, 0xff, 0xe0, 0x00, 0x00, 0x07, 0xff,
    0xf0, 0x00, 0x00, 0x00, 0x3f, 0xf8, 0x00, 0x00, 0x00, 0x0f, 0xfc, 0x00,
    0x00, 0x00, 0x07, 0xfc, 0x00, 0x00, 0x00, 0x03, 0xfe, 0x00, 0x00, 0x00,
    0x03, 0xfe, 0x00, 0x00, 0x00, 0x03, 0xfe, 0x00, 0x3f, 0xc0, 0x01, 0xfe,
    0x00, 0x3f, 0xc0, 0x03, 0xfe, 0x00, 0x3f, 0xc0, 0x03, 0xfe, 0x00, 0x3f,
    0xe0, 0x03, 0xfe, 0x00, 0x3f, 0xe0, 0x07, 0xfc, 0x00, 0x1f, 0xf0, 0x0f,
    0xfc, 0x00, 0x1f, 0xfc, 0x3f, 0xfc, 0x00, 0x0f, 0xff, 0xff, 0xf8, 0x00,
    0x0f, 0xff, 0xff, 0xf0, 0x00, 0x07, 0xff, 0xff, 0xf0, 0x00, 0x03, 0xff,
    0xff, 0xe0, 0x00, 0x01, 0xff, 0xff, 0x80, 0x00, 0x00, 0x7f, 0xfe, 0x00,
    0x00, 0x00, 0x0f, 0xf0, 0x00, 0x00, 0x00, 0x00, 0x7f, 0xe0, 0x00, 0x00,
    0x00, 0xff, 0xe0, 0x00, 0x00, 0x01, 0xff, 0xe0, 0x00, 0x00, 0x01, 0xff,
    0xe0, 0x00, 0x00, 0x03, 0xff, 0xe0, 0x00, 0x00, 0x03, 0xff, 0xe0, 0x00,
    0x00, 0x07, 0xff, 0xe0, 0x00, 0x00, 0x0f, 0xff, 0xe0, 0x00, 0x00, 0x0f,
    0xff, 0xe0, 0x00, 0x00, 0x1f, 0xff, 0xe0, 0x00, 0x00, 0x1f, 0xbf, 0xe0,
    0x00, 0x00, 0x3f, 0x3f, 0xe0, 0x00, 0x00, 0x7f, 0x3f, 0xe0, 0x00, 0x00,
    0x7e, 0x3f, 0xe0, 0x00, 0x00, 0xfc, 0x3f, 0xe0, 0x00, 0x00, 0xfc, 0x3f,
    0xe0, 0x00, 0x01, 0xf8, 0x3f, 0xe0, 0x00, 0x03, 0xf8, 0x3f, 0xe0, 0x00,
    0x03, 0xf0, 0x3f, 0xe0, 0x00, 0x07, 0xe0, 0x3f, 0xe0, 0x00, 0x07, 0xe0,
    0x3f, 0xe0, 0x00, 0x0f, 0xc0, 0x3f, 0xe0, 0x00, 0x1f, 0xc0, 0x3f, 0xe0,
    0x00, 0x1f, 0x80, 0x3f, 0xe0, 0x00, 0x3f, 0x00, 0x3f, 0xe0, 0x00, 0x3f,
    0x00, 0x3f, 0xe0, 0x00, 0x7f, 0xff, 0xff, 0xfe, 0x00, 0x7f, 0xff, 0xff,
    0xfe, 0x00, 0x7f, 0xff, 0xff, 0xfe, 0x00, 0x7f, 0xff, 0xff, 0xfe, 0x00,
    0x7f, 0xff, 0xff, 0xfe, 0x00, 0x7f, 0xff, 0xff, 0xfe, 0x00, 0x7f, 0xff,
    0xff, 0xfe, 0x00, 0x00, 0x00, 0x3f, 0xe0, 0x00, 0x00, 0x00, 0x3f, 0xe0,
    0x00, 0x00, 0x00, 0x3f, 0xe0, 0x00, 0x00, 0x00, 0x3f, 0xe0, 0x00, 0x00,
    0x00, 0x3f, 0xe0, 0x00, 0x00, 0x00, 0x3f, 0xe0, 0x00, 0x00, 0x00, 0x3f,
    0xe0, 0x00, 0x00, 0x00, 0x3f, 0xe0, 0x00, 0x00, 0x00, 0x3f, 0xe0, 0x00,
    0x00, 0x00, 0x3f, 0xe0, 0x00, 0x01, 0xff, 0xff, 0xf8, 0x00, 0x03, 0xff,
    0xff, 0xf8, 0x00, 0x03, 0xff, 0xff, 0xf8, 0x00, 0x03, 0xff, 0xff, 0xf8,
    0x00, 0x03, 0xff, 0xff, 0xf8, 0x00, 0x03, 0xff, 0xff, 0xf8, 0x00, 0x03,
    0xff, 0xff, 0xf8, 0x00, 0x07, 0xf0, 0x00, 0x00, 0x00, 0x07, 0xf0, 0x00,
    0x00, 0x00, 0x07, 0xe0, 0x00, 0x00, 0x00, 0x07, 0xe0, 0x00, 0x00, 0x00,
    0x07, 0xe0, 0x00, 0x00, 0x00, 0x07, 0xe0, 0x00, 0x00, 0x00, 0x0f, 0xe0,
    0x00, 0x00, 0x00, 0x0f, 0xe3, 0xf8, 0x00, 0x00, 0x0f, 0xef, 0xff, 0x00,
    0x00, 0x0f, 0xff, 0xff, 0xc0, 0x00, 0x0f, 0xff, 0xff, 0xe0, 0x00, 0x0f,
    0xff, 0xff, 0xf0, 0x00, 0x0f, 0xff, 0xff, 0xf0, 0x00, 0x1f, 0xff, 0xff,
    0xf8, 0x00, 0x1f, 0xf8, 0x1f, 0xfc, 0x00, 0x1f, 0xe0, 0x07, 0xfc, 0x00,
    0x1f, 0xe0, 0x07, 0xfc, 0x00, 0x00, 0x00, 0x03, 0xfe, 0x00, 0x00, 0x00,
    0x03, 0xfe, 0x00, 0x00, 0x00, 0x03, 0xfe, 0x00, 0x00, 0x00, 0x03, 0xfe,
    0x00, 0x00, 0x00, 0x01, 0xfe, 0x00, 0x00, 0x00, 0x01, 0xfe, 0x00, 0x00,
    0x00, 0x03, 0xfe, 0x00, 0x3f, 0xc0, 0x03, 0xfe, 0x00, 0x3f, 0xc0, 0x03,
    0xfe, 0x00, 0x3f, 0xc0, 0x07, 0xfc, 0x00, 0x3f, 0xe0, 0x07, 0xfc, 0x00,
    0x3f, 0xf0, 0x0f, 0xfc, 0x00, 0x1f, 0xfc, 0x3f, 0xf8, 0x00, 0x1f, 0xff,
    0xff, 0xf8, 0x00, 0x0f, 0xff, 0xff, 0xf0, 0x00, 0x07, 0xff, 0xff, 0xe0,
    0x00, 0x03, 0xff, 0xff, 0xc0, 0x00, 0x01, 0xff, 0xff, 0x80, 0x00, 0x00,
    0x7f, 0xfe, 0x00, 0x00, 0x00, 0x0f, 0xf0, 0x00, 0x00, 0x00, 0x03, 0xfc,
    0x00, 0x00, 0x00, 0x1f, 0xff, 0x00, 0x00, 0x00, 0x7f, 0xff, 0xc0, 0x00,
    0x00, 0xff, 0xff, 0xe0, 0x00, 0x01, 0xff, 0xff, 0xf0, 0x00, 0x03, 0xff,
    0xff, 0xf8, 0x00, 0x03, 0xff, 0xff, 0xf8, 0x00, 0x07, 0xfc, 0x0f, 0xfc,
    0x00, 0x07, 0xf8, 0x07, 0xfc, 0x00, 0x0f, 0xf0, 0x03, 0xfc, 0x00, 0x0f,
    0xf0, 0x01, 0xfc, 0x00, 0x1f, 0xe0, 0x00, 0x00, 0x00, 0x1f, 0xe0, 0x00,
    0x00, 0x00, 0x1f, 0xe0, 0x00, 0x00, 0x00, 0x1f, 0xe0, 0x00, 0x00, 0x00,
    0x1f, 0xe0, 0x30, 0x00, 0x00, 0x3f, 0xc3, 0xff, 0x00, 0x00, 0x3f, 0xcf,
    0xff, 0xc0, 0x00, 0x3f, 0xdf, 0xff, 0xe0, 0x00, 0x3f, 0xff, 0xff, 0xf0,
    0x00, 0x3f, 0xff, 0xff, 0xf8, 0x00, 0x3f, 0xff, 0xff, 0xf8, 0x00, 0x3f,
    0xfc, 0x1f, 0xfc, 0x00, 0x3f, 0xf8, 0x07, 0xfc, 0x00, 0x3f, 0xf0, 0x03,
    0xfe, 0x00, 0x3f, 0xe0, 0x03, 0xfe, 0x00, 0x3f, 0xe0, 0x01, 0xfe, 0x00,
    0x3f, 0xc0, 0x01, 0xfe, 0x00, 0x3f, 0xc0, 0x01, 0xfe, 0x00, 0x3f, 0xc0,
    0x01, 0xfe, 0x00, 0x3f, 0xc0, 0x01, 0xfe, 0x00, 0x1f, 0xc0, 0x01, 0xfe,
    0x00, 0x1f, 0xe0, 0x01, 0xfe, 0x00, 0x1f, 0xe0, 0x03, 0xfc, 0x00, 0x1f,
    0xf0, 0x07, 0xfc, 0x00, 0x0f, 0xf8, 0x0f, 0xfc, 0x00, 0x0f, 0xfe, 0x1f,
    0xf8, 0x00, 0x07, 0xff, 0xff, 0xf8, 0x00, 0x07, 0xff, 0xff, 0xf0, 0x00,
    0x03, 0xff, 0xff, 0xe0, 0x00, 0x01, 0xff, 0xff, 0xc0, 0x00, 0x00, 0xff,
    0xff, 0x80, 0x00, 0x00, 0x3f, 0xff, 0x00, 0x00, 0x00, 0x07, 0xf8, 0x00,
    0x00, 0x3f, 0xff, 0xff, 0xff, 0x00, 0x3f, 0xff, 0xff, 0xff, 0x00, 0x3f,
    0xff, 0xff, 0xff, 0x00, 0x3f, 0xff, 0xff, 0xff, 0x00, 0x3f, 0xff, 0xff,
    0xff, 0x00, 0x3f, 0xff, 0xff, 0xff, 0x00, 0x3f, 0xff, 0xff, 0xff, 0x00,
    0x00, 0x00, 0x03, 0xfe, 0x00, 0x00, 0x00, 0x03, 0xfc, 0x00, 0x00, 0x00,
    0x07, 0xf8, 0x00, 0x00, 0x00, 0x07, 0xf8, 0x00, 0x00, 0x00, 0x0f, 0xf0,
    0x00, 0x00, 0x00, 0x1f, 0xe0, 0x00, 0x00, 0x00, 0x3f, 0xe0, 0x00, 0x00,
    0x00, 0x3f, 0xc0, 0x00, 0x00, 0x00, 0x7f, 0x80, 0x00, 0x00, 0x00, 0x7f,
    0x80, 0x00, 0x00, 0x00, 0xff, 0x00, 0x00, 0x00, 0x01, 0xfe, 0x00, 0x00,
    0x00, 0x01, 0xfe, 0x00, 0x00, 0x00, 0x03, 0xfc, 0x00, 0x00, 0x00, 0x03,
    0xfc, 0x00, 0x00, 0x00, 0x07, 0xf8, 0x00, 0x00, 0x00, 0x07, 0xf8, 0x00,
    0x00, 0x00, 0x0f, 0xf8, 0x00, 0x00, 0x00, 0x0f, 0xf0, 0x00, 0x00, 0x00,
    0x0f, 0xf0, 0x00, 0x00, 0x00, 0x1f, 0xe0, 0x00, 0x00, 0x00, 0x1f, 0xe0,
    0x00, 0x00, 0x00, 0x1f, 0xe0, 0x00, 0x00, 0x00, 0x3f, 0xc0, 0x00, 0x00,
    0x00, 0x3f, 0xc0, 0x00, 0x00, 0x00, 0x3f, 0xc0, 0x00, 0x00, 0x00, 0x3f,
    0xc0, 0x00, 0x00, 0x00, 0x7f, 0xc0, 0x00, 0x00, 0x00, 0x7f, 0x80, 0x00,
    0x00, 0x00, 0x7f, 0x80, 0x00, 0x00, 0x00, 0x7f, 0x80, 0x00, 0x00, 0x00,
    0x7f, 0x80, 0x00, 0x00, 0x00, 0xff, 0x80, 0x00, 0x00, 0x00, 0xff, 0x80,
    0x00, 0x00, 0x00, 0xff, 0x80, 0x00, 0x00, 0x00, 0xff, 0x00, 0x00, 0x00,
    0x00, 0x0f, 0xf0, 0x00, 0x00, 0x00, 0x3f, 0xfe, 0x00, 0x00, 0x00, 0xff,
    0xff, 0x80, 0x00, 0x03, 0xff, 0xff, 0xc0, 0x00, 0x07, 0xff, 0xff, 0xe0,
    0x00, 0x07, 0xff, 0xff, 0xf0, 0x00, 0x0f, 0xff, 0xff, 0xf8, 0x00, 0x0f,
    0xf8, 0x0f, 0xf8, 0x00, 0x1f, 0xf0, 0x07, 0xfc, 0x00, 0x1f, 0xe0, 0x03,
    0xfc, 0x00, 0x1f, 0xe0, 0x03, 0xfc, 0x00, 0x1f, 0xc0, 0x01, 0xfc, 0x00,
    0x1f, 0xc0, 0x01, 0xfc, 0x00, 0x1f, 0xc0, 0x01, 0xfc, 0x00, 0x1f, 0xe0,
    0x03, 0xfc, 0x00, 0x0f, 0xe0, 0x03, 0xf8, 0x00, 0x0f, 0xf0, 0x07, 0xf8,
    0x00, 0x07, 0xfc, 0x1f, 0xf0, 0x00, 0x03, 0xff, 0xff, 0xe0, 0x00, 0x01,
    0xff, 0xff, 0xc0, 0x00, 0x00, 0xff, 0xff, 0x80, 0x00, 0x03, 0xff, 0xff,
    0xe0, 0x00, 0x07, 0xff, 0xff, 0xf0, 0x00, 0x0f, 0xff, 0xff, 0xf8, 0x00,
    0x1f, 0xf8, 0x0f, 0xfc, 0x00, 0x1f, 0xf0, 0x07, 0xfc, 0x00, 0x3f, 0xe0,
    0x03, 0xfe, 0x00, 0x3f, 0xc0, 0x01, 0xfe, 0x00, 0x3f, 0xc0, 0x01, 0xfe,
    0x00, 0x7f, 0xc0, 0x01, 0xfe, 0x00, 0x7f, 0xc0, 0x01, 0xfe, 0x00, 0x7f,
    0xc0, 0x01, 0xfe, 0x00, 0x7f, 0xc0, 0x01, 0xfe, 0x00, 0x3f, 0xc0, 0x03,
    0xfe, 0x00, 0x3f, 0xe0, 0x03, 0xfe, 0x00, 0x3f, 0xf0, 0x07, 0xfe, 0x00,
    0x1f, 0xfc, 0x3f, 0xfc, 0x00, 0x1f, 0xff, 0xff, 0xfc, 0x00, 0x0f, 0xff,
    0xff, 0xf8, 0x00, 0x07, 0xff, 0xff, 0xf0, 0x00, 0x03, 0xff, 0xff, 0xe0,
    0x00, 0x01, 0xff, 0xff, 0xc0, 0x00, 0x00, 0x7f, 0xff, 0x00, 0x00, 0x00,
    0x0f, 0xf8, 0x00, 0x00, 0x00, 0x0f, 0xf0, 0x00, 0x00, 0x00, 0x7f, 0xfe,
    0x00, 0x00, 0x01, 0xff, 0xff, 0x00, 0x00, 0x03, 0xff, 0xff, 0xc0, 0x00,
    0x07, 0xff, 0xff, 0xe0, 0x00, 0x0f, 0xff, 0xff, 0xe0, 0x00, 0x0f, 0xff,
    0xff, 0xf0, 0x00, 0x1f, 0xf8, 0x1f, 0xf8, 0x00, 0x1f, 0xf0, 0x0f, 0xf8,
    0x00, 0x3f, 0xe0, 0x07, 0xf8, 0x00, 0x3f, 0xc0, 0x03, 0xfc, 0x00, 0x3f,
    0xc0, 0x03, 0xfc, 0x00, 0x3f, 0xc0, 0x03, 0xfc, 0x00, 0x3f, 0xc0, 0x03,
    0xfc, 0x00, 0x3f, 0xc0, 0x03, 0xfe, 0x00, 0x3f, 0xc0, 0x03, 0xfe, 0x00,
    0x3f, 0xc0, 0x03, 0xfe, 0x00, 0x3f, 0xc0, 0x03, 0xfe, 0x00, 0x3f, 0xe0,
    0x07, 0xfe, 0x00, 0x3f, 0xe0, 0x07, 0xfe, 0x00, 0x1f, 0xf0, 0x0f, 0xfe,
    0x00, 0x1f, 0xf8, 0x3f, 0xfe, 0x00, 0x1f, 0xff, 0xff, 0xfe, 0x00, 0x0f,
    0xff, 0xff, 0xfe, 0x00, 0x07, 0xff, 0xff, 0xfe, 0x00, 0x03, 0xff, 0xff,
    0xfe, 0x00, 0x01, 0xff, 0xfb, 0xfe, 0x00, 0x00, 0xff, 0xf3, 0xfc, 0x00,
    0x00, 0x1f, 0xc3, 0xfc, 0x00, 0x00, 0x00, 0x03, 0xfc, 0x00, 0x00, 0x00,
    0x03, 0xfc, 0x00, 0x00, 0x00, 0x03, 0xfc, 0x00, 0x00, 0x00, 0x07, 0xf8,
    0x00, 0x3f, 0xe0, 0x07, 0xf8, 0x00, 0x1f, 0xe0, 0x0f, 0xf8, 0x00, 0x1f,
    0xf0, 0x1f, 0xf0, 0x00, 0x1f, 0xfc, 0x3f, 0xf0, 0x00, 0x0f, 0xff, 0xff,
    0xe0, 0x00, 0x0f, 0xff, 0xff, 0xe0, 0x00, 0x07, 0xff, 0xff, 0xc0, 0x00,
    0x03, 0xff, 0xff, 0x80, 0x00, 0x01, 0xff, 0xff, 0x00, 0x00, 0x00, 0x7f,
    0xfc, 0x00, 0x00, 0x00, 0x0f, 0xe0, 0x00, 0x00, 0x03, 0xfe, 0x00, 0x03,
    0xfe, 0x00, 0x03, 0xfe, 0x00, 0x03, 0xfe, 0x00, 0x03, 0xfe, 0x00, 0x03,
    0xfe, 0x00, 0x03, 0xfe, 0x00, 0x03, 0xfe, 0x00, 0x03, 0xfc, 0x00, 0x00,
    0x00, 0x00, 0x00, 0x00, 0x00, 0x00, 0x00, 0x00, 0x00, 0x00, 0x00, 0x00,
    0x00, 0x00, 0x00, 0x00, 0x00, 0x00, 0x00, 0x00, 0x00, 0x00, 0x00, 0x00,
    0x00, 0x00, 0x00, 0x00, 0x00, 0x00, 0x00, 0x00, 0x00, 0x00, 0x00, 0x00,
    0x00, 0x00, 0x03, 0xfc, 0x00, 0x03, 0xfe, 0x00, 0x03, 0xfe, 0x00, 0x03,
    0xfe, 0x00, 0x03, 0xfe, 0x00, 0x03, 0xfe, 0x00, 0x03, 0xfe, 0x00, 0x03,
    0xfe, 0x00, 0x03, 0xfe, 0x00,
};
static const watchy_font_glyph_t glyphs_heros_60_bold[] = {
    {32, 0, 0, 0, 0, 0, 17, 0},
    {48, 0, 0, 43, 33, 44, 33, 5},
    {49, 220, 0, 43, 33, 43, 33, 5},
    {50, 435, 0, 43, 33, 43, 33, 5},
    {51, 650, 0, 43, 33, 44, 33, 5},
    {52, 870, 0, 43, 33, 43, 33, 5},
    {53, 1085, 0, 43, 33, 44, 33, 5},
    {54, 1305, 0, 43, 33, 44, 33, 5},
    {55, 1525, 0, 43, 33, 43, 33, 5},
    {56, 1740, 0, 43, 33, 44, 33, 5},
    {57, 1960, 0, 43, 33, 44, 33, 5},
    {58, 2180, 0, 31, 20, 31, 20, 3},
};
watchy_font_t watchy_font_heros_60_bold = {glyphs_heros_60_bold, bitmap_heros_60_bold, 12, 60, 68, -19, 87};

static const uint8_t bitmap_heros_62_bold[] = {
    0x00, 0x07, 0xf8, 0x00, 0x00, 0x00, 0x3f, 0xff, 0x00, 0x00, 0x00, 0xff,
    0xff, 0x80, 0x00, 0x01, 0xff, 0xff, 0xe0, 0x00, 0x03, 0xff, 0xff, 0xf0,
    0x00, 0x07, 0xff, 0xff, 0xf0, 0x00, 0x07, 0xff, 0xff, 0xf8, 0x00, 0x0f,
    0xfc, 0x1f, 0xfc, 0x00, 0x0f, 0xf8, 0x07, 0xfc, 0x00, 0x1f, 0xf0, 0x03,
    0xfc, 0x00, 0x1f, 0xf0, 0x03, 0xfe, 0x00, 0x1f, 0xf0, 0x03, 0xfe, 0x00,
    0x1f, 0xe0, 0x01, 0xfe, 0x00, 0x3f, 0xe0, 0x01, 0xfe, 0x00, 0x3f, 0xe0,
    0x01, 0xff, 0x00, 0x3f, 0xe0, 0x01, 0xff, 0x00, 0x3f, 0xe0, 0x01, 0xff,
    0x00, 0x3f, 0xe0, 0x01, 0xff, 0x00, 0x3f, 0xe0, 0x01, 0xff, 0x00, 0x3f,
    0xe0, 0x01, 0xff, 0x00, 0x3f, 0xe0, 0x01, 0xff, 0x00, 0x3f, 0xc0, 0x01,
    0xff, 0x00, 0x3f, 0xc0, 0x01, 0xff, 0x00, 0x3f, 0xc0, 0x01, 0xff, 0x00,
    0x3f, 0xc0, 0x01, 0xff, 0x00, 0x3f, 0xe0, 0x01, 0xff, 0x00, 0x3f, 0xe0,
    0x01, 0xff, 0x00, 0x3f, 0xe0, 0x01, 0xff, 0x00, 0x3f, 0xe0, 0x01, 0xff,
    0x00, 0x3f, 0xe0, 0x01, 0xff, 0x00, 0x3f, 0xe0, 0x01, 0xff, 0x00, 0x3f,
    0xe0, 0x01, 0xfe, 0x00, 0x1f, 0xe0, 0x01, 0xfe, 0x00, 0x1f, 0xe0, 0x01,
    0xfe, 0x00, 0x1f, 0xf0, 0x03, 0xfe, 0x00, 0x1f, 0xf0, 0x03, 0xfe, 0x00,
    0x0f, 0xf8, 0x07, 0xfc, 0x00, 0x0f, 0xf8, 0x0f, 0xfc, 0x00, 0x0f, 0xff,
    0x3f, 0xf8, 0x00, 0x07, 0xff, 0xff, 0xf8, 0x00, 0x07, 0xff, 0xff, 0xf0,
    0x00, 0x03, 0xff, 0xff, 0xf0, 0x00, 0x01, 0xff, 0xff, 0xe0, 0x00, 0x00,
    0xff, 0xff, 0xc0, 0x00, 0x00, 0x3f, 0xff, 0x00, 0x00, 0x00, 0x07, 0xf8,
    0x00, 0x00, 0x00, 0x00, 0x7e, 0x00, 0x00, 0x00, 0x00, 0x7e, 0x00, 0x00,
    0x00, 0x00, 0x7e, 0x00, 0x00, 0x00, 0x00, 0xfe, 0x00, 0x00, 0x00, 0x01,
    0xfe, 0x00, 0x00, 0x00, 0x03, 0xfe, 0x00, 0x00, 0x00, 0x0f, 0xfe, 0x00,
    0x00, 0x00, 0x7f, 0xfe, 0x00, 0x00, 0x0f, 0xff, 0xfe, 0x00, 0x00, 0x0f,
    0xff, 0xfe, 0x00, 0x00, 0x0f, 0xff, 0xfe, 0x00, 0x00, 0x0f, 0xff, 0xfe,
    0x00, 0x00, 0x0f, 0xff, 0xfe, 0x00, 0x00, 0x0f, 0xff, 0xfe, 0x00, 0x00,
    0x00, 0x01, 0xfe, 0x00, 0x00, 0x00, 0x01, 0xfe, 0x00, 0x00, 0x00, 0x01,
    0xfe, 0x00, 0x00, 0x00, 0x01, 0xfe, 0x00, 0x00, 0x00, 0x01, 0xfe, 0x00,
    0x00, 0x00, 0x01, 0xfe, 0x00, 0x00, 0x00, 0x01, 0xfe, 0x00, 0x00, 0x00,
    0x01, 0xfe, 0x00, 0x00, 0x00, 0x01, 0xfe, 0x00, 0x00, 0x00, 0x01, 0xfe,
    0x00, 0x00, 0x00, 0x01, 0xfe, 0x00, 0x00, 0x00, 0x01, 0xfe, 0x00, 0x00,
    0x00, 0x01, 0xfe, 0x00, 0x00, 0x00, 0x01, 0xfe, 0x00, 0x00, 0x00, 0x01,
    0xfe, 0x00, 0x00, 0x00, 0x01, 0xfe, 0x00, 0x00, 0x00, 0x01, 0xfe, 0x00,
    0x00, 0x00, 0x01, 0xfe, 0x00, 0x00, 0x00, 0x01, 0xfe, 0x00, 0x00, 0x00,
    0x01, 0xfe, 0x00, 0x00, 0x00, 0x01, 0xfe, 0x00, 0x00, 0x00, 0x01, 0xfe,
    0x00, 0x00, 0x00, 0x01, 0xfe, 0x00, 0x00, 0x00, 0x01, 0xfe, 0x00, 0x00,
    0x00, 0x01, 0xfe, 0x00, 0x00, 0x00, 0x01, 0xfe, 0x00, 0x00, 0x00, 0x01,
    0xfe, 0x00, 0x00, 0x00, 0x01, 0xfe, 0x00, 0x00, 0x00, 0x01, 0xfe, 0x00,
    0x00, 0x00, 0x01, 0xfe, 0x00, 0x00, 0x00, 0x07, 0xf8, 0x00, 0x00, 0x00,
    0x3f, 0xff, 0x00, 0x00, 0x00, 0xff, 0xff, 0xc0, 0x00, 0x01, 0xff, 0xff,
    0xe0, 0x00, 0x03, 0xff, 0xff, 0xf0, 0x00, 0x07, 0xff, 0xff, 0xf8, 0x00,
    0x0f, 0xff, 0xff, 0xfc, 0x00, 0x0f, 0xfe, 0x1f, 0xfc, 0x00, 0x1f, 0xf8,
    0x07, 0xfe, 0x00, 0x1f, 0xf0, 0x03, 0xfe, 0x00, 0x1f, 0xf0, 0x03, 0xff,
    0x00, 0x1f, 0xe0, 0x01, 0xff, 0x00, 0x1f, 0xe0, 0x01, 0xff, 0x00, 0x3f,
    0xe0, 0x01, 0xff, 0x00, 0x3f, 0xe0, 0x01, 0xff, 0x00, 0x3f, 0xe0, 0x01,
    0xff, 0x00, 0x00, 0x00, 0x01, 0xff, 0x00, 0x00, 0x00, 0x01, 0xff, 0x00,
    0x00, 0x00, 0x03, 0xfe, 0x00, 0x00, 0x00, 0x03, 0xfe, 0x00, 0x00, 0x00,
    0x07, 0xfc, 0x00, 0x00, 0x00, 0x0f, 0xfc, 0x00, 0x00, 0x00, 0x1f, 0xf8,
    0x00, 0x00, 0x00, 0x3f, 0xf0, 0x00, 0x00, 0x00, 0x7f, 0xe0, 0x00, 0x00,
    0x01, 0xff, 0xc0, 0x00, 0x00, 0x03, 0xff, 0x80, 0x00, 0x00, 0x07, 0xff,
    0x00, 0x00, 0x00, 0x1f, 0xfe, 0x00, 0x00, 0x00, 0x3f, 0xf8, 0x00, 0x00,
    0x00, 0x7f, 0xf0, 0x00, 0x00, 0x01, 0xff, 0xe0, 0x00, 0x00, 0x03, 0xff,
    0x80, 0x00, 0x00, 0x03, 0xff, 0x00, 0x00, 0x00, 0x07, 0xfe, 0x00, 0x00,
    0x00, 0x0f, 0xfc, 0x00, 0x00, 0x00, 0x0f, 0xfc, 0x00, 0x00, 0x00, 0x1f,
    0xff, 0xff, 0xff, 0x00, 0x1f, 0xff, 0xff, 0xff, 0x00, 0x1f, 0xff, 0xff,
    0xff, 0x00, 0x3f, 0xff, 0xff, 0xff, 0x00, 0x3f, 0xff, 0xff, 0xff, 0x00,
    0x3f, 0xff, 0xff, 0xff, 0x00, 0x3f, 0xff, 0xff, 0xff, 0x00, 0x3f, 0xff,
    0xff, 0xff, 0x00, 0x00, 0x0f, 0xf8, 0x00, 0x00, 0x00, 0x7f, 0xff, 0x00,
    0x00, 0x00, 0xff, 0xff, 0xc0, 0x00, 0x03, 0xff, 0xff, 0xe0, 0x00, 0x07,
    0xff, 0xff, 0xf0, 0x00, 0x07, 0xff, 0xff, 0xf8, 0x00, 0x0f, 0xff, 0xff,
    0xf8, 0x00, 0x0f, 0xfc, 0x1f, 0xfc, 0x00, 0x1f, 0xf0, 0x0f, 0xfc, 0x00,
    0x1f, 0xe0, 0x07, 0xfc, 0x00, 0x1f, 0xe0, 0x07, 0xfc, 0x00, 0x1f, 0xe0,
    0x03, 0xfe, 0x00, 0x3f, 0xe0, 0x03, 0xfe, 0x00, 0x3f, 0xc0, 0x03, 0xfc,
    0x00, 0x3f, 0xc0, 0x03, 0xfc, 0x00, 0x00, 0x00, 0x07, 0xfc, 0x00, 0x00,
    0x00, 0x07, 0xf8, 0x00, 0x00, 0x00, 0x0f, 0xf8, 0x00, 0x00, 0x00, 0x3f,
    0xf0, 0x00, 0x00, 0x03, 0xff, 0xe0, 0x00, 0x00, 0x07, 0xff, 0xc0, 0x00,
    0x00, 0x07, 0xff, 0xc0, 0x00, 0x00, 0x07, 0xff, 0xe0, 0x00, 0x00, 0x07,
    0xff, 0xf0, 0x00, 0x00, 0x07, 0xff, 0xf8, 0x00, 0x00, 0x00, 0x7f, 0xfc,
    0x00, 0x00, 0x00, 0x0f, 0xfe, 0x00, 0x00, 0x00, 0x03, 0xfe, 0x00, 0x00,
    0x00, 0x03, 0xff, 0x00, 0x00, 0x00, 0x01, 0xff, 0x00, 0x00, 0x00, 0x01,
    0xff, 0x00, 0x00, 0x00, 0x01, 0xff, 0x00, 0x3f, 0xc0, 0x01, 0xff, 0x00,
    0x3f, 0xc0, 0x01, 0xff, 0x00, 0x3f, 0xe0, 0x01, 0xff, 0x00, 0x3f, 0xe0,
    0x03, 0xff, 0x00, 0x1f, 0xf0, 0x03, 0xfe, 0x00, 0x1f, 0xf8, 0x0f, 0xfe,
    0x00, 0x1f, 0xff, 0x7f, 0xfc, 0x00, 0x0f, 0xff, 0xff, 0xfc, 0x00, 0x0f,
    0xff, 0xff, 0xf8, 0x00, 0x07, 0xff, 0xff, 0xf0, 0x00, 0x03, 0xff, 0xff,
    0xe0, 0x00, 0x00, 0xff, 0xff, 0xc0, 0x00, 0x00, 0x7f, 0xff, 0x00, 0x00,
    0x00, 0x0f, 0xf8, 0x00, 0x00, 0x00, 0x00, 0x7f, 0xf0, 0x00, 0x00, 0x00,
    0x7f, 0xf0, 0x00, 0x00, 0x00, 0xff, 0xf0, 0x00, 0x00, 0x01, 0xff, 0xf0,
    0x00, 0x00, 0x01, 0xff, 0xf0, 0x00, 0x00, 0x03, 0xff, 0xf0, 0x00, 0x00,
    0x03, 0xff, 0xf0, 0x00, 0x00, 0x07, 0xff, 0xf0, 0x00, 0x00, 0x0f, 0xff,
    0xf0, 0x00, 0x00, 0x0f, 0xdf, 0xf0, 0x00, 0x00, 0x1f, 0xdf, 0xf0, 0x00,
    0x00, 0x1f, 0x9f, 0xf0, 0x00, 0x00, 0x3f, 0x1f, 0xf0, 0x00, 0x00, 0x7f,
    0x1f, 0xf0, 0x00, 0x00, 0x7e, 0x1f, 0xf0, 0x00, 0x00, 0xfe, 0x1f, 0xf0,
    0x00, 0x00, 0xfc, 0x1f, 0xf0, 0x00, 0x01, 0xf8, 0x1f, 0xf0, 0x00, 0x03,
    0xf8, 0x1f, 0xf0, 0x00, 0x03, 0xf0, 0x1f, 0xf0, 0x00, 0x07, 0xf0, 0x1f,
    0xf0, 0x00, 0x07, 0xe0, 0x1f, 0xf0, 0x00, 0x0f, 0xc0, 0x1f, 0xf0, 0x00,
    0x0f, 0xc0, 0x1f, 0xf0, 0x00, 0x1f, 0x80, 0x1f, 0xf0, 0x00, 0x3f, 0x80,
    0x1f, 0xf0, 0x00, 0x3f, 0x00, 0x1f, 0xf0, 0x00, 0x7f, 0xff, 0xff, 0xff,
    0x00, 0x7f, 0xff, 0xff, 0xff, 0x00, 0x7f, 0xff, 0xff, 0xff, 0x00, 0x7f,
    0xff, 0xff, 0xff, 0x00, 0x7f, 0xff, 0xff, 0xff, 0x00, 0x7f, 0xff, 0xff,
    0xff, 0x00, 0x7f, 0xff, 0xff, 0xff, 0x00, 0x00, 0x00, 0x1f, 0xf0, 0x00,
    0x00, 0x00, 0x1f, 0xf0, 0x00, 0x00, 0x00, 0x1f, 0xf0, 0x00, 0x00, 0x00,
    0x1f, 0xf0, 0x00, 0x00, 0x00, 0x1f, 0xf0, 0x00, 0x00, 0x00, 0x1f, 0xf0,
    0x00, 0x00, 0x00, 0x1f, 0xf0, 0x00, 0x00, 0x00, 0x1f, 0xf0, 0x00, 0x00,
    0x00, 0x1f, 0xf0, 0x00, 0x00, 0x00, 0x1f, 0xf0, 0x00, 0x01, 0xff, 0xff,
    0xfc, 0x00, 0x01, 0xff, 0xff, 0xfc, 0x00, 0x03, 0xff, 0xff, 0xfc, 0x00,
    0x03, 0xff, 0xff, 0xfc, 0x00, 0x03, 0xff, 0xff, 0xfc, 0x00, 0x03, 0xff,
    0xff, 0xfc, 0x00, 0x03, 0xff, 0xff, 0xfc, 0x00, 0x03, 0xff, 0xff, 0xfc,
    0x00, 0x07, 0xf0, 0x00, 0x00, 0x00, 0x07, 0xf0, 0x00, 0x00, 0x00, 0x07,
    0xf0, 0x00, 0x00, 0x00, 0x07, 0xf0, 0x00, 0x00, 0x00, 0x07, 0xe0, 0x00,
    0x00, 0x00, 0x07, 0xe0, 0x00, 0x00, 0x00, 0x0f, 0xe1, 0xfc, 0x00, 0x00,
    0x0f, 0xe7, 0xff, 0x80, 0x00, 0x0f, 0xff, 0xff, 0xc0, 0x00, 0x0f, 0xff,
    0xff, 0xe0, 0x00, 0x0f, 0xff, 0xff, 0xf0, 0x00, 0x0f, 0xff, 0xff, 0xf8,
    0x00, 0x0f, 0xff, 0xff, 0xfc, 0x00, 0x1f, 0xfc, 0x1f, 0xfc, 0x00, 0x1f,
    0xf0, 0x07, 0xfe, 0x00, 0x1f, 0xe0, 0x03, 0xfe, 0x00, 0x00, 0x00, 0x03,
    0xfe, 0x00, 0x00, 0x00, 0x01, 0xff, 0x00, 0x00, 0x00, 0x01, 0xff, 0x00,
    0x00, 0x00, 0x01, 0xff, 0x00, 0x00, 0x00, 0x01, 0xff, 0x00, 0x00, 0x00,
    0x01, 0xff, 0x00, 0x00, 0x00, 0x01, 0xff, 0x00, 0x00, 0x00, 0x01, 0xff,
    0x00, 0x3f, 0xc0, 0x01, 0xff, 0x00, 0x3f, 0xc0, 0x01, 0xff, 0x00, 0x3f,
    0xe0, 0x03, 0xfe, 0x00, 0x3f, 0xe0, 0x07, 0xfe, 0x00, 0x3f, 0xf8, 0x0f,
    0xfe, 0x00, 0x1f, 0xff, 0x7f, 0xfc, 0x00, 0x1f, 0xff, 0xff, 0xf8, 0x00,
    0x0f, 0xff, 0xff, 0xf8, 0x00, 0x07, 0xff, 0xff, 0xf0, 0x00, 0x03, 0xff,
    0xff, 0xe0, 0x00, 0x01, 0xff, 0xff, 0x80, 0x00, 0x00, 0x7f, 0xfe, 0x00,
    0x00, 0x00, 0x0f, 0xf0, 0x00, 0x00, 0x00, 0x03, 0xfc, 0x00, 0x00, 0x00,
    0x1f, 0xff, 0x80, 0x00, 0x00, 0x3f, 0xff, 0xe0, 0x00, 0x00, 0xff, 0xff,
    0xf0, 0x00, 0x00, 0xff, 0xff, 0xf8, 0x00, 0x01, 0xff, 0xff, 0xf8, 0x00,
    0x03, 0xff, 0xff, 0xfc, 0x00, 0x07, 0xfe, 0x0f, 0xfc, 0x00, 0x07, 0xfc,
    0x03, 0xfe, 0x00, 0x0f, 0xf8, 0x01, 0xfe, 0x00, 0x0f, 0xf0, 0x01, 0xfe,
    0x00, 0x0f, 0xf0, 0x00, 0x00, 0x00, 0x1f, 0xf0, 0x00, 0x00, 0x00, 0x1f,
    0xe0, 0x00, 0x00, 0x00, 0x1f, 0xe0, 0x00, 0x00, 0x00, 0x1f, 0xe0, 0x00,
    0x00, 0x00, 0x1f, 0xe0, 0x7c, 0x00, 0x00, 0x3f, 0xe3, 0xff, 0x80, 0x00,
    0x3f, 0xef, 0xff, 0xe0, 0x00, 0x3f, 0xff, 0xff, 0xf0, 0x00, 0x3f, 0xff,
    0xff, 0xf8, 0x00, 0x3f, 0xff, 0xff, 0xfc, 0x00, 0x3f, 0xff, 0xff, 0xfc,
    0x00, 0x3f, 0xfe, 0x0f, 0xfe, 0x00, 0x3f, 0xf8, 0x07, 0xfe, 0x00, 0x3f,
    0xf0, 0x03, 0xff, 0x00, 0x3f, 0xf0, 0x01, 0xff, 0x00, 0x3f, 0xe0, 0x01,
    0xff, 0x00, 0x3f, 0xe0, 0x00, 0xff, 0x00, 0x3f, 0xe0, 0x00, 0xff, 0x00,
    0x3f, 0xe0, 0x00, 0xff, 0x00, 0x3f, 0xe0, 0x00, 0xff, 0x00, 0x1f, 0xe0,
    0x00, 0xff, 0x00, 0x1f, 0xe0, 0x00, 0xff, 0x00, 0x1f, 0xe0, 0x01, 0xff,
    0x00, 0x1f, 0xf0, 0x01, 0xfe, 0x00, 0x0f, 0xf0, 0x03, 0xfe, 0x00, 0x0f,
    0xfc, 0x07, 0xfe, 0x00, 0x0f, 0xff, 0xbf, 0xfc, 0x00, 0x07, 0xff, 0xff,
    0xfc, 0x00, 0x03, 0xff, 0xff, 0xf8, 0x00, 0x03, 0xff, 0xff, 0xf0, 0x00,
    0x01, 0xff, 0xff, 0xe0, 0x00, 0x00, 0x7f, 0xff, 0xc0, 0x00, 0x00, 0x3f,
    0xff, 0x00, 0x00, 0x00, 0x07, 0xf8, 0x00, 0x00, 0x3f, 0xff, 0xff, 0xff,
    0x80, 0x3f, 0xff, 0xff, 0xff, 0x80, 0x3f, 0xff, 0xff, 0xff, 0x80, 0x3f,
    0xff, 0xff, 0xff, 0x80, 0x3f, 0xff, 0xff, 0xff, 0x80, 0x3f, 0xff, 0xff,
    0xff, 0x80, 0x3f, 0xff, 0xff, 0xff, 0x80, 0x3f, 0xff, 0xff, 0xff, 0x00,
    0x00, 0x00, 0x01, 0xfe, 0x00, 0x00, 0x00, 0x03, 0xfe, 0x00, 0x00, 0x00,
    0x07, 0xfc, 0x00, 0x00, 0x00, 0x07, 0xf8, 0x00, 0x00, 0x00, 0x0f, 0xf0,
    0x00, 0x00, 0x00, 0x1f, 0xf0, 0x00, 0x00, 0x00, 0x1f, 0xe0, 0x00, 0x00,
    0x00, 0x3f, 0xc0, 0x00, 0x00, 0x00, 0x7f, 0xc0, 0x00, 0x00, 0x00, 0x7f,
    0x80, 0x00, 0x00, 0x00, 0xff, 0x80, 0x00, 0x00, 0x00, 0xff, 0x00, 0x00,
    0x00, 0x01, 0xfe, 0x00, 0x00, 0x00, 0x03, 0xfe, 0x00, 0x00, 0x00, 0x03,
    0xfc, 0x00, 0x00, 0x00, 0x03, 0xfc, 0x00, 0x00, 0x00, 0x07, 0xf8, 0x00,
    0x00, 0x00, 0x07, 0xf8, 0x00, 0x00, 0x00, 0x0f, 0xf8, 0x00, 0x00, 0x00,
    0x0f, 0xf0, 0x00, 0x00, 0x00, 0x0f, 0xf0, 0x00, 0x00, 0x00, 0x1f, 0xf0,
    0x00, 0x00, 0x00, 0x1f, 0xe0, 0x00, 0x00, 0x00, 0x1f, 0xe0, 0x00, 0x00,
    0x00, 0x3f, 0xe0, 0x00, 0x00, 0x00, 0x3f, 0xc0, 0x00, 0x00, 0x00, 0x3f,
    0xc0, 0x00, 0x00, 0x00, 0x3f, 0xc0, 0x00, 0x00, 0x00, 0x7f, 0xc0, 0x00,
    0x00, 0x00, 0x7f, 0xc0, 0x00, 0x00, 0x00, 0x7f, 0xc0, 0x00, 0x00, 0x00,
    0x7f, 0x80, 0x00, 0x00, 0x00, 0x7f, 0x80, 0x00, 0x00, 0x00, 0x7f, 0x80,
    0x00, 0x00, 0x00, 0xff, 0x80, 0x00, 0x00, 0x00, 0xff, 0x80, 0x00, 0x00,
    0x00, 0x07, 0xf8, 0x00, 0x00, 0x00, 0x3f, 0xff, 0x00, 0x00, 0x00, 0xff,
    0xff, 0xc0, 0x00, 0x01, 0xff, 0xff, 0xe0, 0x00, 0x03, 0xff, 0xff, 0xf0,
    0x00, 0x07, 0xff, 0xff, 0xf8, 0x00, 0x0f, 0xff, 0xff, 0xfc, 0x00, 0x0f,
    0xfc, 0x0f, 0xfc, 0x00, 0x1f, 0xf8, 0x07, 0xfc, 0x00, 0x1f, 0xf0, 0x03,
    0xfe, 0x00, 0x1f, 0xe0, 0x01, 0xfe, 0x00, 0x1f, 0xe0, 0x01, 0xfe, 0x00,
    0x1f, 0xe0, 0x01, 0xfe, 0x00, 0x1f, 0xe0, 0x01, 0xfe, 0x00, 0x1f, 0xe0,
    0x01, 0xfe, 0x00, 0x1f, 0xe0, 0x01, 0xfc, 0x00, 0x0f, 0xf0, 0x03, 0xfc,
    0x00, 0x0f, 0xf8, 0x07, 0xf8, 0x00, 0x07, 0xfc, 0x0f, 0xf8, 0x00, 0x03,
    0xff, 0xff, 0xf0, 0x00, 0x00, 0xff, 0xff, 0xc0, 0x00, 0x00, 0xff, 0xff,
    0xc0, 0x00, 0x03, 0xff, 0xff, 0xf0, 0x00, 0x07, 0xff, 0xff, 0xf8, 0x00,
    0x0f, 0xff, 0xff, 0xfc, 0x00, 0x1f, 0xfc, 0x0f, 0xfe, 0x00, 0x1f, 0xf0,
    0x03, 0xfe, 0x00, 0x3f, 0xe0, 0x03, 0xff, 0x00, 0x3f, 0xe0, 0x01, 0xff,
    0x00, 0x3f, 0xc0, 0x01, 0xff, 0x00, 0x3f, 0xc0, 0x00, 0xff, 0x00, 0x7f,
    0xc0, 0x00, 0xff, 0x80, 0x7f, 0xc0, 0x00, 0xff, 0x80, 0x7f, 0xc0, 0x00,
    0xff, 0x00, 0x3f, 0xc0, 0x01, 0xff, 0x00, 0x3f, 0xe0, 0x01, 0xff, 0x00,
    0x3f, 0xf0, 0x03, 0xff, 0x00, 0x3f, 0xf8, 0x07, 0xff, 0x00, 0x1f, 0xff,
    0xff, 0xfe, 0x00, 0x1f, 0xff, 0xff, 0xfe, 0x00, 0x0f, 0xff, 0xff, 0xfc,
    0x00, 0x07, 0xff, 0xff, 0xf8, 0x00, 0x03, 0xff, 0xff, 0xf0, 0x00, 0x01,
    0xff, 0xff, 0xc0, 0x00, 0x00, 0x7f, 0xff, 0x80, 0x00, 0x00, 0x07, 0xf8,
    0x00, 0x00, 0x00, 0x07, 0xf8, 0x00, 0x00, 0x00, 0x3f, 0xfe, 0x00, 0x00,
    0x00, 0xff, 0xff, 0x80, 0x00, 0x01, 0xff, 0xff, 0xc0, 0x00, 0x03, 0xff,
    0xff, 0xe0, 0x00, 0x07, 0xff, 0xff, 0xf0, 0x00, 0x0f, 0xff, 0xff, 0xf8,
    0x00, 0x1f, 0xfc, 0x1f, 0xf8, 0x00, 0x1f, 0xf8, 0x07, 0xfc, 0x00, 0x1f,
    0xf0, 0x07, 0xfc, 0x00, 0x3f, 0xe0, 0x03, 0xfc, 0x00, 0x3f, 0xe0, 0x01,
    0xfe, 0x00, 0x3f, 0xc0, 0x01, 0xfe, 0x00, 0x3f, 0xc0, 0x01, 0xfe, 0x00,
    0x3f, 0xc0, 0x01, 0xfe, 0x00, 0x3f, 0xc0, 0x01, 0xff, 0x00, 0x3f, 0xc0,
    0x01, 0xff, 0x00, 0x3f, 0xc0, 0x01, 0xff, 0x00, 0x3f, 0xc0, 0x01, 0xff,
    0x00, 0x3f, 0xe0, 0x03, 0xff, 0x00, 0x3f, 0xe0, 0x03, 0xff, 0x00, 0x1f,
    0xf0, 0x07, 0xff, 0x00, 0x1f, 0xfc, 0x1f, 0xff, 0x00, 0x0f, 0xff, 0xff,
    0xff, 0x00, 0x0f, 0xff, 0xff, 0xff, 0x00, 0x07, 0xff, 0xff, 0xff, 0x00,
    0x03, 0xff, 0xff, 0xff, 0x00, 0x01, 0xff, 0xfd, 0xff, 0x00, 0x00, 0xff,
    0xf9, 0xff, 0x00, 0x00, 0x1f, 0xe1, 0xfe, 0x00, 0x00, 0x00, 0x01, 0xfe,
    0x00, 0x00, 0x00, 0x01, 0xfe, 0x00, 0x00, 0x00, 0x01, 0xfe, 0x00, 0x00,
    0x00, 0x03, 0xfe, 0x00, 0x1f, 0xe0, 0x03, 0xfc, 0x00, 0x1f, 0xe0, 0x07,
    0xfc, 0x00, 0x1f, 0xf0, 0x07, 0xfc, 0x00, 0x1f, 0xf8, 0x0f, 0xf8, 0x00,
    0x1f, 0xff, 0x7f, 0xf8, 0x00, 0x0f, 0xff, 0xff, 0xf0, 0x00, 0x0f, 0xff,
    0xff, 0xe0, 0x00, 0x07, 0xff, 0xff, 0xc0, 0x00, 0x03, 0xff, 0xff, 0xc0,
    0x00, 0x01, 0xff, 0xff, 0x00, 0x00, 0x00, 0x7f, 0xfe, 0x00, 0x00, 0x00,
    0x0f, 0xf0, 0x00, 0x00, 0x00, 0x00, 0x00, 0x03, 0xfe, 0x00, 0x03, 0xfe,
    0x00, 0x03, 0xfe, 0x00, 0x03, 0xfe, 0x00, 0x03, 0xfe, 0x00, 0x03, 0xfe,
    0x00, 0x03, 0xfe, 0x00, 0x03, 0xfe, 0x00, 0x03, 0xfe, 0x00, 0x00, 0x00,
    0x00, 0x00, 0x00, 0x00, 0x00, 0x00, 0x00, 0x00, 0x00, 0x00, 0x00, 0x00,
    0x00, 0x00, 0x00, 0x00, 0x00, 0x00, 0x00, 0x00, 0x00, 0x00, 0x00, 0x00,
    0x00, 0x00, 0x00, 0x00, 0x00, 0x00, 0x00, 0x00, 0x00, 0x00, 0x00, 0x00,
    0x00, 0x00, 0x00, 0x00, 0x03, 0xfe, 0x00, 0x03, 0xfe, 0x00, 0x03, 0xfe,
    0x00, 0x03, 0xfe, 0x00, 0x03, 0xfe, 0x00, 0x03, 0xfe, 0x00, 0x03, 0xfe,
    0x00, 0x03, 0xfe, 0x00, 0x03, 0xfe, 0x00,
};
static const watchy_font_glyph_t glyphs_heros_62_bold[] = {
    {32, 0, 0, 0, 0, 0, 17, 0},
    {48, 0, 0, 45, 34, 46, 34, 5},
    {49, 230, 0, 44, 34, 44, 34, 5},
    {50, 450, 0, 45, 34, 45, 34, 5},
    {51, 675, 0, 45, 34, 46, 34, 5},
    {52, 905, 0, 44, 34, 44, 34, 5},
    {53, 1125, 0, 44, 34, 45, 34, 5},
    {54, 1350, 0, 45, 34, 46, 34, 5},
    {55, 1580, 0, 44, 34, 44, 34, 5},
    {56, 1800, 0, 45, 34, 46, 34, 5},
    {57, 2030, 0, 45, 34, 46, 34, 5},
    {58, 2260, 0, 33, 21, 33, 21, 3},
};
watchy_font_t watchy_font_heros_62_bold = {glyphs_heros_62_bold, bitmap_heros_62_bold, 12, 62, 70, -20, 90};

static const uint8_t bitmap_heros_72_bold[] = {
    0x00, 0x01, 0xff, 0x00, 0x00, 0x00, 0x0f, 0xff, 0xe0, 0x00, 0x00, 0x3f,
    0xff, 0xf8, 0x00, 0x00, 0x7f, 0xff, 0xfc, 0x00, 0x00, 0xff, 0xff, 0xff,
    0x00, 0x01, 0xff, 0xff, 0xff, 0x00, 0x03, 0xff, 0xff, 0xff, 0x80, 0x03,
    0xff, 0xff, 0xff, 0xc0, 0x07, 0xff, 0x83, 0xff, 0xc0, 0x07, 0xff, 0x00,
    0xff, 0xe0, 0x0f, 0xfe, 0x00, 0x7f, 0xe0, 0x0f, 0xfc, 0x00, 0x7f, 0xe0,
    0x0f, 0xfc, 0x00, 0x3f, 0xf0, 0x1f, 0xf8, 0x00, 0x3f, 0xf0, 0x1f, 0xf8,
    0x00, 0x3f, 0xf0, 0x1f, 0xf8, 0x00, 0x3f, 0xf0, 0x1f, 0xf8, 0x00, 0x1f,
    0xf8, 0x1f, 0xf8, 0x00, 0x1f, 0xf8, 0x1f, 0xf0, 0x00, 0x1f, 0xf8, 0x3f,
    0xf0, 0x00, 0x1f, 0xf8, 0x3f, 0xf0, 0x00, 0x1f, 0xf8, 0x3f, 0xf0, 0x00,
    0x1f, 0xf8, 0x3f, 0xf0, 0x00, 0x1f, 0xf8, 0x3f, 0xf0, 0x00, 0x1f, 0xf8,
    0x3f, 0xf0, 0x00, 0x1f, 0xf8, 0x3f, 0xf0, 0x00, 0x1f, 0xf8, 0x3f, 0xf0,
    0x00, 0x1f, 0xf8, 0x3f, 0xf0, 0x00, 0x1f, 0xf8, 0x3f, 0xf0, 0x00, 0x1f,
    0xf8, 0x3f, 0xf0, 0x00, 0x1f, 0xf8, 0x3f, 0xf0, 0x00, 0x1f, 0xf8, 0x3f,
    0xf0, 0x00, 0x1f, 0xf8, 0x3f, 0xf0, 0x00, 0x1f, 0xf8, 0x3f, 0xf0, 0x00,
    0x1f, 0xf8, 0x1f, 0xf0, 0x00, 0x1f, 0xf8, 0x1f, 0xf8, 0x00, 0x1f, 0xf8,
    0x1f, 0xf8, 0x00, 0x1f, 0xf8, 0x1f, 0xf8, 0x00, 0x3f, 0xf0, 0x1f, 0xf8,
    0x00, 0x3f, 0xf0, 0x1f, 0xf8, 0x00, 0x3f, 0xf0, 0x0f, 0xfc, 0x00, 0x3f,
    0xf0, 0x0f, 0xfc, 0x00, 0x7f, 0xe0, 0x0f, 0xfe, 0x00, 0xff, 0xe0, 0x07,
    0xff, 0x01, 0xff, 0xe0, 0x07, 0xff, 0xff, 0xff, 0xc0, 0x03, 0xff, 0xff,
    0xff, 0xc0, 0x03, 0xff, 0xff, 0xff, 0x80, 0x01, 0xff, 0xff, 0xff, 0x00,
    0x00, 0xff, 0xff, 0xfe, 0x00, 0x00, 0x7f, 0xff, 0xfc, 0x00, 0x00, 0x3f,
    0xff, 0xf8, 0x00, 0x00, 0x0f, 0xff, 0xe0, 0x00, 0x00, 0x01, 0xff, 0x00,
    0x00, 0x00, 0x00, 0x0f, 0xe0, 0x00, 0x00, 0x00, 0x0f, 0xe0, 0x00, 0x00,
    0x00, 0x0f, 0xe0, 0x00, 0x00, 0x00, 0x1f, 0xe0, 0x00, 0x00, 0x00, 0x3f,
    0xe0, 0x00, 0x00, 0x00, 0x7f, 0xe0, 0x00, 0x00, 0x00, 0xff, 0xe0, 0x00,
    0x00, 0x03, 0xff, 0xe0, 0x00, 0x00, 0x3f, 0xff, 0xe0, 0x00, 0x07, 0xff,
    0xff, 0xe0, 0x00, 0x07, 0xff, 0xff, 0xe0, 0x00, 0x07, 0xff, 0xff, 0xe0,
    0x00, 0x07, 0xff, 0xff, 0xe0, 0x00, 0x07, 0xff, 0xff, 0xe0, 0x00, 0x07,
    0xff, 0xff, 0xe0, 0x00, 0x07, 0xff, 0xff, 0xe0, 0x00, 0x00, 0x00, 0x7f,
    0xe0, 0x00, 0x00, 0x00, 0x7f, 0xe0, 0x00, 0x00, 0x00, 0x7f, 0xe0, 0x00,
    0x00, 0x00, 0x7f, 0xe0, 0x00, 0x00, 0x00, 0x7f, 0xe0, 0x00, 0x00, 0x00,
    0x7f, 0xe0, 0x00, 0x00, 0x00, 0x7f, 0xe0, 0x00, 0x00, 0x00, 0x7f, 0xe0,
    0x00, 0x00, 0x00, 0x7f, 0xe0, 0x00, 0x00, 0x00, 0x7f, 0xe0, 0x00, 0x00,
    0x00, 0x7f, 0xe0, 0x00, 0x00, 0x00, 0x7f, 0xe0, 0x00, 0x00, 0x00, 0x7f,
    0xe0, 0x00, 0x00, 0x00, 0x7f, 0xe0, 0x00, 0x00, 0x00, 0x7f, 0xe0, 0x00,
    0x00, 0x00, 0x7f, 0xe0, 0x00, 0x00, 0x00, 0x7f, 0xe0, 0x00, 0x00, 0x00,
    0x7f, 0xe0, 0x00, 0x00, 0x00, 0x7f, 0xe0, 0x00, 0x00, 0x00, 0x7f, 0xe0,
    0x00, 0x00, 0x00, 0x7f, 0xe0, 0x00, 0x00, 0x00, 0x7f, 0xe0, 0x00, 0x00,
    0x00, 0x7f, 0xe0, 0x00, 0x00, 0x00, 0x7f, 0xe0, 0x00, 0x00, 0x00, 0x7f,
    0xe0, 0x00, 0x00, 0x00, 0x7f, 0xe0, 0x00, 0x00, 0x00, 0x7f, 0xe0, 0x00,
    0x00, 0x00, 0x7f, 0xe0, 0x00, 0x00, 0x00, 0x7f, 0xe0, 0x00, 0x00, 0x00,
    0x7f, 0xe0, 0x00, 0x00, 0x00, 0x7f, 0xe0, 0x00, 0x00, 0x00, 0x7f, 0xe0,
    0x00, 0x00, 0x00, 0x7f, 0xe0, 0x00, 0x00, 0x00, 0x7f, 0xe0, 0x00, 0x00,
    0x00, 0x7f, 0xe0, 0x00, 0x00, 0x01, 0xff, 0x00, 0x00, 0x00, 0x0f, 0xff,
    0xf0, 0x00, 0x00, 0x3f, 0xff, 0xfc, 0x00, 0x00, 0xff, 0xff, 0xfe, 0x00,
    0x01, 0xff, 0xff, 0xff, 0x00, 0x03, 0xff, 0xff, 0xff, 0x80, 0x03, 0xff,
    0xff, 0xff, 0xc0, 0x07, 0xff, 0xff, 0xff, 0xe0, 0x07, 0xff, 0xc3, 0xff,
    0xe0, 0x0f, 0xff, 0x00, 0xff, 0xf0, 0x0f, 0xfe, 0x00, 0x7f, 0xf0, 0x0f,
    0xfc, 0x00, 0x3f, 0xf0, 0x1f, 0xf8, 0x00, 0x3f, 0xf8, 0x1f, 0xf8, 0x00,
    0x1f, 0xf8, 0x1f, 0xf8, 0x00, 0x1f, 0xf8, 0x1f, 0xf8, 0x00, 0x1f, 0xf8,
    0x1f, 0xf8, 0x00, 0x1f, 0xf8, 0x1f, 0xf8, 0x00, 0x1f, 0xf8, 0x1f, 0xf0,
    0x00, 0x1f, 0xf8, 0x00, 0x00, 0x00, 0x1f, 0xf8, 0x00, 0x00, 0x00, 0x3f,
    0xf8, 0x00, 0x00, 0x00, 0x3f, 0xf0, 0x00, 0x00, 0x00, 0x7f, 0xf0, 0x00,
    0x00, 0x00, 0x7f, 0xe0, 0x00, 0x00, 0x00, 0xff, 0xe0, 0x00, 0x00, 0x01,
    0xff, 0xc0, 0x00, 0x00, 0x07, 0xff, 0x80, 0x00, 0x00, 0x0f, 0xff, 0x80,
    0x00, 0x00, 0x1f, 0xff, 0x00, 0x00, 0x00, 0x3f, 0xfe, 0x00, 0x00, 0x00,
    0xff, 0xf8, 0x00, 0x00, 0x01, 0xff, 0xf0, 0x00, 0x00, 0x03, 0xff, 0xe0,
    0x00, 0x00, 0x0f, 0xff, 0x80, 0x00, 0x00, 0x1f, 0xff, 0x00, 0x00, 0x00,
    0x3f, 0xfe, 0x00, 0x00, 0x00, 0x7f, 0xf8, 0x00, 0x00, 0x00, 0xff, 0xf0,
    0x00, 0x00, 0x01, 0xff, 0xe0, 0x00, 0x00, 0x03, 0xff, 0xc0, 0x00, 0x00,
    0x07, 0xff, 0x80, 0x00, 0x00, 0x07, 0xff, 0x00, 0x00, 0x00, 0x0f, 0xff,
    0x00, 0x00, 0x00, 0x0f, 0xff, 0xff, 0xff, 0xf8, 0x1f, 0xff, 0xff, 0xff,
    0xf8, 0x1f, 0xff, 0xff, 0xff, 0xf8, 0x1f, 0xff, 0xff, 0xff, 0xf8, 0x1f,
    0xff, 0xff, 0xff, 0xf8, 0x3f, 0xff, 0xff, 0xff, 0xf8, 0x3f, 0xff, 0xff,
    0xff, 0xf8, 0x3f, 0xff, 0xff, 0xff, 0xf8, 0x3f, 0xff, 0xff, 0xff, 0xf8,
    0x00, 0x01, 0xff, 0x00, 0x00, 0x00, 0x1f, 0xff, 0xe0, 0x00, 0x00, 0x7f,
    0xff, 0xf8, 0x00, 0x00, 0xff, 0xff, 0xfe, 0x00, 0x01, 0xff, 0xff, 0xff,
    0x00, 0x03, 0xff, 0xff, 0xff, 0x80, 0x07, 0xff, 0xff, 0xff, 0x80, 0x07,
    0xff, 0xff, 0xff, 0xc0, 0x0f, 0xff, 0x87, 0xff, 0xc0, 0x0f, 0xfe, 0x01,
    0xff, 0xe0, 0x0f, 0xfc, 0x00, 0xff, 0xe0, 0x1f, 0xf8, 0x00, 0x7f, 0xe0,
    0x1f, 0xf8, 0x00, 0x7f, 0xe0, 0x1f, 0xf0, 0x00, 0x7f, 0xe0, 0x1f, 0xf0,
    0x00, 0x7f, 0xe0, 0x1f, 0xf0, 0x00, 0x7f, 0xe0, 0x1f, 0xf0, 0x00, 0x7f,
    0xe0, 0x00, 0x00, 0x00, 0x7f, 0xe0, 0x00, 0x00, 0x00, 0x7f, 0xe0, 0x00,
    0x00, 0x00, 0xff, 0xc0, 0x00, 0x00, 0x01, 0xff, 0x80, 0x00, 0x00, 0x07,
    0xff, 0x80, 0x00, 0x00, 0xff, 0xff, 0x00, 0x00, 0x00, 0xff, 0xfc, 0x00,
    0x00, 0x00, 0xff, 0xf8, 0x00, 0x00, 0x00, 0xff, 0xfe, 0x00, 0x00, 0x00,
    0xff, 0xff, 0x00, 0x00, 0x00, 0xff, 0xff, 0x80, 0x00, 0x00, 0xff, 0xff,
    0xc0, 0x00, 0x00, 0x07, 0xff, 0xe0, 0x00, 0x00, 0x00, 0xff, 0xf0, 0x00,
    0x00, 0x00, 0x7f, 0xf0, 0x00, 0x00, 0x00, 0x3f, 0xf8, 0x00, 0x00, 0x00,
    0x3f, 0xf8, 0x00, 0x00, 0x00, 0x1f, 0xf8, 0x00, 0x00, 0x00, 0x1f, 0xf8,
    0x3f, 0xf0, 0x00, 0x1f, 0xf8, 0x3f, 0xf0, 0x00, 0x1f, 0xf8, 0x3f, 0xf0,
    0x00, 0x1f, 0xf8, 0x3f, 0xf0, 0x00, 0x1f, 0xf8, 0x1f, 0xf8, 0x00, 0x3f,
    0xf8, 0x1f, 0xf8, 0x00, 0x7f, 0xf0, 0x1f, 0xfc, 0x00, 0xff, 0xf0, 0x1f,
    0xff, 0x01, 0xff, 0xf0, 0x0f, 0xff, 0xff, 0xff, 0xe0, 0x0f, 0xff, 0xff,
    0xff, 0xe0, 0x07, 0xff, 0xff, 0xff, 0xc0, 0x03, 0xff, 0xff, 0xff, 0x80,
    0x01, 0xff, 0xff, 0xff, 0x00, 0x00, 0xff, 0xff, 0xfe, 0x00, 0x00, 0x7f,
    0xff, 0xfc, 0x00, 0x00, 0x1f, 0xff, 0xe0, 0x00, 0x00, 0x01, 0xff, 0x00,
    0x00, 0x00, 0x00, 0x0f, 0xff, 0x00, 0x00, 0x00, 0x1f, 0xff, 0x00, 0x00,
    0x00, 0x1f, 0xff, 0x00, 0x00, 0x00, 0x3f, 0xff, 0x00, 0x00, 0x00, 0x3f,
    0xff, 0x00, 0x00, 0x00, 0x7f, 0xff, 0x00, 0x00, 0x00, 0x7f, 0xff, 0x00,
    0x00, 0x00, 0xff, 0xff, 0x00, 0x00, 0x01, 0xff, 0xff, 0x00, 0x00, 0x01,
    0xff, 0xff, 0x00, 0x00, 0x03, 0xff, 0xff, 0x00, 0x00, 0x03, 0xfb, 0xff,
    0x00, 0x00, 0x07, 0xf3, 0xff, 0x00, 0x00, 0x0f, 0xf3, 0xff, 0x00, 0x00,
    0x0f, 0xe3, 0xff, 0x00, 0x00, 0x1f, 0xe3, 0xff, 0x00, 0x00, 0x1f, 0xc3,
    0xff, 0x00, 0x00, 0x3f, 0x83, 0xff, 0x00, 0x00, 0x7f, 0x83, 0xff, 0x00,
    0x00, 0x7f, 0x03, 0xff, 0x00, 0x00, 0xff, 0x03, 0xff, 0x00, 0x00, 0xfe,
    0x03, 0xff, 0x00, 0x01, 0xfc, 0x03, 0xff, 0x00, 0x03, 0xfc, 0x03, 0xff,
    0x00, 0x03, 0xf8, 0x03, 0xff, 0x00, 0x07, 0xf8, 0x03, 0xff, 0x00, 0x07,
    0xf0, 0x03, 0xff, 0x00, 0x0f, 0xe0, 0x03, 0xff, 0x00, 0x0f, 0xe0, 0x03,
    0xff, 0x00, 0x1f, 0xc0, 0x03, 0xff, 0x00, 0x3f, 0xc0, 0x03, 0xff, 0x00,
    0x3f, 0x80, 0x03, 0xff, 0x80, 0x3f, 0xff, 0xff, 0xff, 0xfc, 0x3f, 0xff,
    0xff, 0xff, 0xfc, 0x3f, 0xff, 0xff, 0xff, 0xfc, 0x3f, 0xff, 0xff, 0xff,
    0xfc, 0x3f, 0xff, 0xff, 0xff, 0xfc, 0x3f, 0xff, 0xff, 0xff, 0xfc, 0x3f,
    0xff, 0xff, 0xff, 0xfc, 0x3f, 0xff, 0xff, 0xff, 0xfc, 0x00, 0x00, 0x03,
    0xff, 0x00, 0x00, 0x00, 0x03, 0xff, 0x00, 0x00, 0x00, 0x03, 0xff, 0x00,
    0x00, 0x00, 0x03, 0xff, 0x00, 0x00, 0x00, 0x03, 0xff, 0x00, 0x00, 0x00,
    0x03, 0xff, 0x00, 0x00, 0x00, 0x03, 0xff, 0x00, 0x00, 0x00, 0x03, 0xff,
    0x00, 0x00, 0x00, 0x03, 0xff, 0x00, 0x00, 0x00, 0x03, 0xff, 0x00, 0x00,
    0x00, 0x03, 0xff, 0x00, 0x00, 0xff, 0xff, 0xff, 0xe0, 0x00, 0xff, 0xff,
    0xff, 0xe0, 0x00, 0xff, 0xff, 0xff, 0xe0, 0x01, 0xff, 0xff, 0xff, 0xe0,
    0x01, 0xff, 0xff, 0xff, 0xe0, 0x01, 0xff, 0xff, 0xff, 0xe0, 0x01, 0xff,
    0xff, 0xff, 0xe0, 0x01, 0xff, 0xff, 0xff, 0xe0, 0x01, 0xff, 0xff, 0xff,
    0xe0, 0x03, 0xfc, 0x00, 0x00, 0x00, 0x03, 0xfc, 0x00, 0x00, 0x00, 0x03,
    0xfc, 0x00, 0x00, 0x00, 0x03, 0xfc, 0x00, 0x00, 0x00, 0x03, 0xf8, 0x00,
    0x00, 0x00, 0x03, 0xf8, 0x00, 0x00, 0x00, 0x07, 0xf8, 0x00, 0x00, 0x00,
    0x07, 0xf8, 0x00, 0x00, 0x00, 0x07, 0xf8, 0x3f, 0x80, 0x00, 0x07, 0xf9,
    0xff, 0xf0, 0x00, 0x07, 0xff, 0xff, 0xfc, 0x00, 0x07, 0xff, 0xff, 0xfe,
    0x00, 0x07, 0xff, 0xff, 0xff, 0x80, 0x0f, 0xff, 0xff, 0xff, 0x80, 0x0f,
    0xff, 0xff, 0xff, 0xc0, 0x0f, 0xff, 0xff, 0xff, 0xe0, 0x0f, 0xff, 0x03,
    0xff, 0xe0, 0x0f, 0xfc, 0x00, 0xff, 0xf0, 0x0f, 0xf8, 0x00, 0x7f, 0xf0,
    0x0f, 0xf8, 0x00, 0x3f, 0xf0, 0x00, 0x00, 0x00, 0x3f, 0xf8, 0x00, 0x00,
    0x00, 0x1f, 0xf8, 0x00, 0x00, 0x00, 0x1f, 0xf8, 0x00, 0x00, 0x00, 0x1f,
    0xf8, 0x00, 0x00, 0x00, 0x1f, 0xf8, 0x00, 0x00, 0x00, 0x1f, 0xf8, 0x00,
    0x00, 0x00, 0x1f, 0xf8, 0x00, 0x00, 0x00, 0x1f, 0xf8, 0x3f, 0xf0, 0x00,
    0x1f, 0xf8, 0x3f, 0xf0, 0x00, 0x3f, 0xf8, 0x3f, 0xf0, 0x00, 0x3f, 0xf0,
    0x3f, 0xf8, 0x00, 0x7f, 0xf0, 0x1f, 0xfc, 0x00, 0xff, 0xf0, 0x1f, 0xfe,
    0x01, 0xff, 0xe0, 0x1f, 0xff, 0xff, 0xff, 0xe0, 0x0f, 0xff, 0xff, 0xff,
    0xc0, 0x07, 0xff, 0xff, 0xff, 0x80, 0x07, 0xff, 0xff, 0xff, 0x80, 0x03,
    0xff, 0xff, 0xff, 0x00, 0x00, 0xff, 0xff, 0xfc, 0x00, 0x00, 0x7f, 0xff,
    0xf8, 0x00, 0x00, 0x1f, 0xff, 0xe0, 0x00, 0x00, 0x03, 0xfe, 0x00, 0x00,
    0x00, 0x00, 0x7f, 0xc0, 0x00, 0x00, 0x03, 0xff, 0xf8, 0x00, 0x00, 0x0f,
    0xff, 0xfc, 0x00, 0x00, 0x1f, 0xff, 0xff, 0x00, 0x00, 0x7f, 0xff, 0xff,
    0x80, 0x00, 0x7f, 0xff, 0xff, 0xc0, 0x00, 0xff, 0xff, 0xff, 0xc0, 0x01,
    0xff, 0xff, 0xff, 0xe0, 0x03, 0xff, 0xc1, 0xff, 0xe0, 0x03, 0xff, 0x00,
    0x7f, 0xf0, 0x07, 0xfe, 0x00, 0x3f, 0xf0, 0x07, 0xfe, 0x00, 0x3f, 0xf0,
    0x07, 0xfc, 0x00, 0x1f, 0xf0, 0x0f, 0xfc, 0x00, 0x00, 0x00, 0x0f, 0xf8,
    0x00, 0x00, 0x00, 0x0f, 0xf8, 0x00, 0x00, 0x00, 0x1f, 0xf8, 0x00, 0x00,
    0x00, 0x1f, 0xf8, 0x00, 0x00, 0x00, 0x1f, 0xf8, 0x00, 0x00, 0x00, 0x1f,
    0xf8, 0x1f, 0xc0, 0x00, 0x1f, 0xf8, 0xff, 0xf8, 0x00, 0x1f, 0xf1, 0xff,
    0xfe, 0x00, 0x1f, 0xf3, 0xff, 0xff, 0x00, 0x1f, 0xff, 0xff, 0xff, 0x80,
    0x3f, 0xff, 0xff, 0xff, 0xc0, 0x3f, 0xff, 0xff, 0xff, 0xe0, 0x3f, 0xff,
    0xff, 0xff, 0xe0, 0x3f, 0xff, 0x81, 0xff, 0xf0, 0x3f, 0xfe, 0x00, 0x7f,
    0xf0, 0x3f, 0xfc, 0x00, 0x3f, 0xf8, 0x3f, 0xfc, 0x00, 0x1f, 0xf8, 0x3f,
    0xf8, 0x00, 0x1f, 0xf8, 0x3f, 0xf8, 0x00, 0x1f, 0xf8, 0x3f, 0xf0, 0x00,
    0x0f, 0xf8, 0x1f, 0xf0, 0x00, 0x0f, 0xf8, 0x1f, 0xf0, 0x00, 0x0f, 0xf8,
    0x1f, 0xf0, 0x00, 0x0f, 0xf8, 0x1f, 0xf0, 0x00, 0x0f, 0xf8, 0x1f, 0xf8,
    0x00, 0x1f, 0xf8, 0x1f, 0xf8, 0x00, 0x1f, 0xf8, 0x0f, 0xf8, 0x00, 0x3f,
    0xf8, 0x0f, 0xfc, 0x00, 0x3f, 0xf0, 0x0f, 0xfe, 0x00, 0x7f, 0xf0, 0x07,
    0xff, 0x00, 0xff, 0xf0, 0x07, 0xff, 0xff, 0xff, 0xe0, 0x03, 0xff, 0xff,
    0xff, 0xe0, 0x03, 0xff, 0xff, 0xff, 0xc0, 0x01, 0xff, 0xff, 0xff, 0x80,
    0x00, 0xff, 0xff, 0xff, 0x00, 0x00, 0x7f, 0xff, 0xfe, 0x00, 0x00, 0x1f,
    0xff, 0xfc, 0x00, 0x00, 0x07, 0xff, 0xf0, 0x00, 0x00, 0x00, 0xff, 0x80,
    0x00, 0x3f, 0xff, 0xff, 0xff, 0xfc, 0x3f, 0xff, 0xff, 0xff, 0xfc, 0x3f,
    0xff, 0xff, 0xff, 0xfc, 0x3f, 0xff, 0xff, 0xff, 0xfc, 0x3f, 0xff, 0xff,
    0xff, 0xfc, 0x3f, 0xff, 0xff, 0xff, 0xfc, 0x3f, 0xff, 0xff, 0xff, 0xfc,
    0x3f, 0xff, 0xff, 0xff, 0xfc, 0x3f, 0xff, 0xff, 0xff, 0xfc, 0x00, 0x00,
    0x00, 0x1f, 0xf8, 0x00, 0x00, 0x00, 0x3f, 0xf0, 0x00, 0x00, 0x00, 0x7f,
    0xe0, 0x00, 0x00, 0x00, 0x7f, 0xc0, 0x00, 0x00, 0x00, 0xff, 0xc0, 0x00,
    0x00, 0x01, 0xff, 0x80, 0x00, 0x00, 0x01, 0xff, 0x00, 0x00, 0x00, 0x03,
    0xff, 0x00, 0x00, 0x00, 0x07, 0xfe, 0x00, 0x00, 0x00, 0x07, 0xfc, 0x00,
    0x00, 0x00, 0x0f, 0xfc, 0x00, 0x00, 0x00, 0x1f, 0xf8, 0x00, 0x00, 0x00,
    0x1f, 0xf0, 0x00, 0x00, 0x00, 0x3f, 0xf0, 0x00, 0x00, 0x00, 0x3f, 0xe0,
    0x00, 0x00, 0x00, 0x7f, 0xe0, 0x00, 0x00, 0x00, 0x7f, 0xc0, 0x00, 0x00,
    0x00, 0xff, 0xc0, 0x00, 0x00, 0x00, 0xff, 0x80, 0x00, 0x00, 0x01, 0xff,
    0x80, 0x00, 0x00, 0x01, 0xff, 0x00, 0x00, 0x00, 0x03, 0xff, 0x00, 0x00,
    0x00, 0x03, 0xff, 0x00, 0x00, 0x00, 0x03, 0xfe, 0x00, 0x00, 0x00, 0x07,
    0xfe, 0x00, 0x00, 0x00, 0x07, 0xfe, 0x00, 0x00, 0x00, 0x07, 0xfc, 0x00,
    0x00, 0x00, 0x0f, 0xfc, 0x00, 0x00, 0x00, 0x0f, 0xfc, 0x00, 0x00, 0x00,
    0x0f, 0xfc, 0x00, 0x00, 0x00, 0x0f, 0xf8, 0x00, 0x00, 0x00, 0x1f, 0xf8,
    0x00, 0x00, 0x00, 0x1f, 0xf8, 0x00, 0x00, 0x00, 0x1f, 0xf8, 0x00, 0x00,
    0x00, 0x1f, 0xf8, 0x00, 0x00, 0x00, 0x1f, 0xf0, 0x00, 0x00, 0x00, 0x3f,
    0xf0, 0x00, 0x00, 0x00, 0x3f, 0xf0, 0x00, 0x00, 0x00, 0x3f, 0xf0, 0x00,
    0x00, 0x00, 0x3f, 0xf0, 0x00, 0x00, 0x00, 0x3f, 0xf0, 0x00, 0x00, 0x00,
    0x3f, 0xf0, 0x00, 0x00, 0x00, 0x01, 0xff, 0x00, 0x00, 0x00, 0x0f, 0xff,
    0xe0, 0x00, 0x00, 0x3f, 0xff, 0xf8, 0x00, 0x00, 0x7f, 0xff, 0xfe, 0x00,
    0x01, 0xff, 0xff, 0xff, 0x00, 0x03, 0xff, 0xff, 0xff, 0x80, 0x03, 0xff,
    0xff, 0xff, 0xc0, 0x07, 0xff, 0xff, 0xff, 0xc0, 0x0f, 0xff, 0x83, 0xff,
    0xe0, 0x0f, 0xfe, 0x00, 0xff, 0xe0, 0x0f, 0xfc, 0x00, 0x3f, 0xf0, 0x0f,
    0xf8, 0x00, 0x3f, 0xf0, 0x1f, 0xf8, 0x00, 0x1f, 0xf0, 0x1f, 0xf0, 0x00,
    0x1f, 0xf0, 0x1f, 0xf0, 0x00, 0x1f, 0xf0, 0x1f, 0xf0, 0x00, 0x1f, 0xf0,
    0x0f, 0xf0, 0x00, 0x1f, 0xf0, 0x0f, 0xf8, 0x00, 0x1f, 0xf0, 0x0f, 0xf8,
    0x00, 0x3f, 0xe0, 0x07, 0xfc, 0x00, 0x3f, 0xe0, 0x07, 0xfe, 0x00, 0xff,
    0xc0, 0x03, 0xff, 0x81, 0xff, 0x80, 0x01, 0xff, 0xff, 0xff, 0x00, 0x00,
    0x7f, 0xff, 0xfe, 0x00, 0x00, 0x3f, 0xff, 0xfc, 0x00, 0x00, 0xff, 0xff,
    0xfe, 0x00, 0x01, 0xff, 0xff, 0xff, 0x80, 0x03, 0xff, 0xff, 0xff, 0xc0,
    0x07, 0xff, 0xff, 0xff, 0xe0, 0x0f, 0xff, 0x01, 0xff, 0xf0, 0x1f, 0xfc,
    0x00, 0x7f, 0xf0, 0x1f, 0xf8, 0x00, 0x3f, 0xf8, 0x3f, 0xf8, 0x00, 0x1f,
    0xf8, 0x3f, 0xf0, 0x00, 0x1f, 0xf8, 0x3f, 0xf0, 0x00, 0x1f, 0xfc, 0x3f,
    0xf0, 0x00, 0x0f, 0xfc, 0x3f, 0xf0, 0x00, 0x0f, 0xfc, 0x3f, 0xf0, 0x00,
    0x0f, 0xfc, 0x3f, 0xf0, 0x00, 0x0f, 0xfc, 0x3f, 0xf0, 0x00, 0x1f, 0xfc,
    0x3f, 0xf8, 0x00, 0x1f, 0xf8, 0x3f, 0xf8, 0x00, 0x3f, 0xf8, 0x3f, 0xfc,
    0x00, 0x7f, 0xf8, 0x1f, 0xff, 0x00, 0xff, 0xf8, 0x1f, 0xff, 0xff, 0xff,
    0xf0, 0x0f, 0xff, 0xff, 0xff, 0xe0, 0x07, 0xff, 0xff, 0xff, 0xe0, 0x07,
    0xff, 0xff, 0xff, 0xc0, 0x03, 0xff, 0xff, 0xff, 0x80, 0x00, 0xff, 0xff,
    0xff, 0x00, 0x00, 0x7f, 0xff, 0xfc, 0x00, 0x00, 0x1f, 0xff, 0xf0, 0x00,
    0x00, 0x01, 0xff, 0x00, 0x00, 0x00, 0x01, 0xff, 0x00, 0x00, 0x00, 0x0f,
    0xff, 0xe0, 0x00, 0x00, 0x3f, 0xff, 0xf8, 0x00, 0x00, 0xff, 0xff, 0xfc,
    0x00, 0x01, 0xff, 0xff, 0xfe, 0x00, 0x03, 0xff, 0xff, 0xff, 0x00, 0x07,
    0xff, 0xff, 0xff, 0x80, 0x07, 0xff, 0xff, 0xff, 0x80, 0x0f, 0xff, 0x87,
    0xff, 0xc0, 0x0f, 0xfe, 0x01, 0xff, 0xc0, 0x1f, 0xfc, 0x00, 0x7f, 0xe0,
    0x1f, 0xf8, 0x00, 0x7f, 0xe0, 0x1f, 0xf0, 0x00, 0x3f, 0xf0, 0x3f, 0xf0,
    0x00, 0x3f, 0xf0, 0x3f, 0xf0, 0x00, 0x3f, 0xf0, 0x3f, 0xf0, 0x00, 0x1f,
    0xf0, 0x3f, 0xf0, 0x00, 0x1f, 0xf0, 0x3f, 0xf0, 0x00, 0x1f, 0xf8, 0x3f,
    0xf0, 0x00, 0x1f, 0xf8, 0x3f, 0xf0, 0x00, 0x1f, 0xf8, 0x3f, 0xf0, 0x00,
    0x3f, 0xf8, 0x3f, 0xf0, 0x00, 0x3f, 0xf8, 0x1f, 0xf8, 0x00, 0x3f, 0xf8,
    0x1f, 0xf8, 0x00, 0x7f, 0xf8, 0x1f, 0xfc, 0x00, 0xff, 0xf8, 0x1f, 0xfe,
    0x01, 0xff, 0xf8, 0x0f, 0xff, 0xc7, 0xff, 0xf8, 0x0f, 0xff, 0xff, 0xff,
    0xf8, 0x07, 0xff, 0xff, 0xff, 0xf8, 0x03, 0xff, 0xff, 0xff, 0xf8, 0x03,
    0xff, 0xff, 0xff, 0xf8, 0x00, 0xff, 0xff, 0xdf, 0xf8, 0x00, 0x7f, 0xff,
    0x9f, 0xf8, 0x00, 0x1f, 0xfe, 0x1f, 0xf0, 0x00, 0x07, 0xf8, 0x1f, 0xf0,
    0x00, 0x00, 0x00, 0x1f, 0xf0, 0x00, 0x00, 0x00, 0x3f, 0xf0, 0x00, 0x00,
    0x00, 0x3f, 0xf0, 0x00, 0x00, 0x00, 0x3f, 0xe0, 0x1f, 0xf0, 0x00, 0x3f,
    0xe0, 0x1f, 0xf8, 0x00, 0x7f, 0xe0, 0x1f, 0xf8, 0x00, 0xff, 0xe0, 0x1f,
    0xfc, 0x00, 0xff, 0xc0, 0x0f, 0xfe, 0x03, 0xff, 0xc0, 0x0f, 0xff, 0xff,
    0xff, 0x80, 0x0f, 0xff, 0xff, 0xff, 0x80, 0x07, 0xff, 0xff, 0xff, 0x00,
    0x03, 0xff, 0xff, 0xfe, 0x00, 0x01, 0xff, 0xff, 0xfc, 0x00, 0x00, 0xff,
    0xff, 0xf8, 0x00, 0x00, 0x7f, 0xff, 0xf0, 0x00, 0x00, 0x1f, 0xff, 0xc0,
    0x00, 0x00, 0x03, 0xfe, 0x00, 0x00, 0x00, 0x00, 0x00, 0x01, 0xff, 0x80,
    0x01, 0xff, 0x80, 0x01, 0xff, 0x80, 0x01, 0xff, 0x80, 0x01, 0xff, 0x80,
    0x01, 0xff, 0x80, 0x01, 0xff, 0x80, 0x01, 0xff, 0x80, 0x01, 0xff, 0x80,
    0x01, 0xff, 0x80, 0x00, 0x00, 0x00, 0x00, 0x00, 0x00, 0x00, 0x00, 0x00,
    0x00, 0x00, 0x00, 0x00, 0x00, 0x00, 0x00, 0x00, 0x00, 0x00, 0x00, 0x00,
    0x00, 0x00, 0x00, 0x00, 0x00, 0x00, 0x00, 0x00, 0x00, 0x00, 0x00, 0x00,
    0x00, 0x00, 0x00, 0x00, 0x00, 0x00, 0x00, 0x00, 0x00, 0x00, 0x00, 0x00,
    0x00, 0x00, 0x00, 0x00, 0x00, 0x00, 0x01, 0xff, 0x80, 0x01, 0xff, 0x80,
    0x01, 0xff, 0x80, 0x01, 0xff, 0x80, 0x01, 0xff, 0x80, 0x01, 0xff, 0x80,
    0x01, 0xff, 0x80, 0x01, 0xff, 0x80, 0x01, 0xff, 0x80, 0x01, 0xff, 0x80,
};
static const watchy_font_glyph_t glyphs_heros_72_bold[] = {
    {32, 0, 0, 0, 0, 0, 20, 0},
    {48, 0, 0, 52, 40, 53, 40, 5},
    {49, 265, 0, 51, 40, 51, 40, 5},
    {50, 520, 0, 52, 40, 52, 40, 5},
    {51, 780, 0, 52, 40, 53, 40, 5},
    {52, 1045, 0, 51, 40, 51, 40, 5},
    {53, 1300, 0, 51, 40, 52, 40, 5},
    {54, 1560, 0, 52, 40, 53, 40, 5},
    {55, 1825, 0, 51, 40, 51, 40, 5},
    {56, 2080, 0, 52, 40, 53, 40, 5},
    {57, 2345, 0, 52, 40, 53, 40, 5},
    {58, 2610, 0, 38, 24, 38, 24, 3},
};
watchy_font_t watchy_font_heros_72_bold = {glyphs_heros_72_bold, bitmap_heros_72_bold, 12, 72, 81, -23, 104};

static const uint8_t bitmap_heros_82_bold[] = {
    0x00, 0x00, 0x7f, 0xe0, 0x00, 0x00, 0x00, 0x03, 0xff, 0xfe, 0x00, 0x00,
    0x00, 0x0f, 0xff, 0xff, 0x80, 0x00, 0x00, 0x1f, 0xff, 0xff, 0xc0, 0x00,
    0x00, 0x3f, 0xff, 0xff, 0xe0, 0x00, 0x00, 0xff, 0xff, 0xff, 0xf0, 0x00,
    0x00, 0xff, 0xff, 0xff, 0xf8, 0x00, 0x01, 0xff, 0xff, 0xff, 0xfc, 0x00,
    0x03, 0xff, 0xff, 0xff, 0xfc, 0x00, 0x03, 0xff, 0xf0, 0xff, 0xfe, 0x00,
    0x07, 0xff, 0xc0, 0x1f, 0xfe, 0x00, 0x07, 0xff, 0x80, 0x0f, 0xff, 0x00,
    0x07, 0xff, 0x00, 0x0f, 0xff, 0x00, 0x0f, 0xff, 0x00, 0x07, 0xff, 0x80,
    0x0f, 0xfe, 0x00, 0x07, 0xff, 0x80, 0x0f, 0xfe, 0x00, 0x03, 0xff, 0x80,
    0x0f, 0xfe, 0x00, 0x03, 0xff, 0x80, 0x1f, 0xfe, 0x00, 0x03, 0xff, 0x80,
    0x1f, 0xfe, 0x00, 0x03, 0xff, 0xc0, 0x1f, 0xfc, 0x00, 0x03, 0xff, 0xc0,
    0x1f, 0xfc, 0x00, 0x03, 0xff, 0xc0, 0x1f, 0xfc, 0x00, 0x01, 0xff, 0xc0,
    0x1f, 0xfc, 0x00, 0x01, 0xff, 0xc0, 0x1f, 0xfc, 0x00, 0x01, 0xff, 0xc0,
    0x1f, 0xfc, 0x00, 0x01, 0xff, 0xc0, 0x1f, 0xfc, 0x00, 0x01, 0xff, 0xc0,
    0x3f, 0xfc, 0x00, 0x01, 0xff, 0xc0, 0x3f, 0xfc, 0x00, 0x01, 0xff, 0xc0,
    0x3f, 0xfc, 0x00, 0x01, 0xff, 0xc0, 0x3f, 0xfc, 0x00, 0x01, 0xff, 0xc0,
    0x3f, 0xfc, 0x00, 0x01, 0xff, 0xc0, 0x3f, 0xfc, 0x00, 0x01, 0xff, 0xc0,
    0x3f, 0xfc, 0x00, 0x01, 0xff, 0xc0, 0x3f, 0xfc, 0x00, 0x01, 0xff, 0xc0,
    0x3f, 0xfc, 0x00, 0x01, 0xff, 0xc0, 0x1f, 0xfc, 0x00, 0x01, 0xff, 0xc0,
    0x1f, 0xfc, 0x00, 0x01, 0xff, 0xc0, 0x1f, 0xfc, 0x00, 0x01, 0xff, 0xc0,
    0x1f, 0xfc, 0x00, 0x01, 0xff, 0xc0, 0x1f, 0xfc, 0x00, 0x03, 0xff, 0xc0,
    0x1f, 0xfc, 0x00, 0x03, 0xff, 0xc0, 0x1f, 0xfe, 0x00, 0x03, 0xff, 0xc0,
    0x1f, 0xfe, 0x00, 0x03, 0xff, 0x80, 0x0f, 0xfe, 0x00, 0x03, 0xff, 0x80,
    0x0f, 0xfe, 0x00, 0x03, 0xff, 0x80, 0x0f, 0xff, 0x00, 0x07, 0xff, 0x80,
    0x0f, 0xff, 0x00, 0x07, 0xff, 0x00, 0x07, 0xff, 0x80, 0x0f, 0xff, 0x00,
    0x07, 0xff, 0x80, 0x1f, 0xff, 0x00, 0x07, 0xff, 0xe0, 0x3f, 0xfe, 0x00,
    0x03, 0xff, 0xff, 0xff, 0xfe, 0x00, 0x03, 0xff, 0xff, 0xff, 0xfc, 0x00,
    0x01, 0xff, 0xff, 0xff, 0xfc, 0x00, 0x00, 0xff, 0xff, 0xff, 0xf8, 0x00,
    0x00, 0xff, 0xff, 0xff, 0xf0, 0x00, 0x00, 0x3f, 0xff, 0xff, 0xe0, 0x00,
    0x00, 0x1f, 0xff, 0xff, 0xc0, 0x00, 0x00, 0x0f, 0xff, 0xff, 0x00, 0x00,
    0x00, 0x03, 0xff, 0xfe, 0x00, 0x00, 0x00, 0x00, 0x7f, 0xe0, 0x00, 0x00,
    0x00, 0x00, 0x01, 0xfe, 0x00, 0x00, 0x00, 0x00, 0x01, 0xfe, 0x00, 0x00,
    0x00, 0x00, 0x03, 0xfe, 0x00, 0x00, 0x00, 0x00, 0x03, 0xfe, 0x00, 0x00,
    0x00, 0x00, 0x07, 0xfe, 0x00, 0x00, 0x00, 0x00, 0x0f, 0xfe, 0x00, 0x00,
    0x00, 0x00, 0x1f, 0xfe, 0x00, 0x00, 0x00, 0x00, 0x3f, 0xfe, 0x00, 0x00,
    0x00, 0x00, 0xff, 0xfe, 0x00, 0x00, 0x00, 0x07, 0xff, 0xfe, 0x00, 0x00,
    0x03, 0xff, 0xff, 0xfe, 0x00, 0x00, 0x03, 0xff, 0xff, 0xfe, 0x00, 0x00,
    0x03, 0xff, 0xff, 0xfe, 0x00, 0x00, 0x03, 0xff, 0xff, 0xfe, 0x00, 0x00,
    0x03, 0xff, 0xff, 0xfe, 0x00, 0x00, 0x03, 0xff, 0xff, 0xfe, 0x00, 0x00,
    0x03, 0xff, 0xff, 0xfe, 0x00, 0x00, 0x03, 0xff, 0xff, 0xfe, 0x00, 0x00,
    0x00, 0x00, 0x0f, 0xfe, 0x00, 0x00, 0x00, 0x00, 0x0f, 0xfe, 0x00, 0x00,
    0x00, 0x00, 0x0f, 0xfe, 0x00, 0x00, 0x00, 0x00, 0x0f, 0xfe, 0x00, 0x00,
    0x00, 0x00, 0x0f, 0xfe, 0x00, 0x00, 0x00, 0x00, 0x0f, 0xfe, 0x00, 0x00,
    0x00, 0x00, 0x0f, 0xfe, 0x00, 0x00, 0x00, 0x00, 0x0f, 0xfe, 0x00, 0x00,
    0x00, 0x00, 0x0f, 0xfe, 0x00, 0x00, 0x00, 0x00, 0x0f, 0xfe, 0x00, 0x00,
    0x00, 0x00, 0x0f, 0xfe, 0x00, 0x00, 0x00, 0x00, 0x0f, 0xfe, 0x00, 0x00,
    0x00, 0x00, 0x0f, 0xfe, 0x00, 0x00, 0x00, 0x00, 0x0f, 0xfe, 0x00, 0x00,
    0x00, 0x00, 0x0f, 0xfe, 0x00, 0x00, 0x00, 0x00, 0x0f, 0xfe, 0x00, 0x00,
    0x00, 0x00, 0x0f, 0xfe, 0x00, 0x00, 0x00, 0x00, 0x0f, 0xfe, 0x00, 0x00,
    0x00, 0x00, 0x0f, 0xfe, 0x00, 0x00, 0x00, 0x00, 0x0f, 0xfe, 0x00, 0x00,
    0x00, 0x00, 0x0f, 0xfe, 0x00, 0x00, 0x00, 0x00, 0x0f, 0xfe, 0x00, 0x00,
    0x00, 0x00, 0x0f, 0xfe, 0x00, 0x00, 0x00, 0x00, 0x0f, 0xfe, 0x00, 0x00,
    0x00, 0x00, 0x0f, 0xfe, 0x00, 0x00, 0x00, 0x00, 0x0f, 0xfe, 0x00, 0x00,
    0x00, 0x00, 0x0f, 0xfe, 0x00, 0x00, 0x00, 0x00, 0x0f, 0xfe, 0x00, 0x00,
    0x00, 0x00, 0x0f, 0xfe, 0x00, 0x00, 0x00, 0x00, 0x0f, 0xfe, 0x00, 0x00,
    0x00, 0x00, 0x0f, 0xfe, 0x00, 0x00, 0x00, 0x00, 0x0f, 0xfe, 0x00, 0x00,
    0x00, 0x00, 0x0f, 0xfe, 0x00, 0x00, 0x00, 0x00, 0x0f, 0xfe, 0x00, 0x00,
    0x00, 0x00, 0x0f, 0xfe, 0x00, 0x00, 0x00, 0x00, 0x0f, 0xfe, 0x00, 0x00,
    0x00, 0x00, 0x0f, 0xfe, 0x00, 0x00, 0x00, 0x00, 0x0f, 0xfe, 0x00, 0x00,
    0x00, 0x00, 0x0f, 0xfe, 0x00, 0x00, 0x00, 0x00, 0x0f, 0xfe, 0x00, 0x00,
    0x00, 0x00, 0x7f, 0xe0, 0x00, 0x00, 0x00, 0x03, 0xff, 0xfe, 0x00, 0x00,
    0x00, 0x0f, 0xff, 0xff, 0x80, 0x00, 0x00, 0x3f, 0xff, 0xff, 0xe0, 0x00,
    0x00, 0x7f, 0xff, 0xff, 0xf0, 0x00, 0x00, 0xff, 0xff, 0xff, 0xf8, 0x00,
    0x01, 0xff, 0xff, 0xff, 0xfc, 0x00, 0x03, 0xff, 0xff, 0xff, 0xfe, 0x00,
    0x03, 0xff, 0xff, 0xff, 0xff, 0x00, 0x07, 0xff, 0xf8, 0xff, 0xff, 0x00,
    0x07, 0xff, 0xc0, 0x1f, 0xff, 0x80, 0x0f, 0xff, 0x80, 0x0f, 0xff, 0x80,
    0x0f, 0xff, 0x00, 0x07, 0xff, 0x80, 0x0f, 0xff, 0x00, 0x03, 0xff, 0xc0,
    0x0f, 0xfe, 0x00, 0x03, 0xff, 0xc0, 0x1f, 0xfe, 0x00, 0x03, 0xff, 0xc0,
    0x1f, 0xfe, 0x00, 0x01, 0xff, 0xc0, 0x1f, 0xfc, 0x00, 0x01, 0xff, 0xc0,
    0x1f, 0xfc, 0x00, 0x01, 0xff, 0xc0, 0x1f, 0xfc, 0x00, 0x01, 0xff, 0xc0,
    0x1f, 0xfc, 0x00, 0x01, 0xff, 0xc0, 0x00, 0x00, 0x00, 0x03, 0xff, 0xc0,
    0x00, 0x00, 0x00, 0x03, 0xff, 0xc0, 0x00, 0x00, 0x00, 0x03, 0xff, 0xc0,
    0x00, 0x00, 0x00, 0x07, 0xff, 0x80, 0x00, 0x00, 0x00, 0x07, 0xff, 0x80,
    0x00, 0x00, 0x00, 0x0f, 0xff, 0x00, 0x00, 0x00, 0x00, 0x1f, 0xff, 0x00,
    0x00, 0x00, 0x00, 0x3f, 0xfe, 0x00, 0x00, 0x00, 0x00, 0x7f, 0xfe, 0x00,
    0x00, 0x00, 0x00, 0xff, 0xfc, 0x00, 0x00, 0x00, 0x01, 0xff, 0xf8, 0x00,
    0x00, 0x00, 0x07, 0xff, 0xf0, 0x00, 0x00, 0x00, 0x0f, 0xff, 0xe0, 0x00,
    0x00, 0x00, 0x1f, 0xff, 0xc0, 0x00, 0x00, 0x00, 0x7f, 0xff, 0x00, 0x00,
    0x00, 0x00, 0xff, 0xfe, 0x00, 0x00, 0x00, 0x01, 0xff, 0xfc, 0x00, 0x00,
    0x00, 0x07, 0xff, 0xf0, 0x00, 0x00, 0x00, 0x0f, 0xff, 0xe0, 0x00, 0x00,
    0x00, 0x1f, 0xff, 0xc0, 0x00, 0x00, 0x00, 0x3f, 0xff, 0x00, 0x00, 0x00,
    0x00, 0x7f, 0xfe, 0x00, 0x00, 0x00, 0x00, 0xff, 0xfc, 0x00, 0x00, 0x00,
    0x01, 0xff, 0xf8, 0x00, 0x00, 0x00, 0x03, 0xff, 0xf0, 0x00, 0x00, 0x00,
    0x03, 0xff, 0xe0, 0x00, 0x00, 0x00, 0x07, 0xff, 0xc0, 0x00, 0x00, 0x00,
    0x07, 0xff, 0xc0, 0x00, 0x00, 0x00, 0x0f, 0xff, 0xff, 0xff, 0xff, 0xc0,
    0x0f, 0xff, 0xff, 0xff, 0xff, 0xc0, 0x0f, 0xff, 0xff, 0xff, 0xff, 0xc0,
    0x1f, 0xff, 0xff, 0xff, 0xff, 0xc0, 0x1f, 0xff, 0xff, 0xff, 0xff, 0xc0,
    0x1f, 0xff, 0xff, 0xff, 0xff, 0xc0, 0x1f, 0xff, 0xff, 0xff, 0xff, 0xc0,
    0x1f, 0xff, 0xff, 0xff, 0xff, 0xc0, 0x1f, 0xff, 0xff, 0xff, 0xff, 0xc0,
    0x3f, 0xff, 0xff, 0xff, 0xff, 0xc0, 0x00, 0x00, 0x7f, 0xe0, 0x00, 0x00,
    0x00, 0x07, 0xff, 0xfc, 0x00, 0x00, 0x00, 0x1f, 0xff, 0xff, 0x80, 0x00,
    0x00, 0x3f, 0xff, 0xff, 0xc0, 0x00, 0x00, 0xff, 0xff, 0xff, 0xf0, 0x00,
    0x01, 0xff, 0xff, 0xff, 0xf8, 0x00, 0x01, 0xff, 0xff, 0xff, 0xf8, 0x00,
    0x03, 0xff, 0xff, 0xff, 0xfc, 0x00, 0x07, 0xff, 0xff, 0xff, 0xfe, 0x00,
    0x07, 0xff, 0xf0, 0xff, 0xfe, 0x00, 0x0f, 0xff, 0x80, 0x3f, 0xff, 0x00,
    0x0f, 0xff, 0x00, 0x1f, 0xff, 0x00, 0x0f, 0xfe, 0x00, 0x0f, 0xff, 0x00,
    0x0f, 0xfe, 0x00, 0x0f, 0xff, 0x00, 0x1f, 0xfc, 0x00, 0x07, 0xff, 0x00,
    0x1f, 0xfc, 0x00, 0x07, 0xff, 0x00, 0x1f, 0xfc, 0x00, 0x07, 0xff, 0x00,
    0x1f, 0xfc, 0x00, 0x07, 0xff, 0x00, 0x1f, 0xfc, 0x00, 0x07, 0xff, 0x00,
    0x00, 0x00, 0x00, 0x07, 0xff, 0x00, 0x00, 0x00, 0x00, 0x0f, 0xfe, 0x00,
    0x00, 0x00, 0x00, 0x0f, 0xfe, 0x00, 0x00, 0x00, 0x00, 0x1f, 0xfe, 0x00,
    0x00, 0x00, 0x00, 0x3f, 0xfc, 0x00, 0x00, 0x00, 0x01, 0xff, 0xf8, 0x00,
    0x00, 0x00, 0x3f, 0xff, 0xf0, 0x00, 0x00, 0x00, 0x3f, 0xff, 0xc0, 0x00,
    0x00, 0x00, 0x3f, 0xff, 0x80, 0x00, 0x00, 0x00, 0x3f, 0xff, 0xe0, 0x00,
    0x00, 0x00, 0x3f, 0xff, 0xf0, 0x00, 0x00, 0x00, 0x3f, 0xff, 0xf8, 0x00,
    0x00, 0x00, 0x3f, 0xff, 0xfe, 0x00, 0x00, 0x00, 0x3f, 0xff, 0xfe, 0x00,
    0x00, 0x00, 0x00, 0x7f, 0xff, 0x00, 0x00, 0x00, 0x00, 0x1f, 0xff, 0x80,
    0x00, 0x00, 0x00, 0x0f, 0xff, 0x80, 0x00, 0x00, 0x00, 0x07, 0xff, 0xc0,
    0x00, 0x00, 0x00, 0x03, 0xff, 0xc0, 0x00, 0x00, 0x00, 0x03, 0xff, 0xc0,
    0x00, 0x00, 0x00, 0x01, 0xff, 0xc0, 0x00, 0x00, 0x00, 0x01, 0xff, 0xc0,
    0x3f, 0xfc, 0x00, 0x01, 0xff, 0xc0, 0x3f, 0xfc, 0x00, 0x01, 0xff, 0xc0,
    0x1f, 0xfc, 0x00, 0x01, 0xff, 0xc0, 0x1f, 0xfc, 0x00, 0x03, 0xff, 0xc0,
    0x1f, 0xfc, 0x00, 0x03, 0xff, 0xc0, 0x1f, 0xfe, 0x00, 0x07, 0xff, 0xc0,
    0x1f, 0xff, 0x00, 0x07, 0xff, 0x80, 0x0f, 0xff, 0x80, 0x1f, 0xff, 0x80,
    0x0f, 0xff, 0xc0, 0x3f, 0xff, 0x80, 0x07, 0xff, 0xff, 0xff, 0xff, 0x00,
    0x07, 0xff, 0xff, 0xff, 0xff, 0x00, 0x03, 0xff, 0xff, 0xff, 0xfe, 0x00,
    0x01, 0xff, 0xff, 0xff, 0xfc, 0x00, 0x01, 0xff, 0xff, 0xff, 0xf8, 0x00,
    0x00, 0xff, 0xff, 0xff, 0xf0, 0x00, 0x00, 0x3f, 0xff, 0xff, 0xe0, 0x00,
    0x00, 0x1f, 0xff, 0xff, 0x80, 0x00, 0x00, 0x03, 0xff, 0xfe, 0x00, 0x00,
    0x00, 0x00, 0x7f, 0xe0, 0x00, 0x00, 0x00, 0x00, 0x01, 0xff, 0xf8, 0x00,
    0x00, 0x00, 0x03, 0xff, 0xf8, 0x00, 0x00, 0x00, 0x03, 0xff, 0xf8, 0x00,
    0x00, 0x00, 0x07, 0xff, 0xf8, 0x00, 0x00, 0x00, 0x0f, 0xff, 0xf8, 0x00,
    0x00, 0x00, 0x0f, 0xff, 0xf8, 0x00, 0x00, 0x00, 0x1f, 0xff, 0xf8, 0x00,
    0x00, 0x00, 0x1f, 0xff, 0xf8, 0x00, 0x00, 0x00, 0x3f, 0xff, 0xf8, 0x00,
    0x00, 0x00, 0x7f, 0xff, 0xf8, 0x00, 0x00, 0x00, 0x7f, 0xff, 0xf8, 0x00,
    0x00, 0x00, 0xff, 0xff, 0xf8, 0x00, 0x00, 0x00, 0xff, 0x7f, 0xf8, 0x00,
    0x00, 0x01, 0xff, 0x7f, 0xf8, 0x00, 0x00, 0x03, 0xfe, 0x7f, 0xf8, 0x00,
    0x00, 0x03, 0xfc, 0x7f, 0xf8, 0x00, 0x00, 0x07, 0xfc, 0x7f, 0xf8, 0x00,
    0x00, 0x07, 0xf8, 0x7f, 0xf8, 0x00, 0x00, 0x0f, 0xf8, 0x7f, 0xf8, 0x00,
    0x00, 0x1f, 0xf0, 0x7f, 0xf8, 0x00, 0x00, 0x1f, 0xe0, 0x7f, 0xf8, 0x00,
    0x00, 0x3f, 0xe0, 0x7f, 0xf8, 0x00, 0x00, 0x3f, 0xc0, 0x7f, 0xf8, 0x00,
    0x00, 0x7f, 0x80, 0x7f, 0xf8, 0x00, 0x00, 0xff, 0x80, 0x7f, 0xf8, 0x00,
    0x00, 0xff, 0x00, 0x7f, 0xf8, 0x00, 0x01, 0xff, 0x00, 0x7f, 0xf8, 0x00,
    0x01, 0xfe, 0x00, 0x7f, 0xf8, 0x00, 0x03, 0xfc, 0x00, 0x7f, 0xf8, 0x00,
    0x07, 0xfc, 0x00, 0x7f, 0xf8, 0x00, 0x07, 0xf8, 0x00, 0x7f, 0xf8, 0x00,
    0x0f, 0xf8, 0x00, 0x7f, 0xf8, 0x00, 0x0f, 0xf0, 0x00, 0x7f, 0xf8, 0x00,
    0x1f, 0xe0, 0x00, 0x7f, 0xf8, 0x00, 0x3f, 0xe0, 0x00, 0x7f, 0xf8, 0x00,
    0x3f, 0xe0, 0x00, 0x7f, 0xf8, 0x00, 0x3f, 0xff, 0xff, 0xff, 0xff, 0xe0,
    0x3f, 0xff, 0xff, 0xff, 0xff, 0xe0, 0x3f, 0xff, 0xff, 0xff, 0xff, 0xe0,
    0x3f, 0xff, 0xff, 0xff, 0xff, 0xe0, 0x3f, 0xff, 0xff, 0xff, 0xff, 0xe0,
    0x3f, 0xff, 0xff, 0xff, 0xff, 0xe0, 0x3f, 0xff, 0xff, 0xff, 0xff, 0xe0,
    0x3f, 0xff, 0xff, 0xff, 0xff, 0xe0, 0x3f, 0xff, 0xff, 0xff, 0xff, 0xe0,
    0x00, 0x00, 0x00, 0x7f, 0xf8, 0x00, 0x00, 0x00, 0x00, 0x7f, 0xf8, 0x00,
    0x00, 0x00, 0x00, 0x7f, 0xf8, 0x00, 0x00, 0x00, 0x00, 0x7f, 0xf8, 0x00,
    0x00, 0x00, 0x00, 0x7f, 0xf8, 0x00, 0x00, 0x00, 0x00, 0x7f, 0xf8, 0x00,
    0x00, 0x00, 0x00, 0x7f, 0xf8, 0x00, 0x00, 0x00, 0x00, 0x7f, 0xf8, 0x00,
    0x00, 0x00, 0x00, 0x7f, 0xf8, 0x00, 0x00, 0x00, 0x00, 0x7f, 0xf8, 0x00,
    0x00, 0x00, 0x00, 0x7f, 0xf8, 0x00, 0x00, 0x00, 0x00, 0x7f, 0xf8, 0x00,
    0x00, 0x00, 0x00, 0x7f, 0xf8, 0x00, 0x00, 0x7f, 0xff, 0xff, 0xff, 0x00,
    0x00, 0x7f, 0xff, 0xff, 0xff, 0x00, 0x00, 0x7f, 0xff, 0xff, 0xff, 0x00,
    0x00, 0xff, 0xff, 0xff, 0xff, 0x00, 0x00, 0xff, 0xff, 0xff, 0xff, 0x00,
    0x00, 0xff, 0xff, 0xff, 0xff, 0x00, 0x00, 0xff, 0xff, 0xff, 0xff, 0x00,
    0x00, 0xff, 0xff, 0xff, 0xff, 0x00, 0x00, 0xff, 0xff, 0xff, 0xff, 0x00,
    0x00, 0xff, 0xff, 0xff, 0xff, 0x00, 0x01, 0xff, 0x00, 0x00, 0x00, 0x00,
    0x01, 0xff, 0x00, 0x00, 0x00, 0x00, 0x01, 0xff, 0x00, 0x00, 0x00, 0x00,
    0x01, 0xff, 0x00, 0x00, 0x00, 0x00, 0x01, 0xfe, 0x00, 0x00, 0x00, 0x00,
    0x01, 0xfe, 0x00, 0x00, 0x00, 0x00, 0x03, 0xfe, 0x00, 0x00, 0x00, 0x00,
    0x03, 0xfe, 0x00, 0x00, 0x00, 0x00, 0x03, 0xfe, 0x00, 0x00, 0x00, 0x00,
    0x03, 0xfe, 0x0f, 0xf8, 0x00, 0x00, 0x03, 0xfc, 0x7f, 0xff, 0x00, 0x00,
    0x03, 0xfc, 0xff, 0xff, 0xc0, 0x00, 0x07, 0xff, 0xff, 0xff, 0xe0, 0x00,
    0x07, 0xff, 0xff, 0xff, 0xf8, 0x00, 0x07, 0xff, 0xff, 0xff, 0xfc, 0x00,
    0x07, 0xff, 0xff, 0xff, 0xfc, 0x00, 0x07, 0xff, 0xff, 0xff, 0xfe, 0x00,
    0x07, 0xff, 0xff, 0xff, 0xff, 0x00, 0x0f, 0xff, 0xe0, 0x7f, 0xff, 0x00,
    0x0f, 0xff, 0x80, 0x1f, 0xff, 0x80, 0x0f, 0xfe, 0x00, 0x0f, 0xff, 0x80,
    0x0f, 0xfe, 0x00, 0x07, 0xff, 0x80, 0x00, 0x00, 0x00, 0x03, 0xff, 0xc0,
    0x00, 0x00, 0x00, 0x03, 0xff, 0xc0, 0x00, 0x00, 0x00, 0x03, 0xff, 0xc0,
    0x00, 0x00, 0x00, 0x01, 0xff, 0xc0, 0x00, 0x00, 0x00, 0x01, 0xff, 0xc0,
    0x00, 0x00, 0x00, 0x01, 0xff, 0xc0, 0x00, 0x00, 0x00, 0x01, 0xff, 0xc0,
    0x00, 0x00, 0x00, 0x01, 0xff, 0xc0, 0x00, 0x00, 0x00, 0x01, 0xff, 0xc0,
    0x00, 0x00, 0x00, 0x01, 0xff, 0xc0, 0x3f, 0xfc, 0x00, 0x03, 0xff, 0xc0,
    0x3f, 0xfc, 0x00, 0x03, 0xff, 0xc0, 0x3f, 0xfc, 0x00, 0x03, 0xff, 0xc0,
    0x1f, 0xfc, 0x00, 0x07, 0xff, 0x80, 0x1f, 0xfe, 0x00, 0x0f, 0xff, 0x80,
    0x1f, 0xff, 0x00, 0x1f, 0xff, 0x80, 0x1f, 0xff, 0xc0, 0x7f, 0xff, 0x00,
    0x0f, 0xff, 0xff, 0xff, 0xff, 0x00, 0x07, 0xff, 0xff, 0xff, 0xfe, 0x00,
    0x07, 0xff, 0xff, 0xff, 0xfc, 0x00, 0x03, 0xff, 0xff, 0xff, 0xf8, 0x00,
    0x01, 0xff, 0xff, 0xff, 0xf0, 0x00, 0x00, 0xff, 0xff, 0xff, 0xe0, 0x00,
    0x00, 0x7f, 0xff, 0xff, 0xc0, 0x00, 0x00, 0x1f, 0xff, 0xff, 0x00, 0x00,
    0x00, 0x07, 0xff, 0xfc, 0x00, 0x00, 0x00, 0x00, 0x7f, 0xc0, 0x00, 0x00,
    0x00, 0x00, 0x1f, 0xf8, 0x00, 0x00, 0x00, 0x00, 0xff, 0xff, 0x00, 0x00,
    0x00, 0x03, 0xff, 0xff, 0xc0, 0x00, 0x00, 0x07, 0xff, 0xff, 0xf0, 0x00,
    0x00, 0x1f, 0xff, 0xff, 0xf8, 0x00, 0x00, 0x3f, 0xff, 0xff, 0xfc, 0x00,
    0x00, 0x7f, 0xff, 0xff, 0xfc, 0x00, 0x00, 0x7f, 0xff, 0xff, 0xfe, 0x00,
    0x00, 0xff, 0xff, 0xff, 0xff, 0x00, 0x01, 0xff, 0xfc, 0x3f, 0xff, 0x00,
    0x01, 0xff, 0xe0, 0x0f, 0xff, 0x80, 0x03, 0xff, 0xc0, 0x07, 0xff, 0x80,
    0x03, 0xff, 0x80, 0x03, 0xff, 0x80, 0x07, 0xff, 0x00, 0x03, 0xff, 0x80,
    0x07, 0xff, 0x00, 0x00, 0x00, 0x00, 0x07, 0xff, 0x00, 0x00, 0x00, 0x00,
    0x0f, 0xfe, 0x00, 0x00, 0x00, 0x00, 0x0f, 0xfe, 0x00, 0x00, 0x00, 0x00,
    0x0f, 0xfe, 0x00, 0x00, 0x00, 0x00, 0x0f, 0xfe, 0x00, 0x00, 0x00, 0x00,
    0x0f, 0xfe, 0x00, 0x00, 0x00, 0x00, 0x1f, 0xfc, 0x03, 0xfc, 0x00, 0x00,
    0x1f, 0xfc, 0x1f, 0xff, 0x80, 0x00, 0x1f, 0xfc, 0x7f, 0xff, 0xe0, 0x00,
    0x1f, 0xfc, 0xff, 0xff, 0xf0, 0x00, 0x1f, 0xfd, 0xff, 0xff, 0xf8, 0x00,
    0x1f, 0xff, 0xff, 0xff, 0xfc, 0x00, 0x1f, 0xff, 0xff, 0xff, 0xfe, 0x00,
    0x1f, 0xff, 0xff, 0xff, 0xff, 0x00, 0x1f, 0xff, 0xff, 0xff, 0xff, 0x00,
    0x1f, 0xff, 0xf0, 0x3f, 0xff, 0x80, 0x1f, 0xff, 0xc0, 0x0f, 0xff, 0x80,
    0x1f, 0xff, 0x80, 0x07, 0xff, 0xc0, 0x1f, 0xff, 0x00, 0x03, 0xff, 0xc0,
    0x1f, 0xfe, 0x00, 0x03, 0xff, 0xc0, 0x1f, 0xfe, 0x00, 0x01, 0xff, 0xc0,
    0x1f, 0xfc, 0x00, 0x01, 0xff, 0xc0, 0x1f, 0xfc, 0x00, 0x01, 0xff, 0xc0,
    0x1f, 0xfc, 0x00, 0x00, 0xff, 0xc0, 0x1f, 0xfc, 0x00, 0x00, 0xff, 0xe0,
    0x1f, 0xfc, 0x00, 0x00, 0xff, 0xc0, 0x1f, 0xfc, 0x00, 0x00, 0xff, 0xc0,
    0x1f, 0xfc, 0x00, 0x01, 0xff, 0xc0, 0x0f, 0xfc, 0x00, 0x01, 0xff, 0xc0,
    0x0f, 0xfe, 0x00, 0x01, 0xff, 0xc0, 0x0f, 0xfe, 0x00, 0x03, 0xff, 0xc0,
    0x0f, 0xff, 0x00, 0x03, 0xff, 0x80, 0x07, 0xff, 0x00, 0x07, 0xff, 0x80,
    0x07, 0xff, 0xc0, 0x0f, 0xff, 0x80, 0x03, 0xff, 0xe0, 0x3f, 0xff, 0x00,
    0x03, 0xff, 0xff, 0xff, 0xff, 0x00, 0x01, 0xff, 0xff, 0xff, 0xfe, 0x00,
    0x01, 0xff, 0xff, 0xff, 0xfe, 0x00, 0x00, 0xff, 0xff, 0xff, 0xfc, 0x00,
    0x00, 0x7f, 0xff, 0xff, 0xf8, 0x00, 0x00, 0x3f, 0xff, 0xff, 0xf0, 0x00,
    0x00, 0x1f, 0xff, 0xff, 0xe0, 0x00, 0x00, 0x07, 0xff, 0xff, 0x80, 0x00,
    0x00, 0x01, 0xff, 0xfe, 0x00, 0x00, 0x00, 0x00, 0x3f, 0xf0, 0x00, 0x00,
    0x3f, 0xff, 0xff, 0xff, 0xff, 0xe0, 0x3f, 0xff, 0xff, 0xff, 0xff, 0xe0,
    0x3f, 0xff, 0xff, 0xff, 0xff, 0xe0, 0x3f, 0xff, 0xff, 0xff, 0xff, 0xe0,
    0x3f, 0xff, 0xff, 0xff, 0xff, 0xe0, 0x3f, 0xff, 0xff, 0xff, 0xff, 0xe0,
    0x3f, 0xff, 0xff, 0xff, 0xff, 0xe0, 0x3f, 0xff, 0xff, 0xff, 0xff, 0xe0,
    0x3f, 0xff, 0xff, 0xff, 0xff, 0xe0, 0x3f, 0xff, 0xff, 0xff, 0xff, 0xe0,
    0x00, 0x00, 0x00, 0x01, 0xff, 0xc0, 0x00, 0x00, 0x00, 0x03, 0xff, 0x80,
    0x00, 0x00, 0x00, 0x07, 0xff, 0x80, 0x00, 0x00, 0x00, 0x07, 0xff, 0x00,
    0x00, 0x00, 0x00, 0x0f, 0xfe, 0x00, 0x00, 0x00, 0x00, 0x1f, 0xfc, 0x00,
    0x00, 0x00, 0x00, 0x3f, 0xfc, 0x00, 0x00, 0x00, 0x00, 0x3f, 0xf8, 0x00,
    0x00, 0x00, 0x00, 0x7f, 0xf0, 0x00, 0x00, 0x00, 0x00, 0xff, 0xe0, 0x00,
    0x00, 0x00, 0x00, 0xff, 0xe0, 0x00, 0x00, 0x00, 0x01, 0xff, 0xc0, 0x00,
    0x00, 0x00, 0x01, 0xff, 0xc0, 0x00, 0x00, 0x00, 0x03, 0xff, 0x80, 0x00,
    0x00, 0x00, 0x07, 0xff, 0x00, 0x00, 0x00, 0x00, 0x07, 0xff, 0x00, 0x00,
    0x00, 0x00, 0x0f, 0xfe, 0x00, 0x00, 0x00, 0x00, 0x0f, 0xfe, 0x00, 0x00,
    0x00, 0x00, 0x1f, 0xfc, 0x00, 0x00, 0x00, 0x00, 0x1f, 0xfc, 0x00, 0x00,
    0x00, 0x00, 0x3f, 0xf8, 0x00, 0x00, 0x00, 0x00, 0x3f, 0xf8, 0x00, 0x00,
    0x00, 0x00, 0x7f, 0xf0, 0x00, 0x00, 0x00, 0x00, 0x7f, 0xf0, 0x00, 0x00,
    0x00, 0x00, 0xff, 0xe0, 0x00, 0x00, 0x00, 0x00, 0xff, 0xe0, 0x00, 0x00,
    0x00, 0x00, 0xff, 0xe0, 0x00, 0x00, 0x00, 0x01, 0xff, 0xc0, 0x00, 0x00,
    0x00, 0x01, 0xff, 0xc0, 0x00, 0x00, 0x00, 0x01, 0xff, 0xc0, 0x00, 0x00,
    0x00, 0x03, 0xff, 0x80, 0x00, 0x00, 0x00, 0x03, 0xff, 0x80, 0x00, 0x00,
    0x00, 0x03, 0xff, 0x80, 0x00, 0x00, 0x00, 0x03, 0xff, 0x80, 0x00, 0x00,
    0x00, 0x07, 0xff, 0x00, 0x00, 0x00, 0x00, 0x07, 0xff, 0x00, 0x00, 0x00,
    0x00, 0x07, 0xff, 0x00, 0x00, 0x00, 0x00, 0x07, 0xff, 0x00, 0x00, 0x00,
    0x00, 0x0f, 0xff, 0x00, 0x00, 0x00, 0x00, 0x0f, 0xfe, 0x00, 0x00, 0x00,
    0x00, 0x0f, 0xfe, 0x00, 0x00, 0x00, 0x00, 0x0f, 0xfe, 0x00, 0x00, 0x00,
    0x00, 0x0f, 0xfe, 0x00, 0x00, 0x00, 0x00, 0x1f, 0xfe, 0x00, 0x00, 0x00,
    0x00, 0x1f, 0xfe, 0x00, 0x00, 0x00, 0x00, 0x1f, 0xfe, 0x00, 0x00, 0x00,
    0x00, 0x1f, 0xfe, 0x00, 0x00, 0x00, 0x00, 0x1f, 0xfc, 0x00, 0x00, 0x00,
    0x00, 0x00, 0x3f, 0xe0, 0x00, 0x00, 0x00, 0x03, 0xff, 0xfe, 0x00, 0x00,
    0x00, 0x0f, 0xff, 0xff, 0x80, 0x00, 0x00, 0x3f, 0xff, 0xff, 0xc0, 0x00,
    0x00, 0x7f, 0xff, 0xff, 0xf0, 0x00, 0x00, 0xff, 0xff, 0xff, 0xf8, 0x00,
    0x01, 0xff, 0xff, 0xff, 0xfc, 0x00, 0x03, 0xff, 0xff, 0xff, 0xfc, 0x00,
    0x03, 0xff, 0xff, 0xff, 0xfe, 0x00, 0x07, 0xff, 0xf0, 0x7f, 0xff, 0x00,
    0x07, 0xff, 0xc0, 0x1f, 0xff, 0x00, 0x0f, 0xff, 0x00, 0x07, 0xff, 0x00,
    0x0f, 0xfe, 0x00, 0x03, 0xff, 0x80, 0x0f, 0xfe, 0x00, 0x03, 0xff, 0x80,
    0x0f, 0xfc, 0x00, 0x01, 0xff, 0x80, 0x0f, 0xfc, 0x00, 0x01, 0xff, 0x80,
    0x0f, 0xfc, 0x00, 0x01, 0xff, 0x80, 0x0f, 0xfc, 0x00, 0x01, 0xff, 0x80,
    0x0f, 0xfc, 0x00, 0x01, 0xff, 0x80, 0x0f, 0xfc, 0x00, 0x01, 0xff, 0x80,
    0x07, 0xfe, 0x00, 0x03, 0xff, 0x00, 0x07, 0xff, 0x00, 0x07, 0xff, 0x00,
    0x07, 0xff, 0x80, 0x0f, 0xfe, 0x00, 0x03, 0xff, 0xe0, 0x3f, 0xfe, 0x00,
    0x01, 0xff, 0xff, 0xff, 0xfc, 0x00, 0x00, 0xff, 0xff, 0xff, 0xf8, 0x00,
    0x00, 0x7f, 0xff, 0xff, 0xf0, 0x00, 0x00, 0x1f, 0xff, 0xff, 0xc0, 0x00,
    0x00, 0x3f, 0xff, 0xff, 0xe0, 0x00, 0x00, 0xff, 0xff, 0xff, 0xf0, 0x00,
    0x01, 0xff, 0xff, 0xff, 0xfc, 0x00, 0x03, 0xff, 0xff, 0xff, 0xfe, 0x00,
    0x07, 0xff, 0xe0, 0x3f, 0xff, 0x00, 0x0f, 0xff, 0x80, 0x0f, 0xff, 0x80,
    0x1f, 0xff, 0x00, 0x07, 0xff, 0x80, 0x1f, 0xfe, 0x00, 0x03, 0xff, 0xc0,
    0x1f, 0xfc, 0x00, 0x01, 0xff, 0xc0, 0x3f, 0xfc, 0x00, 0x01, 0xff, 0xc0,
    0x3f, 0xfc, 0x00, 0x01, 0xff, 0xe0, 0x3f, 0xf8, 0x00, 0x01, 0xff, 0xe0,
    0x3f, 0xf8, 0x00, 0x01, 0xff, 0xe0, 0x3f, 0xf8, 0x00, 0x00, 0xff, 0xe0,
    0x3f, 0xf8, 0x00, 0x01, 0xff, 0xe0, 0x3f, 0xfc, 0x00, 0x01, 0xff, 0xe0,
    0x3f, 0xfc, 0x00, 0x01, 0xff, 0xe0, 0x3f, 0xfc, 0x00, 0x01, 0xff, 0xe0,
    0x3f, 0xfe, 0x00, 0x03, 0xff, 0xc0, 0x1f, 0xfe, 0x00, 0x07, 0xff, 0xc0,
    0x1f, 0xff, 0x80, 0x0f, 0xff, 0xc0, 0x1f, 0xff, 0xc0, 0x3f, 0xff, 0x80,
    0x0f, 0xff, 0xff, 0xff, 0xff, 0x80, 0x07, 0xff, 0xff, 0xff, 0xff, 0x00,
    0x07, 0xff, 0xff, 0xff, 0xff, 0x00, 0x03, 0xff, 0xff, 0xff, 0xfe, 0x00,
    0x01, 0xff, 0xff, 0xff, 0xfc, 0x00, 0x00, 0xff, 0xff, 0xff, 0xf8, 0x00,
    0x00, 0x3f, 0xff, 0xff, 0xe0, 0x00, 0x00, 0x1f, 0xff, 0xff, 0xc0, 0x00,
    0x00, 0x03, 0xff, 0xfe, 0x00, 0x00, 0x00, 0x00, 0x7f, 0xf0, 0x00, 0x00,
    0x00, 0x00, 0x7f, 0xe0, 0x00, 0x00, 0x00, 0x03, 0xff, 0xfc, 0x00, 0x00,
    0x00, 0x0f, 0xff, 0xff, 0x00, 0x00, 0x00, 0x3f, 0xff, 0xff, 0xc0, 0x00,
    0x00, 0x7f, 0xff, 0xff, 0xe0, 0x00, 0x00, 0xff, 0xff, 0xff, 0xf0, 0x00,
    0x01, 0xff, 0xff, 0xff, 0xf8, 0x00, 0x03, 0xff, 0xff, 0xff, 0xf8, 0x00,
    0x07, 0xff, 0xff, 0xff, 0xfc, 0x00, 0x07, 0xff, 0xf1, 0xff, 0xfe, 0x00,
    0x0f, 0xff, 0x80, 0x3f, 0xfe, 0x00, 0x0f, 0xff, 0x00, 0x0f, 0xff, 0x00,
    0x1f, 0xfe, 0x00, 0x0f, 0xff, 0x00, 0x1f, 0xfe, 0x00, 0x07, 0xff, 0x00,
    0x1f, 0xfc, 0x00, 0x03, 0xff, 0x80, 0x1f, 0xfc, 0x00, 0x03, 0xff, 0x80,
    0x1f, 0xfc, 0x00, 0x03, 0xff, 0x80, 0x3f, 0xf8, 0x00, 0x03, 0xff, 0x80,
    0x3f, 0xf8, 0x00, 0x03, 0xff, 0xc0, 0x3f, 0xf8, 0x00, 0x01, 0xff, 0xc0,
    0x3f, 0xf8, 0x00, 0x01, 0xff, 0xc0, 0x3f, 0xf8, 0x00, 0x03, 0xff, 0xc0,
    0x3f, 0xf8, 0x00, 0x03, 0xff, 0xc0, 0x1f, 0xfc, 0x00, 0x03, 0xff, 0xc0,
    0x1f, 0xfc, 0x00, 0x03, 0xff, 0xc0, 0x1f, 0xfc, 0x00, 0x07, 0xff, 0xc0,
    0x1f, 0xfe, 0x00, 0x07, 0xff, 0xc0, 0x1f, 0xff, 0x00, 0x0f, 0xff, 0xc0,
    0x0f, 0xff, 0x80, 0x1f, 0xff, 0xc0, 0x0f, 0xff, 0xe0, 0x7f, 0xff, 0xc0,
    0x07, 0xff, 0xff, 0xff, 0xff, 0xc0, 0x07, 0xff, 0xff, 0xff, 0xff, 0xc0,
    0x03, 0xff, 0xff, 0xff, 0xff, 0xc0, 0x01, 0xff, 0xff, 0xff, 0xff, 0xc0,
    0x01, 0xff, 0xff, 0xfd, 0xff, 0xc0, 0x00, 0x7f, 0xff, 0xf9, 0xff, 0xc0,
    0x00, 0x3f, 0xff, 0xf1, 0xff, 0xc0, 0x00, 0x1f, 0xff, 0xe1, 0xff, 0xc0,
    0x00, 0x03, 0xff, 0x81, 0xff, 0x80, 0x00, 0x00, 0x00, 0x03, 0xff, 0x80,
    0x00, 0x00, 0x00, 0x03, 0xff, 0x80, 0x00, 0x00, 0x00, 0x03, 0xff, 0x80,
    0x00, 0x00, 0x00, 0x03, 0xff, 0x80, 0x00, 0x00, 0x00, 0x03, 0xff, 0x00,
    0x00, 0x00, 0x00, 0x07, 0xff, 0x00, 0x1f, 0xfc, 0x00, 0x07, 0xff, 0x00,
    0x1f, 0xfe, 0x00, 0x0f, 0xff, 0x00, 0x1f, 0xfe, 0x00, 0x1f, 0xfe, 0x00,
    0x0f, 0xff, 0x00, 0x3f, 0xfe, 0x00, 0x0f, 0xff, 0xc0, 0x7f, 0xfc, 0x00,
    0x07, 0xff, 0xff, 0xff, 0xfc, 0x00, 0x07, 0xff, 0xff, 0xff, 0xf8, 0x00,
    0x03, 0xff, 0xff, 0xff, 0xf0, 0x00, 0x03, 0xff, 0xff, 0xff, 0xf0, 0x00,
    0x01, 0xff, 0xff, 0xff, 0xe0, 0x00, 0x00, 0xff, 0xff, 0xff, 0xc0, 0x00,
    0x00, 0x3f, 0xff, 0xff, 0x80, 0x00, 0x00, 0x1f, 0xff, 0xfe, 0x00, 0x00,
    0x00, 0x07, 0xff, 0xf8, 0x00, 0x00, 0x00, 0x00, 0xff, 0xc0, 0x00, 0x00,
};
static const watchy_font_glyph_t glyphs_heros_82_bold[] = {
    {32, 0, 0, 0, 0, 0, 23, 0},
    {48, 0, 0, 59, 46, 60, 46, 6},
    {49, 360, 0, 58, 46, 58, 46, 6},
    {50, 708, 0, 59, 46, 59, 46, 6},
    {51, 1062, 0, 59, 46, 60, 46, 6},
    {52, 1422, 0, 58, 46, 58, 46, 6},
    {53, 1770, 0, 58, 46, 59, 46, 6},
    {54, 2124, 0, 59, 46, 60, 46, 6},
    {55, 2484, 0, 58, 46, 58, 46, 6},
    {56, 2832, 0, 59, 46, 60, 46, 6},
    {57, 3192, 0, 59, 46, 60, 46, 6},
};
watchy_font_t watchy_font_heros_82_bold = {glyphs_heros_82_bold, bitmap_heros_82_bold, 11, 82, 93, -26, 119};

static const uint8_t bitmap_plex_10_semibold[] = {
    0x30, 0x30, 0x30, 0x00, 0x00, 0x00, 0x30, 0x28, 0x28, 0x6c, 0x30, 0xd8,
    0x50, 0x50, 0x00, 0x10, 0x78, 0x58, 0x70, 0x78, 0x18, 0x58, 0x78, 0x10,
    0x00, 0x64, 0xa8, 0xa8, 0x48, 0x54, 0x54, 0x98, 0x20, 0x30, 0x78, 0x30,
    0x30, 0x00, 0x78, 0x00, 0x00, 0x00, 0x30, 0x30, 0x08, 0x08, 0x10, 0x10,
    0x30, 0x20, 0x20, 0x40, 0x40, 0x30, 0x48, 0xcc, 0xec, 0xcc, 0x48, 0x70,
    0x30, 0x50, 0x10, 0x10, 0x10, 0x10, 0x7c, 0x70, 0x48, 0x08, 0x18, 0x30,
    0x60, 0x78, 0x70, 0x48, 0x08, 0x30, 0x08, 0x48, 0x78, 0x18, 0x38, 0x38,
    0x48, 0xd8, 0xfc, 0x08, 0x78, 0x40, 0x78, 0x48, 0x0c, 0x48, 0x78, 0x30,
    0x60, 0x78, 0x48, 0x4c, 0x48, 0x38, 0x78, 0x48, 0x08, 0x10, 0x10, 0x30,
    0x20, 0x78, 0x48, 0x48, 0x78, 0x48, 0x48, 0x78, 0x70, 0x48, 0xc8, 0x48,
    0x78, 0x18, 0x30, 0x30, 0x30, 0x00, 0x00, 0x30, 0x30, 0x30, 0x48, 0x08,
    0x30, 0x20, 0x20, 0x30, 0x30, 0x30, 0x78, 0x48, 0x78, 0x48, 0xcc, 0x78,
    0x48, 0x48, 0x78, 0x48, 0x48, 0x78, 0x38, 0x48, 0x40, 0x40, 0x40, 0x48,
    0x38, 0x70, 0x48, 0x48, 0x4c, 0x48, 0x48, 0x70, 0x78, 0x40, 0x40, 0x78,
    0x40, 0x40, 0x78, 0x78, 0x40, 0x40, 0x78, 0x40, 0x40, 0x40, 0x30, 0x48,
    0xc0, 0xd8, 0x48, 0x48, 0x78, 0x48, 0x48, 0x48, 0x78, 0x48, 0x48, 0x48,
    0x78, 0x30, 0x30, 0x30, 0x30, 0x30, 0x78, 0x78, 0x08, 0x08, 0x08, 0x08,
    0x58, 0x70, 0x48, 0x58, 0x50, 0x70, 0x58, 0x48, 0x4c, 0x40, 0x40, 0x40,
    0x40, 0x40, 0x40, 0x78, 0xcc, 0xfc, 0xfc, 0xfc, 0xcc, 0xcc, 0xcc, 0x48,
    0x68, 0x68, 0x78, 0x58, 0x58, 0x48, 0x30, 0x48, 0xcc, 0xcc, 0xcc, 0x48,
    0x30, 0x78, 0x48, 0x48, 0x78, 0x40, 0x40, 0x40, 0x30, 0x48, 0xcc, 0xcc,
    0xcc, 0x48, 0x78, 0x30, 0x18, 0x78, 0x48, 0x48, 0x78, 0x50, 0x48, 0x48,
    0x78, 0x48, 0x40, 0x78, 0x08, 0x48, 0x78, 0xfc, 0x30, 0x30, 0x30, 0x30,
    0x30, 0x30, 0x48, 0x48, 0x48, 0x48, 0x48, 0x48, 0x78, 0xcc, 0x48, 0x48,
    0x48, 0x78, 0x30, 0x30, 0x84, 0xb4, 0xb4, 0xfc, 0xfc, 0x78, 0x48, 0x48,
    0x68, 0x30, 0x30, 0x30, 0x48, 0xcc, 0xcc, 0x48, 0x78, 0x30, 0x30, 0x30,
    0x30, 0x78, 0x08, 0x10, 0x30, 0x60, 0x40, 0xfc, 0x00, 0x78, 0x70, 0x08,
    0x38, 0x48, 0x48, 0x6c, 0x40, 0x40, 0x58, 0x48, 0x48, 0x48, 0x48, 0x58,
    0x38, 0x48, 0x40, 0x40, 0x48, 0x38, 0x08, 0x08, 0x68, 0x48, 0xc8, 0xc8,
    0x48, 0x68, 0x30, 0x48, 0x78, 0x40, 0x48, 0x38, 0x1c, 0x30, 0x7c, 0x30,
    0x30, 0x30, 0x30, 0x78, 0x0c, 0x38, 0x48, 0x48, 0x70, 0x40, 0x78, 0x4c,
    0x78, 0x40, 0x40, 0x58, 0x48, 0x48, 0x48, 0x48, 0x48, 0x10, 0x00, 0x70,
    0x10, 0x10, 0x10, 0x10, 0x7c, 0x10, 0x00, 0x70, 0x10, 0x10, 0x10, 0x10,
    0x10, 0x10, 0x70, 0x40, 0x40, 0x48, 0x50, 0x70, 0x70, 0x58, 0x4c, 0x70,
    0x30, 0x30, 0x30, 0x30, 0x30, 0x30, 0x78, 0xf8, 0xfc, 0xb4, 0xb4, 0xb4,
    0xb4, 0x58, 0x48, 0x48, 0x48, 0x48, 0x48, 0x30, 0x48, 0x48, 0x48, 0x48,
    0x30, 0x58, 0x48, 0x48, 0x48, 0x48, 0x78, 0x40, 0x40, 0x68, 0x48, 0xc8,
    0xc8, 0x48, 0x68, 0x08, 0x08, 0x6c, 0x30, 0x20, 0x20, 0x20, 0x78, 0x38,
    0x40, 0x70, 0x38, 0x48, 0x78, 0x20, 0xf8, 0x20, 0x20, 0x20, 0x20, 0x38,
    0x48, 0x48, 0x48, 0x48, 0x48, 0x78, 0x48, 0x48, 0x48, 0x78, 0x30, 0x30,
    0xb4, 0xb4, 0xb4, 0x78, 0x78, 0x48, 0x48, 0x78, 0x30, 0x30, 0x78, 0x48,
    0xcc, 0x48, 0x48, 0x30, 0x30, 0x30, 0x20, 0x60, 0x78, 0x18, 0x10, 0x20,
    0x60, 0x78, 0x30, 0x48, 0x48, 0x30, 0x00, 0x00, 0x00, 0x30, 0x30, 0x00,
    0x00, 0xfc, 0x00, 0x00, 0x00, 0x00, 0x18, 0xfc, 0x18, 0x10, 0x00,
};
static const watchy_font_glyph_t glyphs_plex_10_semibold[] = {
    {32, 0, 0, 0, 0, 0, 6, 0},
    {33, 0, 0, 7, 6, 7, 6, 1},
    {35, 7, 0, 7, 6, 7, 6, 1},
    {36, 14, 0, 9, 6, 11, 6, 1},
    {37, 25, 0, 7, 6, 7, 6, 1},
    {43, 32, 0, 6, 6, 6, 6, 1},
    {45, 38, 0, 4, 6, 4, 6, 1},
    {46, 42, 0, 2, 6, 2, 6, 1},
    {47, 44, 0, 8, 6, 9, 6, 1},
    {48, 53, 0, 7, 6, 7, 6, 1},
    {49, 60, 0, 7, 6, 7, 6, 1},
    {50, 67, 0, 7, 6, 7, 6, 1},
    {51, 74, 0, 7, 6, 7, 6, 1},
    {52, 81, 0, 7, 6, 7, 6, 1},
    {53, 88, 0, 7, 6, 7, 6, 1},
    {54, 95, 0, 7, 6, 7, 6, 1},
    {55, 102, 0, 7, 6, 7, 6, 1},
    {56, 109, 0, 7, 6, 7, 6, 1},
    {57, 116, 0, 7, 6, 7, 6, 1},
    {58, 123, 0, 6, 6, 6, 6, 1},
    {63, 129, 0, 7, 6, 7, 6, 1},
    {65, 136, 0, 7, 6, 7, 6, 1},
    {66, 143, 0, 7, 6, 7, 6, 1},
    {67, 150, 0, 7, 6, 7, 6, 1},
    {68, 157, 0, 7, 6, 7, 6, 1},
    {69, 164, 0, 7, 6, 7, 6, 1},
    {70, 171, 0, 7, 6, 7, 6, 1},
    {71, 178, 0, 7, 6, 7, 6, 1},
    {72, 185, 0, 7, 6, 7, 6, 1},
    {73, 192, 0, 7, 6, 7, 6, 1},
    {74, 199, 0, 7, 6, 7, 6, 1},
    {75, 206, 0, 7, 6, 7, 6, 1},
    {76, 213, 0, 7, 6, 7, 6, 1},
    {77, 220, 0, 7, 6, 7, 6, 1},
    {78, 227, 0, 7, 6, 7, 6, 1},
    {79, 234, 0, 7, 6, 7, 6, 1},
    {80, 241, 0, 7, 6, 7, 6, 1},
    {81, 248, 0, 7, 6, 9, 6, 1},
    {82, 257, 0, 7, 6, 7, 6, 1},
    {83, 264, 0, 7, 6, 7, 6, 1},
    {84, 271, 0, 7, 6, 7, 6, 1},
    {85, 278, 0, 7, 6, 7, 6, 1},
    {86, 285, 0, 7, 6, 7, 6, 1},
    {87, 292, 0, 7, 6, 7, 6, 1},
    {88, 299, 0, 7, 6, 7, 6, 1},
    {89, 306, 0, 7, 6, 7, 6, 1},
    {90, 313, 0, 7, 6, 7, 6, 1},
    {95, 320, 0, 0, 6, 2, 6, 1},
    {97, 322, 0, 6, 6, 6, 6, 1},
    {98, 328, 0, 8, 6, 8, 6, 1},
    {99, 336, 0, 6, 6, 6, 6, 1},
    {100, 342, 0, 8, 6, 8, 6, 1},
    {101, 350, 0, 6, 6, 6, 6, 1},
    {102, 356, 0, 8, 6, 8, 6, 1},
    {103, 364, 0, 7, 6, 9, 6, 1},
    {104, 373, 0, 8, 6, 8, 6, 1},
    {105, 381, 0, 8, 6, 8, 6, 1},
    {106, 389, 0, 8, 6, 10, 6, 1},
    {107, 399, 0, 8, 6, 8, 6, 1},
    {108, 407, 0, 8, 6, 8, 6, 1},
    {109, 415, 0, 6, 6, 6, 6, 1},
    {110, 421, 0, 6, 6, 6, 6, 1},
    {111, 427, 0, 6, 6, 6, 6, 1},
    {112, 433, 0, 6, 6, 8, 6, 1},
    {113, 441, 0, 6, 6, 8, 6, 1},
    {114, 449, 0, 6, 6, 6, 6, 1},
    {115, 455, 0, 6, 6, 6, 6, 1},
    {116, 461, 0, 7, 6, 7, 6, 1},
    {117, 468, 0, 6, 6, 6, 6, 1},
    {118, 474, 0, 6, 6, 6, 6, 1},
    {119, 480, 0, 6, 6, 6, 6, 1},
    {120, 486, 0, 6, 6, 6, 6, 1},
    {121, 492, 0, 6, 6, 8, 6, 1},
    {122, 500, 0, 6, 6, 6, 6, 1},
    {176, 506, 0, 7, 6, 7, 6, 1},
    {183, 513, 0, 4, 6, 4, 6, 1},
    {8212, 517, 0, 4, 6, 4, 6, 1},
    {8594, 521, 0, 6, 6, 6, 6, 1},
};
watchy_font_t watchy_font_plex_10_semibold = {glyphs_plex_10_semibold, bitmap_plex_10_semibold, 78, 10, 11, -3, 14};

static const uint8_t bitmap_plex_11_regular[] = {
    0x10, 0x10, 0x10, 0x10, 0x10, 0x00, 0x00, 0x10, 0x28, 0x28, 0x6c, 0x28,
    0x28, 0xcc, 0x50, 0x50, 0x00, 0x10, 0x38, 0x54, 0x50, 0x70, 0x1c, 0x14,
    0x54, 0x38, 0x10, 0x00, 0x64, 0x84, 0x88, 0x00, 0x00, 0x14, 0x50, 0x8c,
    0x00, 0x10, 0x10, 0x7c, 0x10, 0x10, 0x00, 0x38, 0x00, 0x00, 0x00, 0x00,
    0x10, 0x00, 0x08, 0x08, 0x10, 0x10, 0x00, 0x20, 0x20, 0x00, 0x40, 0x38,
    0x48, 0x44, 0x44, 0x54, 0x44, 0x44, 0x38, 0x30, 0x50, 0x10, 0x10, 0x10,
    0x10, 0x10, 0x7c, 0x38, 0x48, 0x04, 0x08, 0x18, 0x30, 0x60, 0x7c, 0x38,
    0x48, 0x08, 0x30, 0x08, 0x04, 0x48, 0x78, 0x18, 0x18, 0x28, 0x28, 0x48,
    0x08, 0x7c, 0x08, 0x78, 0x40, 0x40, 0x40, 0x58, 0x04, 0x04, 0x38, 0x10,
    0x20, 0x40, 0x78, 0x44, 0x44, 0x44, 0x38, 0x7c, 0x44, 0x08, 0x08, 0x10,
    0x10, 0x10, 0x20, 0x38, 0x44, 0x44, 0x38, 0x4c, 0x44, 0x44, 0x38, 0x38,
    0x44, 0x44, 0x44, 0x3c, 0x08, 0x08, 0x10, 0x10, 0x00, 0x00, 0x00, 0x00,
    0x10, 0x38, 0x48, 0x04, 0x08, 0x10, 0x00, 0x00, 0x30, 0x10, 0x30, 0x28,
    0x28, 0x48, 0x7c, 0x44, 0x84, 0x78, 0x4c, 0x44, 0x48, 0x78, 0x44, 0x44,
    0x78, 0x38, 0x44, 0x40, 0x40, 0x40, 0x40, 0x44, 0x38, 0x78, 0x48, 0x44,
    0x44, 0x44, 0x44, 0x48, 0x78, 0x7c, 0x40, 0x40, 0x78, 0x40, 0x40, 0x40,
    0x7c, 0x7c, 0x40, 0x40, 0x78, 0x40, 0x40, 0x40, 0x40, 0x38, 0x40, 0x40,
    0x40, 0x5c, 0x44, 0x44, 0x34, 0x44, 0x44, 0x44, 0x7c, 0x44, 0x44, 0x44,
    0x44, 0x7c, 0x10, 0x10, 0x10, 0x10, 0x10, 0x10, 0x78, 0x38, 0x08, 0x08,
    0x08, 0x08, 0x08, 0x48, 0x30, 0x44, 0x48, 0x50, 0x70, 0x70, 0x48, 0x48,
    0x44, 0x40, 0x40, 0x40, 0x40, 0x40, 0x40, 0x40, 0x7c, 0x44, 0x4c, 0x6c,
    0x74, 0x54, 0x44, 0x44, 0x44, 0x44, 0x64, 0x64, 0x54, 0x54, 0x54, 0x4c,
    0x4c, 0x38, 0x44, 0x44, 0x44, 0x44, 0x44, 0x44, 0x38, 0x78, 0x44, 0x44,
    0x78, 0x40, 0x40, 0x40, 0x40, 0x38, 0x44, 0x44, 0x44, 0x44, 0x44, 0x44,
    0x38, 0x10, 0x18, 0x78, 0x44, 0x44, 0x78, 0x50, 0x48, 0x48, 0x44, 0x38,
    0x40, 0x40, 0x60, 0x08, 0x04, 0x44, 0x78, 0xfc, 0x10, 0x10, 0x10, 0x10,
    0x10, 0x10, 0x10, 0x44, 0x44, 0x44, 0x44, 0x44, 0x44, 0x40, 0x38, 0x44,
    0x44, 0x40, 0x48, 0x28, 0x28, 0x30, 0x10, 0x84, 0x84, 0x14, 0x34, 0x64,
    0x6c, 0x6c, 0x4c, 0x44, 0x48, 0x28, 0x10, 0x30, 0x28, 0x48, 0x44, 0x84,
    0x44, 0x28, 0x30, 0x10, 0x10, 0x10, 0x10, 0x7c, 0x08, 0x08, 0x10, 0x20,
    0x20, 0x40, 0x7c, 0x00, 0x7c, 0x30, 0x08, 0x38, 0x48, 0x48, 0x74, 0x40,
    0x40, 0x40, 0x58, 0x44, 0x44, 0x44, 0x44, 0x78, 0x38, 0x40, 0x40, 0x40,
    0x40, 0x38, 0x04, 0x04, 0x04, 0x3c, 0x4c, 0x44, 0x44, 0x4c, 0x3c, 0x38,
    0x44, 0x7c, 0x40, 0x40, 0x38, 0x1c, 0x10, 0x10, 0x7c, 0x10, 0x10, 0x10,
    0x10, 0x7c, 0x04, 0x38, 0x48, 0x48, 0x38, 0x40, 0x78, 0x44, 0x44, 0x78,
    0x40, 0x40, 0x40, 0x58, 0x48, 0x44, 0x44, 0x44, 0x44, 0x10, 0x00, 0x00,
    0x70, 0x10, 0x10, 0x10, 0x10, 0x7c, 0x08, 0x00, 0x00, 0x78, 0x08, 0x08,
    0x08, 0x08, 0x08, 0x08, 0x08, 0x70, 0x40, 0x40, 0x40, 0x4c, 0x58, 0x70,
    0x50, 0x48, 0x44, 0x70, 0x10, 0x10, 0x10, 0x10, 0x10, 0x10, 0x10, 0x7c,
    0x6c, 0x14, 0x14, 0x14, 0x14, 0x14, 0x58, 0x48, 0x44, 0x44, 0x44, 0x44,
    0x38, 0x44, 0x44, 0x44, 0x44, 0x38, 0x58, 0x44, 0x44, 0x44, 0x44, 0x58,
    0x40, 0x40, 0x40, 0x3c, 0x4c, 0x44, 0x44, 0x4c, 0x3c, 0x04, 0x04, 0x04,
    0x6c, 0x10, 0x00, 0x00, 0x00, 0x78, 0x38, 0x40, 0x60, 0x08, 0x04, 0x38,
    0x20, 0x20, 0x7c, 0x20, 0x20, 0x20, 0x20, 0x1c, 0x44, 0x44, 0x44, 0x44,
    0x4c, 0x3c, 0x44, 0x40, 0x08, 0x28, 0x20, 0x10, 0x94, 0x14, 0x24, 0x64,
    0x6c, 0x48, 0x44, 0x28, 0x30, 0x30, 0x28, 0x44, 0x44, 0x40, 0x48, 0x28,
    0x20, 0x10, 0x10, 0x20, 0x60, 0x7c, 0x08, 0x10, 0x20, 0x60, 0x78, 0x30,
    0x48, 0x28, 0x10, 0x00, 0x00, 0x00, 0x00, 0x10, 0x00, 0x00, 0x00, 0x00,
    0xfc, 0x00, 0x00, 0x00, 0x00, 0x0c, 0xfc, 0x08, 0x00, 0x00,
};
static const watchy_font_glyph_t glyphs_plex_11_regular[] = {
    {32, 0, 0, 0, 0, 0, 7, 0},
    {33, 0, 0, 8, 7, 8, 7, 1},
    {35, 8, 0, 8, 7, 8, 7, 1},
    {36, 16, 0, 10, 7, 12, 7, 1},
    {37, 28, 0, 8, 7, 8, 7, 1},
    {43, 36, 0, 7, 7, 7, 7, 1},
    {45, 43, 0, 4, 7, 4, 7, 1},
    {46, 47, 0, 2, 7, 2, 7, 1},
    {47, 49, 0, 8, 7, 10, 7, 1},
    {48, 59, 0, 8, 7, 8, 7, 1},
    {49, 67, 0, 8, 7, 8, 7, 1},
    {50, 75, 0, 8, 7, 8, 7, 1},
    {51, 83, 0, 8, 7, 8, 7, 1},
    {52, 91, 0, 8, 7, 8, 7, 1},
    {53, 99, 0, 8, 7, 8, 7, 1},
    {54, 107, 0, 8, 7, 8, 7, 1},
    {55, 115, 0, 8, 7, 8, 7, 1},
    {56, 123, 0, 8, 7, 8, 7, 1},
    {57, 131, 0, 8, 7, 8, 7, 1},
    {58, 139, 0, 6, 7, 6, 7, 1},
    {63, 145, 0, 8, 7, 8, 7, 1},
    {65, 153, 0, 8, 7, 8, 7, 1},
    {66, 161, 0, 8, 7, 8, 7, 1},
    {67, 169, 0, 8, 7, 8, 7, 1},
    {68, 177, 0, 8, 7, 8, 7, 1},
    {69, 185, 0, 8, 7, 8, 7, 1},
    {70, 193, 0, 8, 7, 8, 7, 1},
    {71, 201, 0, 8, 7, 8, 7, 1},
    {72, 209, 0, 8, 7, 8, 7, 1},
    {73, 217, 0, 8, 7, 8, 7, 1},
    {74, 225, 0, 8, 7, 8, 7, 1},
    {75, 233, 0, 8, 7, 8, 7, 1},
    {76, 241, 0, 8, 7, 8, 7, 1},
    {77, 249, 0, 8, 7, 8, 7, 1},
    {78, 257, 0, 8, 7, 8, 7, 1},
    {79, 265, 0, 8, 7, 8, 7, 1},
    {80, 273, 0, 8, 7, 8, 7, 1},
    {81, 281, 0, 8, 7, 10, 7, 1},
    {82, 291, 0, 8, 7, 8, 7, 1},
    {83, 299, 0, 8, 7, 8, 7, 1},
    {84, 307, 0, 8, 7, 8, 7, 1},
    {85, 315, 0, 8, 7, 8, 7, 1},
    {86, 323, 0, 8, 7, 8, 7, 1},
    {87, 331, 0, 8, 7, 8, 7, 1},
    {88, 339, 0, 8, 7, 8, 7, 1},
    {89, 347, 0, 8, 7, 8, 7, 1},
    {90, 355, 0, 8, 7, 8, 7, 1},
    {95, 363, 0, 0, 7, 2, 7, 1},
    {97, 365, 0, 6, 7, 6, 7, 1},
    {98, 371, 0, 9, 7, 9, 7, 1},
    {99, 380, 0, 6, 7, 6, 7, 1},
    {100, 386, 0, 9, 7, 9, 7, 1},
    {101, 395, 0, 6, 7, 6, 7, 1},
    {102, 401, 0, 9, 7, 9, 7, 1},
    {103, 410, 0, 7, 7, 10, 7, 1},
    {104, 420, 0, 9, 7, 9, 7, 1},
    {105, 429, 0, 9, 7, 9, 7, 1},
    {106, 438, 0, 9, 7, 12, 7, 1},
    {107, 450, 0, 9, 7, 9, 7, 1},
    {108, 459, 0, 9, 7, 9, 7, 1},
    {109, 468, 0, 6, 7, 6, 7, 1},
    {110, 474, 0, 6, 7, 6, 7, 1},
    {111, 480, 0, 6, 7, 6, 7, 1},
    {112, 486, 0, 6, 7, 9, 7, 1},
    {113, 495, 0, 6, 7, 9, 7, 1},
    {114, 504, 0, 6, 7, 6, 7, 1},
    {115, 510, 0, 6, 7, 6, 7, 1},
    {116, 516, 0, 8, 7, 8, 7, 1},
    {117, 524, 0, 6, 7, 6, 7, 1},
    {118, 530, 0, 6, 7, 6, 7, 1},
    {119, 536, 0, 6, 7, 6, 7, 1},
    {120, 542, 0, 6, 7, 6, 7, 1},
    {121, 548, 0, 6, 7, 9, 7, 1},
    {122, 557, 0, 6, 7, 6, 7, 1},
    {176, 563, 0, 8, 7, 8, 7, 1},
    {183, 571, 0, 5, 7, 5, 7, 1},
    {8212, 576, 0, 4, 7, 4, 7, 1},
    {8594, 580, 0, 6, 7, 6, 7, 1},
};
watchy_font_t watchy_font_plex_11_regular = {glyphs_plex_11_regular, bitmap_plex_11_regular, 78, 11, 12, -4, 16};

static const uint8_t bitmap_plex_11_semibold[] = {
    0x10, 0x10, 0x10, 0x10, 0x10, 0x00, 0x10, 0x30, 0x28, 0x28, 0x6c, 0x28,
    0x28, 0xec, 0x58, 0x50, 0x00, 0x10, 0x38, 0x7c, 0x50, 0x70, 0x1c, 0x14,
    0x5c, 0x78, 0x10, 0x00, 0x64, 0xa4, 0xa8, 0x60, 0x0c, 0x54, 0x54, 0x8c,
    0x00, 0x10, 0x10, 0x7c, 0x10, 0x10, 0x00, 0x38, 0x00, 0x00, 0x00, 0x30,
    0x30, 0x0c, 0x08, 0x08, 0x10, 0x10, 0x30, 0x20, 0x20, 0x60, 0x40, 0x38,
    0x6c, 0x44, 0xc4, 0xd4, 0x44, 0x6c, 0x38, 0x38, 0x78, 0x58, 0x18, 0x18,
    0x18, 0x18, 0x7c, 0x38, 0x6c, 0x0c, 0x0c, 0x18, 0x30, 0x60, 0x7c, 0x38,
    0x4c, 0x0c, 0x38, 0x0c, 0x0c, 0x4c, 0x78, 0x18, 0x38, 0x28, 0x48, 0x48,
    0xfc, 0x08, 0x08, 0x7c, 0x40, 0x40, 0x78, 0x4c, 0x04, 0x4c, 0x38, 0x18,
    0x20, 0x60, 0x78, 0x4c, 0x44, 0x6c, 0x38, 0x7c, 0x4c, 0x4c, 0x08, 0x18,
    0x10, 0x30, 0x30, 0x38, 0x4c, 0x4c, 0x38, 0x4c, 0x44, 0x4c, 0x78, 0x38,
    0x4c, 0xc4, 0x4c, 0x7c, 0x08, 0x18, 0x30, 0x30, 0x30, 0x00, 0x00, 0x30,
    0x30, 0x38, 0x6c, 0x0c, 0x18, 0x30, 0x00, 0x30, 0x30, 0x30, 0x38, 0x28,
    0x68, 0x6c, 0x7c, 0x44, 0xc4, 0x78, 0x4c, 0x4c, 0x78, 0x4c, 0x44, 0x4c,
    0x78, 0x38, 0x6c, 0x40, 0x40, 0x40, 0x40, 0x6c, 0x38, 0x78, 0x4c, 0x4c,
    0x44, 0x44, 0x4c, 0x4c, 0x78, 0x7c, 0x40, 0x40, 0x7c, 0x40, 0x40, 0x40,
    0x7c, 0x7c, 0x40, 0x40, 0x7c, 0x40, 0x40, 0x40, 0x40, 0x38, 0x6c, 0x40,
    0x40, 0xdc, 0x44, 0x6c, 0x34, 0x4c, 0x4c, 0x4c, 0x7c, 0x4c, 0x4c, 0x4c,
    0x4c, 0x7c, 0x10, 0x10, 0x10, 0x10, 0x10, 0x10, 0x7c, 0x7c, 0x0c, 0x0c,
    0x0c, 0x0c, 0x0c, 0x48, 0x38, 0x4c, 0x48, 0x58, 0x70, 0x78, 0x48, 0x4c,
    0x44, 0x60, 0x60, 0x60, 0x60, 0x60, 0x60, 0x60, 0x7c, 0x4c, 0x6c, 0x7c,
    0x74, 0x54, 0x44, 0x44, 0x44, 0x64, 0x64, 0x64, 0x54, 0x54, 0x5c, 0x4c,
    0x4c, 0x38, 0x6c, 0x44, 0xc4, 0xc4, 0x44, 0x6c, 0x38, 0x78, 0x4c, 0x4c,
    0x78, 0x40, 0x40, 0x40, 0x40, 0x38, 0x6c, 0x44, 0xc4, 0xc4, 0x44, 0x4c,
    0x38, 0x10, 0x1c, 0x78, 0x4c, 0x4c, 0x78, 0x58, 0x48, 0x4c, 0x4c, 0x38,
    0x6c, 0x40, 0x70, 0x1c, 0x04, 0x4c, 0x78, 0xfc, 0x30, 0x10, 0x10, 0x10,
    0x10, 0x10, 0x10, 0x4c, 0x4c, 0x4c, 0x4c, 0x4c, 0x4c, 0x6c, 0x38, 0xc4,
    0x44, 0x4c, 0x68, 0x68, 0x28, 0x38, 0x30, 0x84, 0xc4, 0xd4, 0xf4, 0xf4,
    0x6c, 0x6c, 0x6c, 0x44, 0x68, 0x38, 0x30, 0x38, 0x38, 0x4c, 0xc4, 0xc4,
    0x4c, 0x68, 0x38, 0x30, 0x10, 0x10, 0x10, 0x7c, 0x0c, 0x18, 0x10, 0x30,
    0x60, 0x60, 0x7c, 0x00, 0x7c, 0x78, 0x08, 0x3c, 0x4c, 0x4c, 0x74, 0x40,
    0x40, 0x40, 0x58, 0x6c, 0x44, 0x44, 0x6c, 0x58, 0x38, 0x68, 0x40, 0x40,
    0x68, 0x38, 0x0c, 0x0c, 0x0c, 0x7c, 0x6c, 0x4c, 0x4c, 0x6c, 0x7c, 0x38,
    0x4c, 0x7c, 0x40, 0x68, 0x38, 0x1c, 0x10, 0x10, 0x7c, 0x30, 0x10, 0x10,
    0x10, 0x7c, 0x0c, 0x38, 0x4c, 0x4c, 0x38, 0x40, 0x7c, 0x44, 0x44, 0x78,
    0x40, 0x40, 0x40, 0x58, 0x6c, 0x4c, 0x4c, 0x4c, 0x4c, 0x10, 0x10, 0x00,
    0x70, 0x10, 0x10, 0x10, 0x10, 0x7c, 0x18, 0x08, 0x00, 0x78, 0x18, 0x18,
    0x18, 0x18, 0x18, 0x18, 0x18, 0x70, 0x40, 0x40, 0x40, 0x4c, 0x58, 0x70,
    0x78, 0x48, 0x4c, 0x70, 0x10, 0x10, 0x10, 0x10, 0x10, 0x10, 0x10, 0x7c,
    0xec, 0xd4, 0xd4, 0xd4, 0xd4, 0xd4, 0x58, 0x6c, 0x4c, 0x4c, 0x4c, 0x4c,
    0x38, 0x6c, 0x44, 0x44, 0x4c, 0x38, 0x58, 0x6c, 0x44, 0x44, 0x6c, 0x58,
    0x40, 0x40, 0x40, 0x7c, 0x6c, 0x4c, 0x4c, 0x6c, 0x7c, 0x0c, 0x0c, 0x0c,
    0x7c, 0x38, 0x30, 0x30, 0x30, 0x78, 0x38, 0x40, 0x70, 0x1c, 0x4c, 0x78,
    0x20, 0x20, 0xfc, 0x30, 0x20, 0x20, 0x30, 0x1c, 0x4c, 0x4c, 0x4c, 0x4c,
    0x6c, 0x7c, 0x44, 0x4c, 0x68, 0x28, 0x38, 0x30, 0x94, 0xb4, 0xf4, 0x6c,
    0x6c, 0x6c, 0x4c, 0x68, 0x30, 0x38, 0x68, 0x4c, 0xc4, 0x4c, 0x68, 0x28,
    0x38, 0x30, 0x10, 0x30, 0x60, 0x7c, 0x08, 0x18, 0x30, 0x60, 0x7c, 0x38,
    0x68, 0x68, 0x38, 0x00, 0x00, 0x00, 0x00, 0x30, 0x30, 0x00, 0x00, 0xfe,
    0x00, 0x00, 0x00, 0x00, 0x18, 0x0c, 0xfc, 0x08, 0x00, 0x00,
};
static const watchy_font_glyph_t glyphs_plex_11_semibold[] = {
    {32, 0, 0, 0, 0, 0, 7, 0},
    {33, 0, 0, 8, 7, 8, 7, 1},
    {35, 8, 0, 8, 7, 8, 7, 1},
    {36, 16, 0, 10, 7, 12, 7, 1},
    {37, 28, 0, 8, 7, 8, 7, 1},
    {43, 36, 0, 7, 7, 7, 7, 1},
    {45, 43, 0, 4, 7, 4, 7, 1},
    {46, 47, 0, 2, 7, 2, 7, 1},
    {47, 49, 0, 8, 7, 10, 7, 1},
    {48, 59, 0, 8, 7, 8, 7, 1},
    {49, 67, 0, 8, 7, 8, 7, 1},
    {50, 75, 0, 8, 7, 8, 7, 1},
    {51, 83, 0, 8, 7, 8, 7, 1},
    {52, 91, 0, 8, 7, 8, 7, 1},
    {53, 99, 0, 8, 7, 8, 7, 1},
    {54, 107, 0, 8, 7, 8, 7, 1},
    {55, 115, 0, 8, 7, 8, 7, 1},
    {56, 123, 0, 8, 7, 8, 7, 1},
    {57, 131, 0, 8, 7, 8, 7, 1},
    {58, 139, 0, 6, 7, 6, 7, 1},
    {63, 145, 0, 8, 7, 8, 7, 1},
    {65, 153, 0, 8, 7, 8, 7, 1},
    {66, 161, 0, 8, 7, 8, 7, 1},
    {67, 169, 0, 8, 7, 8, 7, 1},
    {68, 177, 0, 8, 7, 8, 7, 1},
    {69, 185, 0, 8, 7, 8, 7, 1},
    {70, 193, 0, 8, 7, 8, 7, 1},
    {71, 201, 0, 8, 7, 8, 7, 1},
    {72, 209, 0, 8, 7, 8, 7, 1},
    {73, 217, 0, 8, 7, 8, 7, 1},
    {74, 225, 0, 8, 7, 8, 7, 1},
    {75, 233, 0, 8, 7, 8, 7, 1},
    {76, 241, 0, 8, 7, 8, 7, 1},
    {77, 249, 0, 8, 7, 8, 7, 1},
    {78, 257, 0, 8, 7, 8, 7, 1},
    {79, 265, 0, 8, 7, 8, 7, 1},
    {80, 273, 0, 8, 7, 8, 7, 1},
    {81, 281, 0, 8, 7, 10, 7, 1},
    {82, 291, 0, 8, 7, 8, 7, 1},
    {83, 299, 0, 8, 7, 8, 7, 1},
    {84, 307, 0, 8, 7, 8, 7, 1},
    {85, 315, 0, 8, 7, 8, 7, 1},
    {86, 323, 0, 8, 7, 8, 7, 1},
    {87, 331, 0, 8, 7, 8, 7, 1},
    {88, 339, 0, 8, 7, 8, 7, 1},
    {89, 347, 0, 8, 7, 8, 7, 1},
    {90, 355, 0, 8, 7, 8, 7, 1},
    {95, 363, 0, 0, 7, 2, 7, 1},
    {97, 365, 0, 6, 7, 6, 7, 1},
    {98, 371, 0, 9, 7, 9, 7, 1},
    {99, 380, 0, 6, 7, 6, 7, 1},
    {100, 386, 0, 9, 7, 9, 7, 1},
    {101, 395, 0, 6, 7, 6, 7, 1},
    {102, 401, 0, 9, 7, 9, 7, 1},
    {103, 410, 0, 7, 7, 10, 7, 1},
    {104, 420, 0, 9, 7, 9, 7, 1},
    {105, 429, 0, 9, 7, 9, 7, 1},
    {106, 438, 0, 9, 7, 12, 7, 1},
    {107, 450, 0, 9, 7, 9, 7, 1},
    {108, 459, 0, 9, 7, 9, 7, 1},
    {109, 468, 0, 6, 7, 6, 7, 1},
    {110, 474, 0, 6, 7, 6, 7, 1},
    {111, 480, 0, 6, 7, 6, 7, 1},
    {112, 486, 0, 6, 7, 9, 7, 1},
    {113, 495, 0, 6, 7, 9, 7, 1},
    {114, 504, 0, 6, 7, 6, 7, 1},
    {115, 510, 0, 6, 7, 6, 7, 1},
    {116, 516, 0, 8, 7, 8, 7, 1},
    {117, 524, 0, 6, 7, 6, 7, 1},
    {118, 530, 0, 6, 7, 6, 7, 1},
    {119, 536, 0, 6, 7, 6, 7, 1},
    {120, 542, 0, 6, 7, 6, 7, 1},
    {121, 548, 0, 6, 7, 9, 7, 1},
    {122, 557, 0, 6, 7, 6, 7, 1},
    {176, 563, 0, 8, 7, 8, 7, 1},
    {183, 571, 0, 4, 7, 4, 7, 1},
    {8212, 575, 0, 4, 7, 4, 7, 1},
    {8594, 579, 0, 7, 7, 7, 7, 1},
};
watchy_font_t watchy_font_plex_11_semibold = {glyphs_plex_11_semibold, bitmap_plex_11_semibold, 78, 11, 12, -4, 16};

static const uint8_t bitmap_plex_13_medium[] = {
    0x18, 0x18, 0x18, 0x18, 0x10, 0x10, 0x00, 0x00, 0x18, 0x18, 0x14, 0x14,
    0x34, 0x77, 0x24, 0x2c, 0xee, 0x28, 0x28, 0x68, 0x00, 0x18, 0x3c, 0x7e,
    0x40, 0x60, 0x78, 0x1e, 0x02, 0x02, 0x7e, 0x3c, 0x18, 0x00, 0x62, 0x92,
    0x94, 0x94, 0x60, 0x0e, 0x2a, 0x49, 0x4a, 0xce, 0x10, 0x18, 0x18, 0x7e,
    0x18, 0x18, 0x00, 0x00, 0x3c, 0x00, 0x00, 0x00, 0x00, 0x18, 0x18, 0x06,
    0x04, 0x04, 0x08, 0x08, 0x18, 0x10, 0x10, 0x30, 0x20, 0x20, 0x40, 0x3c,
    0x64, 0x46, 0x42, 0x5a, 0x42, 0x42, 0x46, 0x64, 0x38, 0x38, 0x38, 0x48,
    0x08, 0x08, 0x08, 0x08, 0x08, 0x08, 0x7e, 0x3c, 0x6c, 0x46, 0x06, 0x04,
    0x0c, 0x18, 0x30, 0x60, 0x7e, 0x3c, 0x6e, 0x06, 0x04, 0x18, 0x0c, 0x06,
    0x06, 0x6e, 0x3c, 0x0c, 0x1c, 0x14, 0x24, 0x24, 0x44, 0x44, 0xfe, 0x04,
    0x04, 0x7e, 0x60, 0x40, 0x40, 0x7c, 0x66, 0x06, 0x06, 0x66, 0x3c, 0x18,
    0x10, 0x20, 0x60, 0x7c, 0x66, 0x42, 0x46, 0x66, 0x3c, 0x7e, 0x46, 0x46,
    0x04, 0x0c, 0x08, 0x08, 0x18, 0x10, 0x30, 0x3c, 0x66, 0x46, 0x64, 0x3c,
    0x66, 0x42, 0x42, 0x66, 0x3c, 0x3c, 0x66, 0x46, 0x46, 0x66, 0x3e, 0x04,
    0x0c, 0x18, 0x30, 0x18, 0x18, 0x00, 0x00, 0x00, 0x18, 0x18, 0x3c, 0x6c,
    0x06, 0x06, 0x1c, 0x18, 0x10, 0x00, 0x18, 0x18, 0x18, 0x18, 0x3c, 0x2c,
    0x24, 0x64, 0x7e, 0x46, 0x42, 0xc2, 0x7c, 0x66, 0x46, 0x44, 0x7c, 0x66,
    0x42, 0x42, 0x66, 0x7c, 0x3c, 0x26, 0x62, 0x40, 0x40, 0x40, 0x40, 0x62,
    0x26, 0x3c, 0x78, 0x64, 0x46, 0x42, 0x42, 0x42, 0x42, 0x46, 0x64, 0x78,
    0x7e, 0x60, 0x60, 0x60, 0x7e, 0x60, 0x60, 0x60, 0x60, 0x7e, 0x7e, 0x60,
    0x60, 0x60, 0x7e, 0x60, 0x60, 0x60, 0x60, 0x60, 0x3c, 0x64, 0x40, 0x40,
    0x40, 0x4e, 0x42, 0x46, 0x66, 0x3a, 0x46, 0x46, 0x46, 0x46, 0x7e, 0x66,
    0x46, 0x46, 0x46, 0x46, 0x7e, 0x18, 0x18, 0x18, 0x18, 0x18, 0x18, 0x18,
    0x18, 0x7e, 0x3c, 0x04, 0x04, 0x04, 0x04, 0x04, 0x04, 0x44, 0x6c, 0x38,
    0x46, 0x44, 0x4c, 0x58, 0x78, 0x78, 0x6c, 0x44, 0x46, 0x42, 0x60, 0x60,
    0x60, 0x60, 0x60, 0x60, 0x60, 0x60, 0x60, 0x7e, 0x66, 0x66, 0x66, 0x5a,
    0x5a, 0x52, 0x42, 0x42, 0x42, 0x42, 0x62, 0x62, 0x72, 0x52, 0x52, 0x5a,
    0x4a, 0x4e, 0x4e, 0x46, 0x3c, 0x64, 0x46, 0x42, 0x42, 0x42, 0x42, 0x46,
    0x64, 0x3c, 0x7c, 0x66, 0x62, 0x62, 0x66, 0x7c, 0x60, 0x60, 0x60, 0x60,
    0x3c, 0x64, 0x46, 0x42, 0x42, 0x42, 0x42, 0x46, 0x66, 0x3c, 0x18, 0x0e,
    0x00, 0x7c, 0x66, 0x62, 0x62, 0x66, 0x7c, 0x68, 0x6c, 0x64, 0x66, 0x3c,
    0x66, 0x40, 0x60, 0x78, 0x1e, 0x06, 0x02, 0x66, 0x3c, 0xfe, 0x18, 0x18,
    0x18, 0x18, 0x18, 0x18, 0x18, 0x18, 0x18, 0x46, 0x46, 0x46, 0x46, 0x46,
    0x46, 0x46, 0x46, 0x66, 0x3c, 0xc2, 0x42, 0x46, 0x66, 0x64, 0x24, 0x2c,
    0x3c, 0x38, 0x18, 0xc2, 0xc2, 0xd2, 0x5a, 0x5a, 0x5a, 0x6a, 0x6e, 0x66,
    0x66, 0x42, 0x66, 0x24, 0x3c, 0x18, 0x18, 0x3c, 0x24, 0x66, 0x42, 0xc2,
    0x46, 0x64, 0x2c, 0x38, 0x18, 0x18, 0x18, 0x18, 0x18, 0x7e, 0x06, 0x04,
    0x0c, 0x18, 0x10, 0x30, 0x60, 0x60, 0x7e, 0x00, 0x7e, 0x00, 0x38, 0x4c,
    0x04, 0x3c, 0x44, 0x44, 0x32, 0x40, 0x40, 0x40, 0x5c, 0x66, 0x46, 0x42,
    0x46, 0x66, 0x5c, 0x3c, 0x64, 0x60, 0x40, 0x60, 0x66, 0x3c, 0x06, 0x06,
    0x06, 0x3e, 0x66, 0x46, 0x46, 0x46, 0x66, 0x3e, 0x3c, 0x64, 0x46, 0x7e,
    0x40, 0x64, 0x3c, 0x0e, 0x18, 0x18, 0x7e, 0x18, 0x18, 0x18, 0x18, 0x18,
    0x7e, 0x06, 0x3c, 0x64, 0x66, 0x64, 0x3c, 0x60, 0x3e, 0x42, 0x42, 0x7c,
    0x40, 0x40, 0x40, 0x7c, 0x66, 0x66, 0x46, 0x46, 0x46, 0x46, 0x08, 0x08,
    0x00, 0x78, 0x08, 0x08, 0x08, 0x08, 0x08, 0x7e, 0x0c, 0x0c, 0x00, 0x7c,
    0x0c, 0x0c, 0x0c, 0x0c, 0x0c, 0x0c, 0x0c, 0x0c, 0x78, 0x60, 0x60, 0x60,
    0x66, 0x6c, 0x78, 0x78, 0x6c, 0x64, 0x66, 0x78, 0x18, 0x18, 0x18, 0x18,
    0x18, 0x18, 0x18, 0x18, 0x7e, 0x76, 0x5a, 0x52, 0x52, 0x52, 0x52, 0x52,
    0x7c, 0x66, 0x66, 0x46, 0x46, 0x46, 0x46, 0x3c, 0x66, 0x46, 0x42, 0x46,
    0x66, 0x3c, 0x5c, 0x66, 0x46, 0x42, 0x46, 0x66, 0x5c, 0x40, 0x40, 0x40,
    0x3e, 0x66, 0x46, 0x46, 0x46, 0x66, 0x3e, 0x06, 0x06, 0x06, 0x76, 0x18,
    0x10, 0x10, 0x10, 0x10, 0x7c, 0x3c, 0x64, 0x60, 0x3c, 0x06, 0x46, 0x3c,
    0x10, 0x10, 0x10, 0x7e, 0x30, 0x10, 0x10, 0x10, 0x10, 0x1e, 0x46, 0x46,
    0x46, 0x46, 0x66, 0x66, 0x3e, 0x42, 0x66, 0x64, 0x24, 0x2c, 0x38, 0x18,
    0xda, 0xda, 0x5a, 0x5a, 0x6a, 0x66, 0x66, 0x66, 0x24, 0x38, 0x18, 0x38,
    0x24, 0x46, 0x42, 0x66, 0x64, 0x24, 0x3c, 0x18, 0x18, 0x10, 0x10, 0x60,
    0x7e, 0x04, 0x0c, 0x18, 0x30, 0x60, 0x7e, 0x18, 0x24, 0x24, 0x24, 0x18,
    0x00, 0x00, 0x00, 0x00, 0x00, 0x18, 0x18, 0x00, 0x00, 0x00, 0x00, 0xff,
    0x00, 0x00, 0x00, 0x00, 0x0c, 0x06, 0xfe, 0x06, 0x0c, 0x00, 0x00,
};
static const watchy_font_glyph_t glyphs_plex_13_medium[] = {
    {32, 0, 0, 0, 0, 0, 8, 0},
    {33, 0, 0, 10, 8, 10, 8, 1},
    {35, 10, 0, 10, 8, 10, 8, 1},
    {36, 20, 0, 12, 8, 14, 8, 1},
    {37, 34, 0, 10, 8, 10, 8, 1},
    {43, 44, 0, 7, 8, 7, 8, 1},
    {45, 51, 0, 5, 8, 5, 8, 1},
    {46, 56, 0, 3, 8, 3, 8, 1},
    {47, 59, 0, 10, 8, 12, 8, 1},
    {48, 71, 0, 10, 8, 10, 8, 1},
    {49, 81, 0, 10, 8, 10, 8, 1},
    {50, 91, 0, 10, 8, 10, 8, 1},
    {51, 101, 0, 10, 8, 10, 8, 1},
    {52, 111, 0, 10, 8, 10, 8, 1},
    {53, 121, 0, 10, 8, 10, 8, 1},
    {54, 131, 0, 10, 8, 10, 8, 1},
    {55, 141, 0, 10, 8, 10, 8, 1},
    {56, 151, 0, 10, 8, 10, 8, 1},
    {57, 161, 0, 10, 8, 10, 8, 1},
    {58, 171, 0, 7, 8, 7, 8, 1},
    {63, 178, 0, 10, 8, 10, 8, 1},
    {65, 188, 0, 10, 8, 10, 8, 1},
    {66, 198, 0, 10, 8, 10, 8, 1},
    {67, 208, 0, 10, 8, 10, 8, 1},
    {68, 218, 0, 10, 8, 10, 8, 1},
    {69, 228, 0, 10, 8, 10, 8, 1},
    {70, 238, 0, 10, 8, 10, 8, 1},
    {71, 248, 0, 10, 8, 10, 8, 1},
    {72, 258, 0, 10, 8, 10, 8, 1},
    {73, 268, 0, 10, 8, 10, 8, 1},
    {74, 278, 0, 10, 8, 10, 8, 1},
    {75, 288, 0, 10, 8, 10, 8, 1},
    {76, 298, 0, 10, 8, 10, 8, 1},
    {77, 308, 0, 10, 8, 10, 8, 1},
    {78, 318, 0, 10, 8, 10, 8, 1},
    {79, 328, 0, 10, 8, 10, 8, 1},
    {80, 338, 0, 10, 8, 10, 8, 1},
    {81, 348, 0, 10, 8, 13, 8, 1},
    {82, 361, 0, 10, 8, 10, 8, 1},
    {83, 371, 0, 10, 8, 10, 8, 1},
    {84, 381, 0, 10, 8, 10, 8, 1},
    {85, 391, 0, 10, 8, 10, 8, 1},
    {86, 401, 0, 10, 8, 10, 8, 1},
    {87, 411, 0, 10, 8, 10, 8, 1},
    {88, 421, 0, 10, 8, 10, 8, 1},
    {89, 431, 0, 10, 8, 10, 8, 1},
    {90, 441, 0, 10, 8, 10, 8, 1},
    {95, 451, 0, 0, 8, 3, 8, 1},
    {97, 454, 0, 7, 8, 7, 8, 1},
    {98, 461, 0, 10, 8, 10, 8, 1},
    {99, 471, 0, 7, 8, 7, 8, 1},
    {100, 478, 0, 10, 8, 10, 8, 1},
    {101, 488, 0, 7, 8, 7, 8, 1},
    {102, 495, 0, 10, 8, 10, 8, 1},
    {103, 505, 0, 8, 8, 11, 8, 1},
    {104, 516, 0, 10, 8, 10, 8, 1},
    {105, 526, 0, 10, 8, 10, 8, 1},
    {106, 536, 0, 10, 8, 13, 8, 1},
    {107, 549, 0, 10, 8, 10, 8, 1},
    {108, 559, 0, 10, 8, 10, 8, 1},
    {109, 569, 0, 7, 8, 7, 8, 1},
    {110, 576, 0, 7, 8, 7, 8, 1},
    {111, 583, 0, 7, 8, 7, 8, 1},
    {112, 590, 0, 7, 8, 10, 8, 1},
    {113, 600, 0, 7, 8, 10, 8, 1},
    {114, 610, 0, 7, 8, 7, 8, 1},
    {115, 617, 0, 7, 8, 7, 8, 1},
    {116, 624, 0, 10, 8, 10, 8, 1},
    {117, 634, 0, 7, 8, 7, 8, 1},
    {118, 641, 0, 7, 8, 7, 8, 1},
    {119, 648, 0, 7, 8, 7, 8, 1},
    {120, 655, 0, 7, 8, 7, 8, 1},
    {121, 662, 0, 7, 8, 10, 8, 1},
    {122, 672, 0, 7, 8, 7, 8, 1},
    {176, 679, 0, 10, 8, 10, 8, 1},
    {183, 689, 0, 5, 8, 5, 8, 1},
    {8212, 694, 0, 5, 8, 5, 8, 1},
    {8594, 699, 0, 8, 8, 8, 8, 1},
};
watchy_font_t watchy_font_plex_13_medium = {glyphs_plex_13_medium, bitmap_plex_13_medium, 78, 13, 14, -4, 18};

static const uint8_t bitmap_plex_13_regular[] = {
    0x10, 0x10, 0x10, 0x10, 0x10, 0x00, 0x00, 0x00, 0x10, 0x18, 0x14, 0x14,
    0x14, 0x66, 0x24, 0x20, 0xee, 0x28, 0x28, 0x08, 0x00, 0x00, 0x3c, 0x62,
    0x40, 0x40, 0x38, 0x1e, 0x02, 0x02, 0x46, 0x3c, 0x00, 0x00, 0x62, 0x92,
    0x94, 0x94, 0x60, 0x04, 0x2a, 0x48, 0x4a, 0x8e, 0x00, 0x10, 0x10, 0x7e,
    0x10, 0x10, 0x00, 0x00, 0x00, 0x3c, 0x00, 0x00, 0x00, 0x10, 0x18, 0x04,
    0x04, 0x04, 0x08, 0x08, 0x00, 0x10, 0x10, 0x20, 0x20, 0x20, 0x00, 0x38,
    0x64, 0x42, 0x42, 0x5a, 0x42, 0x42, 0x42, 0x64, 0x38, 0x18, 0x28, 0x48,
    0x08, 0x08, 0x08, 0x08, 0x08, 0x08, 0x7e, 0x38, 0x64, 0x46, 0x06, 0x04,
    0x0c, 0x18, 0x30, 0x60, 0x7e, 0x38, 0x44, 0x04, 0x04, 0x18, 0x04, 0x02,
    0x02, 0x44, 0x38, 0x0c, 0x0c, 0x14, 0x24, 0x24, 0x44, 0x44, 0xfe, 0x04,
    0x04, 0x3c, 0x40, 0x40, 0x40, 0x40, 0x5c, 0x06, 0x02, 0x46, 0x3c, 0x08,
    0x10, 0x20, 0x60, 0x5c, 0x46, 0x42, 0x42, 0x66, 0x3c, 0x7e, 0x42, 0x44,
    0x04, 0x0c, 0x08, 0x08, 0x10, 0x10, 0x30, 0x3c, 0x66, 0x42, 0x64, 0x3c,
    0x64, 0x42, 0x42, 0x46, 0x3c, 0x38, 0x64, 0x42, 0x42, 0x46, 0x3e, 0x04,
    0x04, 0x08, 0x10, 0x18, 0x10, 0x00, 0x00, 0x00, 0x10, 0x18, 0x3c, 0x64,
    0x06, 0x04, 0x0c, 0x10, 0x10, 0x00, 0x10, 0x10, 0x18, 0x18, 0x28, 0x24,
    0x24, 0x24, 0x7c, 0x42, 0x42, 0x42, 0x7c, 0x44, 0x46, 0x42, 0x44, 0x7c,
    0x46, 0x42, 0x46, 0x7c, 0x1c, 0x26, 0x40, 0x40, 0x40, 0x40, 0x40, 0x40,
    0x26, 0x1c, 0x78, 0x44, 0x42, 0x42, 0x42, 0x42, 0x42, 0x42, 0x44, 0x78,
    0x7e, 0x40, 0x40, 0x40, 0x7e, 0x40, 0x40, 0x40, 0x40, 0x7e, 0x7e, 0x40,
    0x40, 0x40, 0x7c, 0x40, 0x40, 0x40, 0x40, 0x40, 0x3c, 0x64, 0x40, 0x40,
    0x40, 0x4e, 0x42, 0x42, 0x66, 0x3a, 0x42, 0x42, 0x42, 0x42, 0x7e, 0x42,
    0x42, 0x42, 0x42, 0x42, 0x7e, 0x10, 0x10, 0x10, 0x10, 0x10, 0x10, 0x10,
    0x10, 0x7e, 0x3c, 0x04, 0x04, 0x04, 0x04, 0x04, 0x04, 0x04, 0x64, 0x38,
    0x42, 0x44, 0x4c, 0x58, 0x50, 0x68, 0x4c, 0x44, 0x46, 0x42, 0x20, 0x20,
    0x20, 0x20, 0x20, 0x20, 0x20, 0x20, 0x20, 0x3e, 0x46, 0x66, 0x66, 0x4a,
    0x5a, 0x52, 0x42, 0x42, 0x42, 0x42, 0x62, 0x62, 0x62, 0x52, 0x52, 0x4a,
    0x4a, 0x4e, 0x46, 0x46, 0x38, 0x64, 0x42, 0x42, 0x42, 0x42, 0x42, 0x42,
    0x64, 0x38, 0x7c, 0x46, 0x42, 0x42, 0x46, 0x7c, 0x40, 0x40, 0x40, 0x40,
    0x38, 0x64, 0x42, 0x42, 0x42, 0x42, 0x42, 0x42, 0x64, 0x3c, 0x10, 0x10,
    0x0c, 0x7c, 0x46, 0x42, 0x42, 0x46, 0x7c, 0x48, 0x44, 0x44, 0x42, 0x3c,
    0x66, 0x40, 0x40, 0x38, 0x0c, 0x02, 0x02, 0x46, 0x3c, 0xfe, 0x10, 0x10,
    0x10, 0x10, 0x10, 0x10, 0x10, 0x10, 0x10, 0x42, 0x42, 0x42, 0x42, 0x42,
    0x42, 0x42, 0x42, 0x64, 0x3c, 0x42, 0x42, 0x42, 0x64, 0x24, 0x24, 0x24,
    0x38, 0x18, 0x18, 0x82, 0x42, 0x42, 0x5a, 0x5a, 0x5a, 0x4a, 0x66, 0x66,
    0x66, 0x42, 0x66, 0x24, 0x38, 0x18, 0x18, 0x38, 0x24, 0x46, 0x42, 0xc2,
    0x42, 0x24, 0x24, 0x18, 0x18, 0x10, 0x10, 0x10, 0x10, 0x7e, 0x06, 0x04,
    0x08, 0x18, 0x10, 0x20, 0x20, 0x40, 0x7e, 0x00, 0x00, 0x7e, 0x38, 0x44,
    0x04, 0x3c, 0x44, 0x44, 0x3a, 0x40, 0x40, 0x40, 0x5c, 0x66, 0x42, 0x42,
    0x42, 0x66, 0x5c, 0x1c, 0x24, 0x40, 0x40, 0x40, 0x24, 0x1c, 0x02, 0x02,
    0x02, 0x3e, 0x66, 0x42, 0x42, 0x42, 0x66, 0x3e, 0x3c, 0x64, 0x42, 0x7e,
    0x40, 0x64, 0x3c, 0x0e, 0x10, 0x10, 0x7e, 0x10, 0x10, 0x10, 0x10, 0x10,
    0x7e, 0x06, 0x3c, 0x64, 0x44, 0x24, 0x38, 0x00, 0x3e, 0x42, 0x42, 0x3c,
    0x40, 0x40, 0x40, 0x5c, 0x64, 0x46, 0x42, 0x42, 0x42, 0x42, 0x08, 0x00,
    0x00, 0x78, 0x08, 0x08, 0x08, 0x08, 0x08, 0x7e, 0x0c, 0x00, 0x00, 0x7c,
    0x04, 0x04, 0x04, 0x04, 0x04, 0x04, 0x04, 0x04, 0x78, 0x40, 0x40, 0x40,
    0x46, 0x4c, 0x58, 0x78, 0x6c, 0x44, 0x42, 0x70, 0x10, 0x10, 0x10, 0x10,
    0x10, 0x10, 0x10, 0x10, 0x7e, 0x76, 0x5a, 0x52, 0x52, 0x52, 0x52, 0x52,
    0x5c, 0x64, 0x46, 0x42, 0x42, 0x42, 0x42, 0x38, 0x64, 0x42, 0x42, 0x42,
    0x64, 0x38, 0x5c, 0x66, 0x42, 0x42, 0x42, 0x66, 0x5c, 0x40, 0x40, 0x40,
    0x3e, 0x66, 0x42, 0x42, 0x42, 0x66, 0x3e, 0x02, 0x02, 0x02, 0x76, 0x10,
    0x10, 0x10, 0x10, 0x10, 0x7c, 0x3c, 0x60, 0x60, 0x3c, 0x06, 0x42, 0x3c,
    0x10, 0x10, 0x10, 0x7e, 0x10, 0x10, 0x10, 0x10, 0x10, 0x1e, 0x46, 0x46,
    0x46, 0x46, 0x46, 0x66, 0x3e, 0x42, 0x44, 0x24, 0x24, 0x28, 0x18, 0x18,
    0x9a, 0x1a, 0x5a, 0x4a, 0x62, 0x66, 0x64, 0x46, 0x24, 0x18, 0x18, 0x18,
    0x24, 0x46, 0x42, 0x42, 0x24, 0x24, 0x28, 0x18, 0x18, 0x10, 0x10, 0x60,
    0x7e, 0x04, 0x08, 0x10, 0x30, 0x20, 0x7e, 0x18, 0x24, 0x24, 0x24, 0x18,
    0x00, 0x00, 0x00, 0x00, 0x00, 0x18, 0x10, 0x00, 0x00, 0x00, 0xff, 0x00,
    0x00, 0x00, 0x00, 0x00, 0x0c, 0x06, 0xfe, 0x06, 0x0c, 0x00, 0x00,
};
static const watchy_font_glyph_t glyphs_plex_13_regular[] = {
    {32, 0, 0, 0, 0, 0, 8, 0},
    {33, 0, 0, 10, 8, 10, 8, 1},
    {35, 10, 0, 10, 8, 10, 8, 1},
    {36, 20, 0, 12, 8, 14, 8, 1},
    {37, 34, 0, 10, 8, 10, 8, 1},
    {43, 44, 0, 8, 8, 8, 8, 1},
    {45, 52, 0, 5, 8, 5, 8, 1},
    {46, 57, 0, 2, 8, 2, 8, 1},
    {47, 59, 0, 10, 8, 12, 8, 1},
    {48, 71, 0, 10, 8, 10, 8, 1},
    {49, 81, 0, 10, 8, 10, 8, 1},
    {50, 91, 0, 10, 8, 10, 8, 1},
    {51, 101, 0, 10, 8, 10, 8, 1},
    {52, 111, 0, 10, 8, 10, 8, 1},
    {53, 121, 0, 10, 8, 10, 8, 1},
    {54, 131, 0, 10, 8, 10, 8, 1},
    {55, 141, 0, 10, 8, 10, 8, 1},
    {56, 151, 0, 10, 8, 10, 8, 1},
    {57, 161, 0, 10, 8, 10, 8, 1},
    {58, 171, 0, 7, 8, 7, 8, 1},
    {63, 178, 0, 10, 8, 10, 8, 1},
    {65, 188, 0, 10, 8, 10, 8, 1},
    {66, 198, 0, 10, 8, 10, 8, 1},
    {67, 208, 0, 10, 8, 10, 8, 1},
    {68, 218, 0, 10, 8, 10, 8, 1},
    {69, 228, 0, 10, 8, 10, 8, 1},
    {70, 238, 0, 10, 8, 10, 8, 1},
    {71, 248, 0, 10, 8, 10, 8, 1},
    {72, 258, 0, 10, 8, 10, 8, 1},
    {73, 268, 0, 10, 8, 10, 8, 1},
    {74, 278, 0, 10, 8, 10, 8, 1},
    {75, 288, 0, 10, 8, 10, 8, 1},
    {76, 298, 0, 10, 8, 10, 8, 1},
    {77, 308, 0, 10, 8, 10, 8, 1},
    {78, 318, 0, 10, 8, 10, 8, 1},
    {79, 328, 0, 10, 8, 10, 8, 1},
    {80, 338, 0, 10, 8, 10, 8, 1},
    {81, 348, 0, 10, 8, 13, 8, 1},
    {82, 361, 0, 10, 8, 10, 8, 1},
    {83, 371, 0, 10, 8, 10, 8, 1},
    {84, 381, 0, 10, 8, 10, 8, 1},
    {85, 391, 0, 10, 8, 10, 8, 1},
    {86, 401, 0, 10, 8, 10, 8, 1},
    {87, 411, 0, 10, 8, 10, 8, 1},
    {88, 421, 0, 10, 8, 10, 8, 1},
    {89, 431, 0, 10, 8, 10, 8, 1},
    {90, 441, 0, 10, 8, 10, 8, 1},
    {95, 451, 0, 0, 8, 3, 8, 1},
    {97, 454, 0, 7, 8, 7, 8, 1},
    {98, 461, 0, 10, 8, 10, 8, 1},
    {99, 471, 0, 7, 8, 7, 8, 1},
    {100, 478, 0, 10, 8, 10, 8, 1},
    {101, 488, 0, 7, 8, 7, 8, 1},
    {102, 495, 0, 10, 8, 10, 8, 1},
    {103, 505, 0, 8, 8, 11, 8, 1},
    {104, 516, 0, 10, 8, 10, 8, 1},
    {105, 526, 0, 10, 8, 10, 8, 1},
    {106, 536, 0, 10, 8, 13, 8, 1},
    {107, 549, 0, 10, 8, 10, 8, 1},
    {108, 559, 0, 10, 8, 10, 8, 1},
    {109, 569, 0, 7, 8, 7, 8, 1},
    {110, 576, 0, 7, 8, 7, 8, 1},
    {111, 583, 0, 7, 8, 7, 8, 1},
    {112, 590, 0, 7, 8, 10, 8, 1},
    {113, 600, 0, 7, 8, 10, 8, 1},
    {114, 610, 0, 7, 8, 7, 8, 1},
    {115, 617, 0, 7, 8, 7, 8, 1},
    {116, 624, 0, 10, 8, 10, 8, 1},
    {117, 634, 0, 7, 8, 7, 8, 1},
    {118, 641, 0, 7, 8, 7, 8, 1},
    {119, 648, 0, 7, 8, 7, 8, 1},
    {120, 655, 0, 7, 8, 7, 8, 1},
    {121, 662, 0, 7, 8, 10, 8, 1},
    {122, 672, 0, 7, 8, 7, 8, 1},
    {176, 679, 0, 10, 8, 10, 8, 1},
    {183, 689, 0, 5, 8, 5, 8, 1},
    {8212, 694, 0, 5, 8, 5, 8, 1},
    {8594, 699, 0, 8, 8, 8, 8, 1},
};
watchy_font_t watchy_font_plex_13_regular = {glyphs_plex_13_regular, bitmap_plex_13_regular, 78, 13, 14, -4, 18};

static const uint8_t bitmap_plex_15_medium[] = {
    0x08, 0x00, 0x08, 0x00, 0x08, 0x00, 0x08, 0x00, 0x08, 0x00, 0x08, 0x00,
    0x08, 0x00, 0x00, 0x00, 0x00, 0x00, 0x1c, 0x00, 0x08, 0x00, 0x1a, 0x00,
    0x12, 0x00, 0x12, 0x00, 0x73, 0x80, 0x36, 0x00, 0x36, 0x00, 0x36, 0x00,
    0xe7, 0x00, 0x24, 0x00, 0x24, 0x00, 0x2c, 0x00, 0x08, 0x00, 0x08, 0x00,
    0x3e, 0x00, 0x7f, 0x00, 0x68, 0x00, 0x68, 0x00, 0x78, 0x00, 0x3e, 0x00,
    0x0f, 0x00, 0x09, 0x00, 0x09, 0x00, 0x7f, 0x00, 0x3e, 0x00, 0x08, 0x00,
    0x08, 0x00, 0x71, 0x80, 0xd9, 0x00, 0x8a, 0x00, 0xda, 0x00, 0x70, 0x00,
    0x00, 0x00, 0x37, 0x00, 0x2d, 0x80, 0x68, 0x80, 0x4d, 0x80, 0xc7, 0x00,
    0x00, 0x00, 0x08, 0x00, 0x08, 0x00, 0x08, 0x00, 0x7f, 0x00, 0x08, 0x00,
    0x08, 0x00, 0x08, 0x00, 0x00, 0x00, 0x1c, 0x00, 0x3e, 0x00, 0x00, 0x00,
    0x00, 0x00, 0x00, 0x00, 0x00, 0x00, 0x00, 0x00, 0x1c, 0x00, 0x18, 0x00,
    0x00, 0x00, 0x02, 0x00, 0x02, 0x00, 0x06, 0x00, 0x04, 0x00, 0x0c, 0x00,
    0x0c, 0x00, 0x08, 0x00, 0x18, 0x00, 0x10, 0x00, 0x10, 0x00, 0x30, 0x00,
    0x20, 0x00, 0x60, 0x00, 0x1c, 0x00, 0x36, 0x00, 0x63, 0x00, 0x41, 0x00,
    0x49, 0x00, 0x49, 0x00, 0x41, 0x00, 0x63, 0x00, 0x63, 0x00, 0x36, 0x00,
    0x1c, 0x00, 0x1c, 0x00, 0x3c, 0x00, 0x6c, 0x00, 0x4c, 0x00, 0x0c, 0x00,
    0x0c, 0x00, 0x0c, 0x00, 0x0c, 0x00, 0x0c, 0x00, 0x0c, 0x00, 0x7f, 0x00,
    0x3c, 0x00, 0x7e, 0x00, 0x63, 0x00, 0x03, 0x00, 0x03, 0x00, 0x06, 0x00,
    0x0c, 0x00, 0x18, 0x00, 0x30, 0x00, 0x60, 0x00, 0x7f, 0x00, 0x3c, 0x00,
    0x7e, 0x00, 0x03, 0x00, 0x03, 0x00, 0x06, 0x00, 0x1c, 0x00, 0x03, 0x00,
    0x03, 0x00, 0x43, 0x00, 0x7e, 0x00, 0x3c, 0x00, 0x06, 0x00, 0x0e, 0x00,
    0x1e, 0x00, 0x16, 0x00, 0x36, 0x00, 0x26, 0x00, 0x66, 0x00, 0x46, 0x00,
    0xff, 0x00, 0x06, 0x00, 0x06, 0x00, 0x3f, 0x00, 0x20, 0x00, 0x60, 0x00,
    0x60, 0x00, 0x6e, 0x00, 0x77, 0x00, 0x03, 0x00, 0x03, 0x00, 0x03, 0x00,
    0x77, 0x00, 0x3c, 0x00, 0x0c, 0x00, 0x18, 0x00, 0x30, 0x00, 0x20, 0x00,
    0x6e, 0x00, 0x77, 0x00, 0x63, 0x00, 0x63, 0x00, 0x63, 0x00, 0x37, 0x00,
    0x1c, 0x00, 0x7f, 0x00, 0x63, 0x00, 0x43, 0x00, 0x02, 0x00, 0x06, 0x00,
    0x04, 0x00, 0x0c, 0x00, 0x0c, 0x00, 0x08, 0x00, 0x18, 0x00, 0x18, 0x00,
    0x3e, 0x00, 0x77, 0x00, 0x63, 0x00, 0x63, 0x00, 0x36, 0x00, 0x3e, 0x00,
    0x63, 0x00, 0x43, 0x00, 0x63, 0x00, 0x77, 0x00, 0x3e, 0x00, 0x1c, 0x00,
    0x76, 0x00, 0x63, 0x00, 0x43, 0x00, 0x63, 0x00, 0x77, 0x00, 0x3b, 0x00,
    0x02, 0x00, 0x06, 0x00, 0x0c, 0x00, 0x18, 0x00, 0x08, 0x00, 0x1c, 0x00,
    0x00, 0x00, 0x00, 0x00, 0x00, 0x00, 0x00, 0x00, 0x1c, 0x00, 0x18, 0x00,
    0x1c, 0x00, 0x3e, 0x00, 0x63, 0x00, 0x03, 0x00, 0x06, 0x00, 0x1c, 0x00,
    0x18, 0x00, 0x00, 0x00, 0x00, 0x00, 0x18, 0x00, 0x18, 0x00, 0x1c, 0x00,
    0x1c, 0x00, 0x14, 0x00, 0x36, 0x00, 0x36, 0x00, 0x22, 0x00, 0x36, 0x00,
    0x7f, 0x00, 0x63, 0x00, 0x41, 0x00, 0xc1, 0x80, 0x7e, 0x00, 0x67, 0x00,
    0x63, 0x00, 0x63, 0x00, 0x66, 0x00, 0x7e, 0x00, 0x63, 0x00, 0x63, 0x00,
    0x63, 0x00, 0x63, 0x00, 0x7e, 0x00, 0x1e, 0x00, 0x37, 0x00, 0x63, 0x00,
    0x60, 0x00, 0x60, 0x00, 0x60, 0x00, 0x60, 0x00, 0x60, 0x00, 0x63, 0x00,
    0x37, 0x00, 0x1e, 0x00, 0x7c, 0x00, 0x66, 0x00, 0x63, 0x00, 0x63, 0x00,
    0x63, 0x00, 0x61, 0x00, 0x63, 0x00, 0x63, 0x00, 0x63, 0x00, 0x66, 0x00,
    0x7c, 0x00, 0x7f, 0x00, 0x60, 0x00, 0x60, 0x00, 0x60, 0x00, 0x60, 0x00,
    0x7f, 0x00, 0x60, 0x00, 0x60, 0x00, 0x60, 0x00, 0x60, 0x00, 0x7f, 0x00,
    0x7f, 0x00, 0x60, 0x00, 0x60, 0x00, 0x60, 0x00, 0x60, 0x00, 0x7f, 0x00,
    0x60, 0x00, 0x60, 0x00, 0x60, 0x00, 0x60, 0x00, 0x60, 0x00, 0x1c, 0x00,
    0x36, 0x00, 0x63, 0x00, 0x60, 0x00, 0x60, 0x00, 0x40, 0x00, 0x4f, 0x00,
    0x63, 0x00, 0x63, 0x00, 0x37, 0x00, 0x3b, 0x00, 0x63, 0x00, 0x63, 0x00,
    0x63, 0x00, 0x63, 0x00, 0x63, 0x00, 0x7f, 0x00, 0x63, 0x00, 0x63, 0x00,
    0x63, 0x00, 0x63, 0x00, 0x63, 0x00, 0x7f, 0x00, 0x1c, 0x00, 0x08, 0x00,
    0x08, 0x00, 0x08, 0x00, 0x08, 0x00, 0x08, 0x00, 0x08, 0x00, 0x08, 0x00,
    0x1c, 0x00, 0x7f, 0x00, 0x3e, 0x00, 0x06, 0x00, 0x02, 0x00, 0x02, 0x00,
    0x02, 0x00, 0x02, 0x00, 0x02, 0x00, 0x02, 0x00, 0x66, 0x00, 0x7e, 0x00,
    0x3c, 0x00, 0x63, 0x00, 0x63, 0x00, 0x66, 0x00, 0x6c, 0x00, 0x78, 0x00,
    0x7c, 0x00, 0x7c, 0x00, 0x66, 0x00, 0x62, 0x00, 0x63, 0x00, 0x61, 0x80,
    0x20, 0x00, 0x20, 0x00, 0x20, 0x00, 0x20, 0x00, 0x20, 0x00, 0x20, 0x00,
    0x20, 0x00, 0x20, 0x00, 0x20, 0x00, 0x30, 0x00, 0x3f, 0x00, 0x63, 0x00,
    0x63, 0x00, 0x77, 0x00, 0x55, 0x00, 0x5d, 0x00, 0x49, 0x00, 0x49, 0x00,
    0x41, 0x00, 0x41, 0x00, 0x41, 0x00, 0x41, 0x00, 0x63, 0x00, 0x73, 0x00,
    0x73, 0x00, 0x73, 0x00, 0x7b, 0x00, 0x6b, 0x00, 0x6f, 0x00, 0x6f, 0x00,
    0x67, 0x00, 0x67, 0x00, 0x63, 0x00, 0x1c, 0x00, 0x36, 0x00, 0x63, 0x00,
    0x63, 0x00, 0x41, 0x00, 0x41, 0x00, 0x41, 0x00, 0x63, 0x00, 0x63, 0x00,
    0x36, 0x00, 0x1c, 0x00, 0x7e, 0x00, 0x67, 0x00, 0x63, 0x00, 0x63, 0x00,
    0x63, 0x00, 0x7e, 0x00, 0x60, 0x00, 0x60, 0x00, 0x60, 0x00, 0x60, 0x00,
    0x60, 0x00, 0x1c, 0x00, 0x36, 0x00, 0x63, 0x00, 0x63, 0x00, 0x41, 0x00,
    0x41, 0x00, 0x41, 0x00, 0x63, 0x00, 0x63, 0x00, 0x36, 0x00, 0x1c, 0x00,
    0x08, 0x00, 0x0f, 0x00, 0x00, 0x00, 0x7e, 0x00, 0x67, 0x00, 0x63, 0x00,
    0x63, 0x00, 0x63, 0x00, 0x7e, 0x00, 0x6c, 0x00, 0x66, 0x00, 0x66, 0x00,
    0x63, 0x00, 0x63, 0x00, 0x3e, 0x00, 0x77, 0x00, 0x60, 0x00, 0x60, 0x00,
    0x70, 0x00, 0x3e, 0x00, 0x03, 0x00, 0x03, 0x00, 0x43, 0x00, 0x77, 0x00,
    0x3e, 0x00, 0xff, 0x80, 0x1c, 0x00, 0x08, 0x00, 0x08, 0x00, 0x08, 0x00,
    0x08, 0x00, 0x08, 0x00, 0x08, 0x00, 0x08, 0x00, 0x08, 0x00, 0x08, 0x00,
    0x63, 0x00, 0x63, 0x00, 0x63, 0x00, 0x63, 0x00, 0x63, 0x00, 0x63, 0x00,
    0x63, 0x00, 0x63, 0x00, 0x63, 0x00, 0x36, 0x00, 0x3e, 0x00, 0xc1, 0x00,
    0x61, 0x00, 0x63, 0x00, 0x63, 0x00, 0x22, 0x00, 0x32, 0x00, 0x36, 0x00,
    0x36, 0x00, 0x14, 0x00, 0x1c, 0x00, 0x1c, 0x00, 0xc1, 0x80, 0xc1, 0x80,
    0x41, 0x00, 0x49, 0x00, 0x5d, 0x00, 0x5d, 0x00, 0x55, 0x00, 0x55, 0x00,
    0x77, 0x00, 0x77, 0x00, 0x63, 0x00, 0x63, 0x00, 0x63, 0x00, 0x36, 0x00,
    0x36, 0x00, 0x1c, 0x00, 0x1c, 0x00, 0x1c, 0x00, 0x36, 0x00, 0x26, 0x00,
    0x63, 0x00, 0x41, 0x00, 0xc1, 0x80, 0x63, 0x00, 0x63, 0x00, 0x36, 0x00,
    0x36, 0x00, 0x1c, 0x00, 0x1c, 0x00, 0x08, 0x00, 0x08, 0x00, 0x08, 0x00,
    0x08, 0x00, 0x7f, 0x00, 0x03, 0x00, 0x06, 0x00, 0x06, 0x00, 0x0c, 0x00,
    0x18, 0x00, 0x18, 0x00, 0x30, 0x00, 0x60, 0x00, 0x60, 0x00, 0x7f, 0x00,
    0x00, 0x00, 0x7f, 0x00, 0x00, 0x00, 0x3c, 0x00, 0x66, 0x00, 0x02, 0x00,
    0x3e, 0x00, 0x62, 0x00, 0x62, 0x00, 0x67, 0x00, 0x3b, 0x00, 0x60, 0x00,
    0x60, 0x00, 0x60, 0x00, 0x60, 0x00, 0x6e, 0x00, 0x77, 0x00, 0x63, 0x00,
    0x63, 0x00, 0x63, 0x00, 0x63, 0x00, 0x77, 0x00, 0x6e, 0x00, 0x1e, 0x00,
    0x36, 0x00, 0x60, 0x00, 0x60, 0x00, 0x60, 0x00, 0x60, 0x00, 0x37, 0x00,
    0x1e, 0x00, 0x03, 0x00, 0x03, 0x00, 0x03, 0x00, 0x03, 0x00, 0x3b, 0x00,
    0x77, 0x00, 0x63, 0x00, 0x43, 0x00, 0x43, 0x00, 0x63, 0x00, 0x77, 0x00,
    0x3b, 0x00, 0x1c, 0x00, 0x36, 0x00, 0x63, 0x00, 0x7f, 0x00, 0x60, 0x00,
    0x60, 0x00, 0x37, 0x00, 0x1e, 0x00, 0x0f, 0x00, 0x0c, 0x00, 0x08, 0x00,
    0x08, 0x00, 0x7f, 0x00, 0x1c, 0x00, 0x08, 0x00, 0x08, 0x00, 0x08, 0x00,
    0x08, 0x00, 0x18, 0x00, 0x7f, 0x00, 0x00, 0x00, 0x03, 0x00, 0x1e, 0x00,
    0x26, 0x00, 0x63, 0x00, 0x22, 0x00, 0x3e, 0x00, 0x20, 0x00, 0x60, 0x00,
    0x3f, 0x00, 0x41, 0x00, 0x63, 0x00, 0x3e, 0x00, 0x60, 0x00, 0x60, 0x00,
    0x60, 0x00, 0x60, 0x00, 0x6e, 0x00, 0x76, 0x00, 0x63, 0x00, 0x63, 0x00,
    0x63, 0x00, 0x63, 0x00, 0x63, 0x00, 0x63, 0x00, 0x0c, 0x00, 0x0c, 0x00,
    0x00, 0x00, 0x00, 0x00, 0x3c, 0x00, 0x0c, 0x00, 0x0c, 0x00, 0x0c, 0x00,
    0x0c, 0x00, 0x0c, 0x00, 0x0c, 0x00, 0x3f, 0x00, 0x06, 0x00, 0x06, 0x00,
    0x00, 0x00, 0x00, 0x00, 0x7e, 0x00, 0x06, 0x00, 0x06, 0x00, 0x06, 0x00,
    0x06, 0x00, 0x06, 0x00, 0x06, 0x00, 0x06, 0x00, 0x06, 0x00, 0x04, 0x00,
    0x7c, 0x00, 0x60, 0x00, 0x60, 0x00, 0x60, 0x00, 0x60, 0x00, 0x63, 0x00,
    0x66, 0x00, 0x6c, 0x00, 0x78, 0x00, 0x7c, 0x00, 0x66, 0x00, 0x63, 0x00,
    0x63, 0x00, 0x78, 0x00, 0x18, 0x00, 0x08, 0x00, 0x08, 0x00, 0x08, 0x00,
    0x08, 0x00, 0x08, 0x00, 0x08, 0x00, 0x08, 0x00, 0x08, 0x00, 0x1c, 0x00,
    0x7f, 0x00, 0x5b, 0x00, 0x7f, 0x00, 0x49, 0x00, 0x49, 0x00, 0x49, 0x00,
    0x49, 0x00, 0x49, 0x00, 0x49, 0x00, 0x6e, 0x00, 0x76, 0x00, 0x63, 0x00,
    0x63, 0x00, 0x63, 0x00, 0x63, 0x00, 0x63, 0x00, 0x63, 0x00, 0x1c, 0x00,
    0x36, 0x00, 0x63, 0x00, 0x63, 0x00, 0x63, 0x00, 0x63, 0x00, 0x36, 0x00,
    0x1c, 0x00, 0x6e, 0x00, 0x77, 0x00, 0x63, 0x00, 0x63, 0x00, 0x63, 0x00,
    0x63, 0x00, 0x77, 0x00, 0x6e, 0x00, 0x60, 0x00, 0x60, 0x00, 0x60, 0x00,
    0x3b, 0x00, 0x77, 0x00, 0x63, 0x00, 0x43, 0x00, 0x43, 0x00, 0x63, 0x00,
    0x77, 0x00, 0x3b, 0x00, 0x03, 0x00, 0x03, 0x00, 0x03, 0x00, 0x7b, 0x00,
    0x1f, 0x00, 0x18, 0x00, 0x18, 0x00, 0x18, 0x00, 0x18, 0x00, 0x18, 0x00,
    0x7e, 0x00, 0x1e, 0x00, 0x32, 0x00, 0x60, 0x00, 0x3c, 0x00, 0x0f, 0x00,
    0x03, 0x00, 0x63, 0x00, 0x3e, 0x00, 0x18, 0x00, 0x18, 0x00, 0x18, 0x00,
    0x7f, 0x00, 0x18, 0x00, 0x18, 0x00, 0x18, 0x00, 0x18, 0x00, 0x18, 0x00,
    0x18, 0x00, 0x0f, 0x00, 0x63, 0x00, 0x63, 0x00, 0x63, 0x00, 0x63, 0x00,
    0x63, 0x00, 0x63, 0x00, 0x77, 0x00, 0x3b, 0x00, 0x63, 0x00, 0x63, 0x00,
    0x22, 0x00, 0x22, 0x00, 0x36, 0x00, 0x14, 0x00, 0x1c, 0x00, 0x1c, 0x00,
    0xc9, 0x80, 0xdd, 0x00, 0x5d, 0x00, 0x55, 0x00, 0x55, 0x00, 0x55, 0x00,
    0x77, 0x00, 0x63, 0x00, 0x63, 0x00, 0x36, 0x00, 0x1c, 0x00, 0x1c, 0x00,
    0x1c, 0x00, 0x36, 0x00, 0x26, 0x00, 0x63, 0x00, 0x41, 0x00, 0x63, 0x00,
    0x22, 0x00, 0x36, 0x00, 0x36, 0x00, 0x1c, 0x00, 0x1c, 0x00, 0x08, 0x00,
    0x18, 0x00, 0x18, 0x00, 0x70, 0x00, 0x7f, 0x00, 0x07, 0x00, 0x06, 0x00,
    0x0c, 0x00, 0x18, 0x00, 0x30, 0x00, 0x70, 0x00, 0x7f, 0x00, 0x1c, 0x00,
    0x36, 0x00, 0x22, 0x00, 0x36, 0x00, 0x1c, 0x00, 0x00, 0x00, 0x00, 0x00,
    0x00, 0x00, 0x00, 0x00, 0x00, 0x00, 0x00, 0x00, 0x08, 0x00, 0x1c, 0x00,
    0x00, 0x00, 0x00, 0x00, 0x00, 0x00, 0x00, 0x00, 0x00, 0x00, 0xff, 0x80,
    0x00, 0x00, 0x00, 0x00, 0x00, 0x00, 0x00, 0x00, 0x00, 0x00, 0x06, 0x00,
    0x03, 0x00, 0xff, 0x00, 0x03, 0x00, 0x06, 0x00, 0x04, 0x00, 0x00, 0x00,
    0x00, 0x00,
};
static const watchy_font_glyph_t glyphs_plex_15_medium[] = {
    {32, 0, 0, 0, 0, 0, 9, 0},
    {33, 0, 0, 11, 9, 11, 9, 2},
    {35, 22, 0, 11, 9, 11, 9, 2},
    {36, 44, 0, 13, 9, 15, 9, 2},
    {37, 74, 0, 11, 9, 11, 9, 2},
    {43, 96, 0, 9, 9, 9, 9, 2},
    {45, 114, 0, 6, 9, 6, 9, 2},
    {46, 126, 0, 3, 9, 3, 9, 2},
    {47, 132, 0, 12, 9, 14, 9, 2},
    {48, 160, 0, 11, 9, 11, 9, 2},
    {49, 182, 0, 11, 9, 11, 9, 2},
    {50, 204, 0, 11, 9, 11, 9, 2},
    {51, 226, 0, 11, 9, 11, 9, 2},
    {52, 248, 0, 11, 9, 11, 9, 2},
    {53, 270, 0, 11, 9, 11, 9, 2},
    {54, 292, 0, 11, 9, 11, 9, 2},
    {55, 314, 0, 11, 9, 11, 9, 2},
    {56, 336, 0, 11, 9, 11, 9, 2},
    {57, 358, 0, 11, 9, 11, 9, 2},
    {58, 380, 0, 8, 9, 8, 9, 2},
    {63, 396, 0, 11, 9, 11, 9, 2},
    {65, 418, 0, 11, 9, 11, 9, 2},
    {66, 440, 0, 11, 9, 11, 9, 2},
    {67, 462, 0, 11, 9, 11, 9, 2},
    {68, 484, 0, 11, 9, 11, 9, 2},
    {69, 506, 0, 11, 9, 11, 9, 2},
    {70, 528, 0, 11, 9, 11, 9, 2},
    {71, 550, 0, 11, 9, 11, 9, 2},
    {72, 572, 0, 11, 9, 11, 9, 2},
    {73, 594, 0, 11, 9, 11, 9, 2},
    {74, 616, 0, 11, 9, 11, 9, 2},
    {75, 638, 0, 11, 9, 11, 9, 2},
    {76, 660, 0, 11, 9, 11, 9, 2},
    {77, 682, 0, 11, 9, 11, 9, 2},
    {78, 704, 0, 11, 9, 11, 9, 2},
    {79, 726, 0, 11, 9, 11, 9, 2},
    {80, 748, 0, 11, 9, 11, 9, 2},
    {81, 770, 0, 11, 9, 14, 9, 2},
    {82, 798, 0, 11, 9, 11, 9, 2},
    {83, 820, 0, 11, 9, 11, 9, 2},
    {84, 842, 0, 11, 9, 11, 9, 2},
    {85, 864, 0, 11, 9, 11, 9, 2},
    {86, 886, 0, 11, 9, 11, 9, 2},
    {87, 908, 0, 11, 9, 11, 9, 2},
    {88, 930, 0, 11, 9, 11, 9, 2},
    {89, 952, 0, 11, 9, 11, 9, 2},
    {90, 974, 0, 11, 9, 11, 9, 2},
    {95, 996, 0, 0, 9, 3, 9, 2},
    {97, 1002, 0, 8, 9, 8, 9, 2},
    {98, 1018, 0, 12, 9, 12, 9, 2},
    {99, 1042, 0, 8, 9, 8, 9, 2},
    {100, 1058, 0, 12, 9, 12, 9, 2},
    {101, 1082, 0, 8, 9, 8, 9, 2},
    {102, 1098, 0, 12, 9, 12, 9, 2},
    {103, 1122, 0, 10, 9, 13, 9, 2},
    {104, 1148, 0, 12, 9, 12, 9, 2},
    {105, 1172, 0, 12, 9, 12, 9, 2},
    {106, 1196, 0, 12, 9, 15, 9, 2},
    {107, 1226, 0, 12, 9, 12, 9, 2},
    {108, 1250, 0, 12, 9, 12, 9, 2},
    {109, 1274, 0, 8, 9, 8, 9, 2},
    {110, 1290, 0, 8, 9, 8, 9, 2},
    {111, 1306, 0, 8, 9, 8, 9, 2},
    {112, 1322, 0, 8, 9, 11, 9, 2},
    {113, 1344, 0, 8, 9, 11, 9, 2},
    {114, 1366, 0, 8, 9, 8, 9, 2},
    {115, 1382, 0, 8, 9, 8, 9, 2},
    {116, 1398, 0, 11, 9, 11, 9, 2},
    {117, 1420, 0, 8, 9, 8, 9, 2},
    {118, 1436, 0, 8, 9, 8, 9, 2},
    {119, 1452, 0, 8, 9, 8, 9, 2},
    {120, 1468, 0, 8, 9, 8, 9, 2},
    {121, 1484, 0, 8, 9, 11, 9, 2},
    {122, 1506, 0, 8, 9, 8, 9, 2},
    {176, 1522, 0, 11, 9, 11, 9, 2},
    {183, 1544, 0, 6, 9, 6, 9, 2},
    {8212, 1556, 0, 6, 9, 6, 9, 2},
    {8594, 1568, 0, 9, 9, 9, 9, 2},
};
watchy_font_t watchy_font_plex_15_medium = {glyphs_plex_15_medium, bitmap_plex_15_medium, 78, 15, 16, -5, 21};

static const uint8_t bitmap_plex_22_bold[] = {
    0x38, 0x38, 0x7c, 0x30, 0xee, 0x70, 0xe6, 0x60, 0xe6, 0xe0, 0xee, 0xc0,
    0x7c, 0xc0, 0x38, 0x00, 0x00, 0xe0, 0x1d, 0xf0, 0x1b, 0xb8, 0x3b, 0x18,
    0x33, 0x18, 0x73, 0xb8, 0x61, 0xf0, 0xe0, 0xe0, 0x0f, 0x80, 0x1f, 0xe0,
    0x3f, 0xe0, 0x78, 0xf0, 0x70, 0x70, 0x70, 0x70, 0x70, 0x70, 0x73, 0x78,
    0x77, 0x78, 0x72, 0x70, 0x70, 0x70, 0x70, 0x70, 0x78, 0xf0, 0x3f, 0xe0,
    0x1f, 0xc0, 0x0f, 0x80, 0x0f, 0x80, 0x1f, 0x80, 0x1f, 0x80, 0x3b, 0x80,
    0x73, 0x80, 0x73, 0x80, 0x03, 0x80, 0x03, 0x80, 0x03, 0x80, 0x03, 0x80,
    0x03, 0x80, 0x03, 0x80, 0x03, 0x80, 0x3f, 0xf0, 0x3f, 0xf8, 0x3f, 0xf8,
    0x0f, 0x80, 0x3f, 0xe0, 0x3f, 0xe0, 0x78, 0xf0, 0x30, 0xf0, 0x00, 0xf0,
    0x00, 0xf0, 0x01, 0xe0, 0x03, 0xc0, 0x07, 0x80, 0x0f, 0x00, 0x1e, 0x00,
    0x3c, 0x00, 0x7f, 0xf0, 0x7f, 0xf0, 0x7f, 0xf0, 0x0f, 0x80, 0x3f, 0xe0,
    0x7f, 0xf0, 0x30, 0xf0, 0x00, 0xf0, 0x00, 0xf0, 0x07, 0xe0, 0x07, 0x80,
    0x07, 0xe0, 0x00, 0xf0, 0x00, 0x70, 0x20, 0x70, 0x70, 0xf0, 0x7f, 0xf0,
    0x3f, 0xe0, 0x0f, 0x80, 0x03, 0xe0, 0x03, 0xe0, 0x07, 0xe0, 0x07, 0xe0,
    0x0f, 0xe0, 0x1d, 0xe0, 0x19, 0xe0, 0x39, 0xe0, 0x31, 0xe0, 0x71, 0xe0,
    0x7f, 0xf0, 0x7f, 0xf8, 0x7f, 0xf8, 0x01, 0xe0, 0x01, 0xe0, 0x01, 0xe0,
    0x3f, 0xf0, 0x3f, 0xf0, 0x3f, 0xe0, 0x30, 0x00, 0x30, 0x00, 0x31, 0x80,
    0x37, 0xe0, 0x3f, 0xf0, 0x38, 0xf0, 0x00, 0x70, 0x00, 0x70, 0x10, 0x70,
    0x30, 0xf0, 0x7f, 0xf0, 0x3f, 0xe0, 0x0f, 0x80, 0x03, 0xc0, 0x07, 0x80,
    0x0f, 0x00, 0x1e, 0x00, 0x3c, 0x00, 0x38, 0x00, 0x7f, 0xe0, 0x7f, 0xf0,
    0x78, 0xf0, 0x70, 0x70, 0x70, 0x70, 0x70, 0x70, 0x78, 0x70, 0x3f, 0xf0,
    0x1f, 0xe0, 0x0f, 0x80, 0x7f, 0xf0, 0x7f, 0xf0, 0x7f, 0xf0, 0x70, 0x70,
    0x70, 0xf0, 0x70, 0xe0, 0x01, 0xe0, 0x01, 0xc0, 0x01, 0xc0, 0x03, 0xc0,
    0x03, 0x80, 0x07, 0x80, 0x07, 0x00, 0x07, 0x00, 0x0f, 0x00, 0x0e, 0x00,
    0x0f, 0x80, 0x3f, 0xe0, 0x3f, 0xf0, 0x78, 0x70, 0x70, 0x70, 0x38, 0x70,
    0x3d, 0xe0, 0x0f, 0xc0, 0x3f, 0xe0, 0x78, 0xf0, 0x70, 0x70, 0x70, 0x70,
    0x78, 0x70, 0x7f, 0xf0, 0x3f, 0xe0, 0x0f, 0x80, 0x0f, 0x80, 0x3f, 0xc0,
    0x3f, 0xe0, 0x78, 0xf0, 0x70, 0x70, 0x70, 0x70, 0x70, 0x70, 0x78, 0xf0,
    0x3f, 0xf0, 0x3f, 0xf0, 0x00, 0xe0, 0x01, 0xe0, 0x03, 0xc0, 0x07, 0x80,
    0x0f, 0x80, 0x1e, 0x00,
};
static const watchy_font_glyph_t glyphs_plex_22_bold[] = {
    {32, 0, 0, 0, 0, 0, 13, 0},
    {37, 0, 0, 16, 14, 16, 13, 2},
    {48, 32, 0, 16, 13, 16, 13, 2},
    {49, 64, 0, 16, 13, 16, 13, 2},
    {50, 96, 0, 16, 13, 16, 13, 2},
    {51, 128, 0, 16, 13, 16, 13, 2},
    {52, 160, 0, 16, 13, 16, 13, 2},
    {53, 192, 0, 16, 13, 16, 13, 2},
    {54, 224, 0, 16, 13, 16, 13, 2},
    {55, 256, 0, 16, 13, 16, 13, 2},
    {56, 288, 0, 16, 13, 16, 13, 2},
    {57, 320, 0, 16, 13, 16, 13, 2},
};
watchy_font_t watchy_font_plex_22_bold = {glyphs_plex_22_bold, bitmap_plex_22_bold, 12, 22, 23, -7, 30};

static const uint8_t bitmap_plex_30_bold[] = {
    0x1e, 0x03, 0xc0, 0x3f, 0x03, 0x80, 0x7f, 0x87, 0x80, 0x73, 0x87, 0x00,
    0xe3, 0xcf, 0x00, 0xe1, 0xce, 0x00, 0xe3, 0xde, 0x00, 0x73, 0x9c, 0x00,
    0x7f, 0xbc, 0x00, 0x3f, 0x00, 0x00, 0x1e, 0x1e, 0x00, 0x00, 0x3f, 0x00,
    0x0f, 0x7f, 0x80, 0x0e, 0x73, 0x80, 0x1e, 0xf1, 0xc0, 0x1c, 0xf1, 0xc0,
    0x3c, 0xf1, 0xc0, 0x38, 0x73, 0x80, 0x78, 0x7f, 0x80, 0x70, 0x3f, 0x00,
    0xf0, 0x1e, 0x00, 0x03, 0xf0, 0x00, 0x0f, 0xfc, 0x00, 0x1f, 0xfe, 0x00,
    0x3f, 0xff, 0x00, 0x3e, 0x1f, 0x00, 0x3c, 0x0f, 0x00, 0x7c, 0x0f, 0x80,
    0x78, 0x0f, 0x80, 0x78, 0x07, 0x80, 0x78, 0xc7, 0x80, 0x79, 0xe7, 0x80,
    0x79, 0xe7, 0x80, 0x78, 0x07, 0x80, 0x78, 0x07, 0x80, 0x7c, 0x0f, 0x80,
    0x7c, 0x0f, 0x80, 0x3e, 0x1f, 0x00, 0x3f, 0xff, 0x00, 0x1f, 0xfe, 0x00,
    0x0f, 0xfc, 0x00, 0x03, 0xf0, 0x00, 0x03, 0xf8, 0x00, 0x07, 0xf8, 0x00,
    0x0f, 0xf8, 0x00, 0x1f, 0xf8, 0x00, 0x1e, 0xf8, 0x00, 0x3c, 0xf8, 0x00,
    0x7c, 0xf8, 0x00, 0x38, 0xf8, 0x00, 0x10, 0xf8, 0x00, 0x00, 0xf8, 0x00,
    0x00, 0xf8, 0x00, 0x00, 0xf8, 0x00, 0x00, 0xf8, 0x00, 0x00, 0xf8, 0x00,
    0x00, 0xf8, 0x00, 0x00, 0xf8, 0x00, 0x00, 0xf8, 0x00, 0x1f, 0xff, 0x80,
    0x1f, 0xff, 0x80, 0x1f, 0xff, 0x80, 0x1f, 0xff, 0x80, 0x03, 0xf0, 0x00,
    0x0f, 0xfc, 0x00, 0x1f, 0xfe, 0x00, 0x3f, 0xfe, 0x00, 0x3e, 0x3f, 0x00,
    0x3c, 0x1f, 0x00, 0x08, 0x1f, 0x00, 0x00, 0x1f, 0x00, 0x00, 0x1f, 0x00,
    0x00, 0x3e, 0x00, 0x00, 0x7e, 0x00, 0x00, 0xfc, 0x00, 0x01, 0xf8, 0x00,
    0x03, 0xe0, 0x00, 0x07, 0xc0, 0x00, 0x1f, 0x80, 0x00, 0x3f, 0x00, 0x00,
    0x3f, 0xff, 0x00, 0x3f, 0xff, 0x80, 0x3f, 0xff, 0x80, 0x3f, 0xff, 0x80,
    0x03, 0xf0, 0x00, 0x0f, 0xfc, 0x00, 0x3f, 0xfe, 0x00, 0x3f, 0xff, 0x00,
    0x1c, 0x1f, 0x00, 0x08, 0x1f, 0x00, 0x00, 0x1f, 0x00, 0x00, 0x1f, 0x00,
    0x03, 0xfe, 0x00, 0x03, 0xf8, 0x00, 0x03, 0xfc, 0x00, 0x03, 0xfe, 0x00,
    0x00, 0x1f, 0x00, 0x00, 0x0f, 0x00, 0x00, 0x0f, 0x80, 0x18, 0x0f, 0x80,
    0x7c, 0x1f, 0x00, 0x7f, 0xff, 0x00, 0x3f, 0xfe, 0x00, 0x1f, 0xfc, 0x00,
    0x07, 0xf0, 0x00, 0x00, 0x7c, 0x00, 0x00, 0xfc, 0x00, 0x01, 0xfc, 0x00,
    0x01, 0xfc, 0x00, 0x03, 0xfc, 0x00, 0x03, 0xbc, 0x00, 0x07, 0xbc, 0x00,
    0x0f, 0x3c, 0x00, 0x0e, 0x3c, 0x00, 0x1e, 0x3c, 0x00, 0x3c, 0x3c, 0x00,
    0x3c, 0x3c, 0x00, 0x78, 0x3c, 0x00, 0x78, 0x3e, 0x00, 0x7f, 0xff, 0x80,
    0x7f, 0xff, 0x80, 0x7f, 0xff, 0x80, 0x00, 0x3c, 0x00, 0x00, 0x3c, 0x00,
    0x00, 0x3c, 0x00, 0x00, 0x3c, 0x00, 0x1f, 0xff, 0x00, 0x1f, 0xff, 0x00,
    0x1f, 0xff, 0x00, 0x1f, 0xff, 0x00, 0x3c, 0x00, 0x00, 0x3c, 0x00, 0x00,
    0x3c, 0x00, 0x00, 0x3c, 0xf8, 0x00, 0x3d, 0xfe, 0x00, 0x3f, 0xff, 0x00,
    0x3f, 0xff, 0x00, 0x3c, 0x1f, 0x80, 0x00, 0x0f, 0x80, 0x00, 0x0f, 0x80,
    0x00, 0x0f, 0x80, 0x18, 0x0f, 0x80, 0x3c, 0x1f, 0x00, 0x3f, 0xff, 0x00,
    0x3f, 0xfe, 0x00, 0x0f, 0xfc, 0x00, 0x03, 0xf0, 0x00, 0x00, 0xfc, 0x00,
    0x01, 0xf8, 0x00, 0x03, 0xf0, 0x00, 0x07, 0xe0, 0x00, 0x0f, 0xc0, 0x00,
    0x1f, 0x80, 0x00, 0x1f, 0x00, 0x00, 0x3e, 0x00, 0x00, 0x3e, 0xfc, 0x00,
    0x3d, 0xfe, 0x00, 0x7f, 0xff, 0x00, 0x7e, 0x1f, 0x80, 0x7c, 0x0f, 0x80,
    0x7c, 0x0f, 0x80, 0x7c, 0x0f, 0x80, 0x7c, 0x0f, 0x80, 0x3e, 0x0f, 0x80,
    0x3f, 0xff, 0x00, 0x1f, 0xfe, 0x00, 0x0f, 0xfc, 0x00, 0x03, 0xf0, 0x00,
    0x3f, 0xff, 0x80, 0x3f, 0xff, 0x80, 0x3f, 0xff, 0x80, 0x3f, 0xff, 0x80,
    0x38, 0x0f, 0x00, 0x38, 0x1f, 0x00, 0x38, 0x1f, 0x00, 0x00, 0x1e, 0x00,
    0x00, 0x3e, 0x00, 0x00, 0x3c, 0x00, 0x00, 0x7c, 0x00, 0x00, 0x78, 0x00,
    0x00, 0xf8, 0x00, 0x00, 0xf8, 0x00, 0x00, 0xf0, 0x00, 0x01, 0xf0, 0x00,
    0x01, 0xe0, 0x00, 0x03, 0xe0, 0x00, 0x03, 0xe0, 0x00, 0x03, 0xc0, 0x00,
    0x07, 0xc0, 0x00, 0x03, 0xf0, 0x00, 0x0f, 0xfc, 0x00, 0x1f, 0xfe, 0x00,
    0x3f, 0xff, 0x00, 0x3c, 0x0f, 0x00, 0x3c, 0x0f, 0x00, 0x3c, 0x0f, 0x00,
    0x3c, 0x0f, 0x00, 0x1f, 0x3e, 0x00, 0x0f, 0xfc, 0x00, 0x07, 0xf8, 0x00,
    0x1f, 0xfe, 0x00, 0x3e, 0x1f, 0x00, 0x7c, 0x0f, 0x80, 0x7c, 0x0f, 0x80,
    0x7c, 0x0f, 0x80, 0x7c, 0x0f, 0x80, 0x3f, 0x7f, 0x00, 0x3f, 0xfe, 0x00,
    0x0f, 0xfc, 0x00, 0x03, 0xf0, 0x00, 0x03, 0xf0, 0x00, 0x0f, 0xfc, 0x00,
    0x1f, 0xfe, 0x00, 0x3f, 0xff, 0x00, 0x7c, 0x1f, 0x00, 0x7c, 0x0f, 0x00,
    0x7c, 0x0f, 0x80, 0x7c, 0x0f, 0x80, 0x7c, 0x0f, 0x80, 0x7e, 0x1f, 0x80,
    0x3f, 0xff, 0x80, 0x1f, 0xef, 0x00, 0x0f, 0xdf, 0x00, 0x00, 0x1e, 0x00,
    0x00, 0x3e, 0x00, 0x00, 0x7c, 0x00, 0x00, 0xfc, 0x00, 0x01, 0xf8, 0x00,
    0x03, 0xf0, 0x00, 0x07, 0xe0, 0x00, 0x0f, 0xc0, 0x00, 0x01, 0xe0, 0x00,
    0x03, 0xf0, 0x00, 0x03, 0xf0, 0x00, 0x03, 0xf0, 0x00, 0x03, 0xf0, 0x00,
    0x01, 0xe0, 0x00, 0x00, 0x00, 0x00, 0x00, 0x00, 0x00, 0x00, 0x00, 0x00,
    0x00, 0x00, 0x00, 0x01, 0xe0, 0x00, 0x03, 0xf0, 0x00, 0x03, 0xf0, 0x00,
    0x03, 0xf0, 0x00, 0x03, 0xf0, 0x00, 0x01, 0xe0, 0x00,
};
static const watchy_font_glyph_t glyphs_plex_30_bold[] = {
    {32, 0, 0, 0, 0, 0, 18, 0},
    {37, 0, 0, 21, 18, 21, 18, 3},
    {48, 63, 0, 21, 18, 21, 18, 3},
    {49, 126, 0, 21, 18, 21, 18, 3},
    {50, 189, 0, 21, 18, 21, 18, 3},
    {51, 252, 0, 21, 18, 21, 18, 3},
    {52, 315, 0, 21, 18, 21, 18, 3},
    {53, 378, 0, 21, 18, 21, 18, 3},
    {54, 441, 0, 21, 18, 21, 18, 3},
    {55, 504, 0, 21, 18, 21, 18, 3},
    {56, 567, 0, 21, 18, 21, 18, 3},
    {57, 630, 0, 21, 18, 21, 18, 3},
    {58, 693, 0, 16, 18, 16, 18, 3},
};
watchy_font_t watchy_font_plex_30_bold = {glyphs_plex_30_bold, bitmap_plex_30_bold, 13, 30, 31, -9, 40};

static const uint8_t bitmap_plex_32_bold[] = {
    0x01, 0xf8, 0x00, 0x07, 0xfe, 0x00, 0x0f, 0xff, 0x00, 0x1f, 0xff, 0x00,
    0x3f, 0x0f, 0x80, 0x3e, 0x07, 0x80, 0x7c, 0x07, 0xc0, 0x7c, 0x07, 0xc0,
    0x7c, 0x07, 0xc0, 0x7c, 0x07, 0xc0, 0x7c, 0xe7, 0xc0, 0x7c, 0xf7, 0xc0,
    0x7c, 0xe7, 0xc0, 0x7c, 0xe7, 0xc0, 0x7c, 0x07, 0xc0, 0x7c, 0x07, 0xc0,
    0x7c, 0x07, 0xc0, 0x3c, 0x07, 0x80, 0x3e, 0x0f, 0x80, 0x1f, 0xff, 0x80,
    0x1f, 0xff, 0x00, 0x07, 0xfe, 0x00, 0x01, 0xf8, 0x00, 0x03, 0xfc, 0x00,
    0x07, 0xfc, 0x00, 0x07, 0xfc, 0x00, 0x0f, 0xfc, 0x00, 0x1f, 0x7c, 0x00,
    0x3e, 0x7c, 0x00, 0x3e, 0x7c, 0x00, 0x3c, 0x7c, 0x00, 0x18, 0x7c, 0x00,
    0x00, 0x7c, 0x00, 0x00, 0x7c, 0x00, 0x00, 0x7c, 0x00, 0x00, 0x7c, 0x00,
    0x00, 0x7c, 0x00, 0x00, 0x7c, 0x00, 0x00, 0x7c, 0x00, 0x00, 0x7c, 0x00,
    0x00, 0x7c, 0x00, 0x00, 0x7c, 0x00, 0x1f, 0xff, 0xc0, 0x1f, 0xff, 0xe0,
    0x1f, 0xff, 0xe0, 0x1f, 0xff, 0xe0, 0x03, 0xf8, 0x00, 0x0f, 0xfe, 0x00,
    0x1f, 0xff, 0x00, 0x3f, 0xff, 0x00, 0x3f, 0x1f, 0x80, 0x7c, 0x0f, 0x80,
    0x1c, 0x0f, 0x80, 0x00, 0x0f, 0x80, 0x00, 0x0f, 0x80, 0x00, 0x0f, 0x80,
    0x00, 0x1f, 0x00, 0x00, 0x3f, 0x00, 0x00, 0x7e, 0x00, 0x00, 0xfc, 0x00,
    0x01, 0xf8, 0x00, 0x07, 0xe0, 0x00, 0x0f, 0xc0, 0x00, 0x1f, 0x80, 0x00,
    0x3f, 0x00, 0x00, 0x3f, 0xff, 0xc0, 0x3f, 0xff, 0xc0, 0x3f, 0xff, 0xc0,
    0x3f, 0xff, 0xc0, 0x03, 0xf8, 0x00, 0x0f, 0xfe, 0x00, 0x1f, 0xff, 0x00,
    0x3f, 0xff, 0x80, 0x3e, 0x1f, 0x80, 0x18, 0x0f, 0x80, 0x00, 0x0f, 0x80,
    0x00, 0x0f, 0x80, 0x00, 0x1f, 0x00, 0x01, 0xff, 0x00, 0x01, 0xfc, 0x00,
    0x01, 0xfe, 0x00, 0x01, 0xff, 0x00, 0x00, 0x1f, 0x80, 0x00, 0x0f, 0x80,
    0x00, 0x07, 0xc0, 0x08, 0x07, 0xc0, 0x38, 0x0f, 0xc0, 0x7e, 0x1f, 0x80,
    0x7f, 0xff, 0x80, 0x3f, 0xff, 0x00, 0x0f, 0xfe, 0x00, 0x03, 0xf8, 0x00,
    0x00, 0x7e, 0x00, 0x00, 0x7e, 0x00, 0x00, 0xfe, 0x00, 0x00, 0xfe, 0x00,
    0x01, 0xfe, 0x00, 0x03, 0xde, 0x00, 0x03, 0xde, 0x00, 0x07, 0x9e, 0x00,
    0x07, 0x1e, 0x00, 0x0f, 0x1e, 0x00, 0x1e, 0x1e, 0x00, 0x1e, 0x1e, 0x00,
    0x3c, 0x1e, 0x00, 0x7c, 0x1e, 0x00, 0x78, 0x1e, 0x00, 0x7f, 0xff, 0xc0,
    0x7f, 0xff, 0xc0, 0x7f, 0xff, 0xc0, 0x7f, 0xff, 0xc0, 0x00, 0x1e, 0x00,
    0x00, 0x1e, 0x00, 0x00, 0x1e, 0x00, 0x00, 0x1e, 0x00, 0x1f, 0xff, 0x80,
    0x1f, 0xff, 0x80, 0x1f, 0xff, 0x80, 0x1f, 0xff, 0x80, 0x1e, 0x00, 0x00,
    0x1c, 0x00, 0x00, 0x1c, 0x00, 0x00, 0x3c, 0x00, 0x00, 0x3c, 0x7c, 0x00,
    0x3c, 0xff, 0x00, 0x3d, 0xff, 0x80, 0x3f, 0xff, 0x80, 0x3e, 0x0f, 0xc0,
    0x00, 0x07, 0xc0, 0x00, 0x07, 0xc0, 0x00, 0x07, 0xc0, 0x08, 0x07, 0xc0,
    0x1c, 0x07, 0xc0, 0x3e, 0x0f, 0x80, 0x3f, 0xff, 0x80, 0x1f, 0xff, 0x00,
    0x0f, 0xfe, 0x00, 0x03, 0xf8, 0x00, 0x00, 0x7e, 0x00, 0x00, 0xfc, 0x00,
    0x03, 0xf8, 0x00, 0x03, 0xf0, 0x00, 0x07, 0xc0, 0x00, 0x0f, 0x80, 0x00,
    0x1f, 0x80, 0x00, 0x1f, 0x00, 0x00, 0x3e, 0x7c, 0x00, 0x3e, 0xff, 0x00,
    0x3f, 0xff, 0x80, 0x7f, 0xff, 0x80, 0x7e, 0x0f, 0xc0, 0x7e, 0x07, 0xc0,
    0x7c, 0x07, 0xc0, 0x7c, 0x07, 0xc0, 0x7c, 0x07, 0xc0, 0x3e, 0x07, 0xc0,
    0x3e, 0x0f, 0x80, 0x1f, 0xff, 0x80, 0x1f, 0xff, 0x00, 0x07, 0xfe, 0x00,
    0x01, 0xf8, 0x00, 0x3f, 0xff, 0xc0, 0x3f, 0xff, 0xc0, 0x3f, 0xff, 0xc0,
    0x3f, 0xff, 0xc0, 0x3c, 0x07, 0xc0, 0x3c, 0x0f, 0x80, 0x3c, 0x0f, 0x80,
    0x3c, 0x1f, 0x00, 0x00, 0x1f, 0x00, 0x00, 0x1f, 0x00, 0x00, 0x3e, 0x00,
    0x00, 0x3e, 0x00, 0x00, 0x7c, 0x00, 0x00, 0x7c, 0x00, 0x00, 0x7c, 0x00,
    0x00, 0xf8, 0x00, 0x00, 0xf8, 0x00, 0x01, 0xf0, 0x00, 0x01, 0xf0, 0x00,
    0x01, 0xf0, 0x00, 0x03, 0xe0, 0x00, 0x03, 0xe0, 0x00, 0x07, 0xc0, 0x00,
    0x03, 0xf8, 0x00, 0x0f, 0xfe, 0x00, 0x1f, 0xff, 0x00, 0x3f, 0xff, 0x80,
    0x3e, 0x0f, 0x80, 0x3e, 0x07, 0x80, 0x3c, 0x07, 0x80, 0x3c, 0x07, 0x80,
    0x1e, 0x0f, 0x80, 0x1f, 0xff, 0x00, 0x07, 0xfc, 0x00, 0x07, 0xfe, 0x00,
    0x1f, 0xff, 0x00, 0x3f, 0x0f, 0x80, 0x3e, 0x07, 0xc0, 0x7c, 0x07, 0xc0,
    0x7c, 0x07, 0xc0, 0x7c, 0x07, 0xc0, 0x3e, 0x0f, 0xc0, 0x3f, 0xff, 0x80,
    0x1f, 0xff, 0x00, 0x0f, 0xfe, 0x00, 0x03, 0xf8, 0x00, 0x03, 0xf8, 0x00,
    0x0f, 0xfe, 0x00, 0x1f, 0xff, 0x00, 0x3f, 0xff, 0x80, 0x3e, 0x0f, 0x80,
    0x7c, 0x07, 0x80, 0x7c, 0x07, 0xc0, 0x7c, 0x07, 0xc0, 0x7c, 0x07, 0xc0,
    0x7c, 0x07, 0xc0, 0x7e, 0x0f, 0xc0, 0x3f, 0xff, 0xc0, 0x1f, 0xff, 0x80,
    0x1f, 0xef, 0x80, 0x07, 0xcf, 0x80, 0x00, 0x1f, 0x00, 0x00, 0x1f, 0x00,
    0x00, 0x3e, 0x00, 0x00, 0x7c, 0x00, 0x00, 0xfc, 0x00, 0x01, 0xf8, 0x00,
    0x07, 0xf0, 0x00, 0x0f, 0xc0, 0x00, 0x00, 0xf0, 0x00, 0x01, 0xf8, 0x00,
    0x03, 0xf8, 0x00, 0x03, 0xf8, 0x00, 0x03, 0xf8, 0x00, 0x01, 0xf0, 0x00,
    0x00, 0x00, 0x00, 0x00, 0x00, 0x00, 0x00, 0x00, 0x00, 0x00, 0x00, 0x00,
    0x00, 0x00, 0x00, 0x01, 0xf0, 0x00, 0x03, 0xf8, 0x00, 0x03, 0xf8, 0x00,
    0x03, 0xf8, 0x00, 0x01, 0xf8, 0x00, 0x00, 0xf0, 0x00,
};
static const watchy_font_glyph_t glyphs_plex_32_bold[] = {
    {32, 0, 0, 0, 0, 0, 19, 0},
    {48, 0, 0, 23, 19, 23, 19, 3},
    {49, 69, 0, 23, 19, 23, 19, 3},
    {50, 138, 0, 23, 19, 23, 19, 3},
    {51, 207, 0, 23, 19, 23, 19, 3},
    {52, 276, 0, 23, 19, 23, 19, 3},
    {53, 345, 0, 23, 19, 23, 19, 3},
    {54, 414, 0, 23, 19, 23, 19, 3},
    {55, 483, 0, 23, 19, 23, 19, 3},
    {56, 552, 0, 23, 19, 23, 19, 3},
    {57, 621, 0, 23, 19, 23, 19, 3},
    {58, 690, 0, 17, 19, 17, 19, 3},
};
watchy_font_t watchy_font_plex_32_bold = {glyphs_plex_32_bold, bitmap_plex_32_bold, 12, 32, 33, -9, 42};

static const uint8_t bitmap_plex_38_bold[] = {
    0x00, 0xfe, 0x00, 0x03, 0xff, 0x80, 0x07, 0xff, 0xc0, 0x0f, 0xff, 0xe0,
    0x1f, 0xff, 0xf0, 0x3f, 0x83, 0xf0, 0x3f, 0x01, 0xf8, 0x3e, 0x01, 0xf8,
    0x7e, 0x00, 0xf8, 0x7e, 0x00, 0xf8, 0x7e, 0x00, 0xfc, 0x7e, 0x38, 0xfc,
    0x7e, 0x7c, 0xfc, 0x7e, 0x7c, 0xfc, 0x7e, 0x7c, 0xfc, 0x7e, 0x00, 0xfc,
    0x7e, 0x00, 0xfc, 0x7e, 0x00, 0xf8, 0x3e, 0x00, 0xf8, 0x3e, 0x01, 0xf8,
    0x3f, 0x01, 0xf8, 0x3f, 0x83, 0xf0, 0x1f, 0xff, 0xf0, 0x0f, 0xff, 0xe0,
    0x07, 0xff, 0xc0, 0x03, 0xff, 0x80, 0x00, 0xfe, 0x00, 0x01, 0xff, 0x00,
    0x01, 0xff, 0x00, 0x03, 0xff, 0x00, 0x07, 0xff, 0x00, 0x0f, 0xdf, 0x00,
    0x0f, 0x9f, 0x00, 0x1f, 0x9f, 0x00, 0x3f, 0x1f, 0x00, 0x3e, 0x1f, 0x00,
    0x1c, 0x1f, 0x00, 0x0c, 0x1f, 0x00, 0x00, 0x1f, 0x00, 0x00, 0x1f, 0x00,
    0x00, 0x1f, 0x00, 0x00, 0x1f, 0x00, 0x00, 0x1f, 0x00, 0x00, 0x1f, 0x00,
    0x00, 0x1f, 0x00, 0x00, 0x1f, 0x00, 0x00, 0x1f, 0x00, 0x00, 0x1f, 0x00,
    0x00, 0x1f, 0x00, 0x0f, 0xff, 0xfc, 0x0f, 0xff, 0xfc, 0x0f, 0xff, 0xfc,
    0x0f, 0xff, 0xfc, 0x0f, 0xff, 0xfc, 0x00, 0xfe, 0x00, 0x03, 0xff, 0x80,
    0x0f, 0xff, 0xc0, 0x1f, 0xff, 0xe0, 0x1f, 0xff, 0xf0, 0x3f, 0x87, 0xf0,
    0x3f, 0x03, 0xf0, 0x1e, 0x03, 0xf0, 0x00, 0x03, 0xf0, 0x00, 0x03, 0xf0,
    0x00, 0x03, 0xf0, 0x00, 0x03, 0xf0, 0x00, 0x07, 0xe0, 0x00, 0x0f, 0xe0,
    0x00, 0x1f, 0xc0, 0x00, 0x3f, 0x80, 0x00, 0xff, 0x00, 0x01, 0xfc, 0x00,
    0x03, 0xf8, 0x00, 0x07, 0xf0, 0x00, 0x0f, 0xe0, 0x00, 0x3f, 0x80, 0x00,
    0x3f, 0xff, 0xf8, 0x3f, 0xff, 0xf8, 0x3f, 0xff, 0xf8, 0x3f, 0xff, 0xf8,
    0x3f, 0xff, 0xf8, 0x00, 0xfe, 0x00, 0x07, 0xff, 0x80, 0x0f, 0xff, 0xe0,
    0x1f, 0xff, 0xe0, 0x3f, 0xff, 0xf0, 0x1f, 0x07, 0xf0, 0x0e, 0x03, 0xf8,
    0x04, 0x01, 0xf0, 0x00, 0x03, 0xf0, 0x00, 0x03, 0xf0, 0x00, 0x07, 0xe0,
    0x00, 0xff, 0xe0, 0x00, 0xff, 0x80, 0x00, 0xff, 0x00, 0x00, 0xff, 0xc0,
    0x00, 0xff, 0xf0, 0x00, 0x03, 0xf0, 0x00, 0x01, 0xf8, 0x00, 0x01, 0xf8,
    0x0c, 0x01, 0xf8, 0x1c, 0x01, 0xf8, 0x3f, 0x03, 0xf8, 0x7f, 0xff, 0xf0,
    0x3f, 0xff, 0xf0, 0x1f, 0xff, 0xe0, 0x07, 0xff, 0x80, 0x01, 0xfe, 0x00,
    0x00, 0x1f, 0xc0, 0x00, 0x1f, 0xc0, 0x00, 0x3f, 0xc0, 0x00, 0x7f, 0xc0,
    0x00, 0x7f, 0xc0, 0x00, 0xff, 0xc0, 0x01, 0xf7, 0xc0, 0x01, 0xf7, 0xc0,
    0x03, 0xe7, 0xc0, 0x03, 0xc7, 0xc0, 0x07, 0xc7, 0xc0, 0x0f, 0x87, 0xc0,
    0x0f, 0x87, 0xc0, 0x1f, 0x07, 0xc0, 0x1e, 0x07, 0xc0, 0x3e, 0x07, 0xc0,
    0x7c, 0x07, 0xc0, 0x7c, 0x07, 0xe0, 0x7f, 0xff, 0xfc, 0x7f, 0xff, 0xfc,
    0x7f, 0xff, 0xfc, 0x7f, 0xff, 0xfc, 0x00, 0x07, 0xc0, 0x00, 0x07, 0xc0,
    0x00, 0x07, 0xc0, 0x00, 0x07, 0xc0, 0x00, 0x07, 0xc0, 0x1f, 0xff, 0xf0,
    0x1f, 0xff, 0xf0, 0x1f, 0xff, 0xf0, 0x1f, 0xff, 0xf0, 0x1f, 0xff, 0xf0,
    0x1f, 0x00, 0x00, 0x1f, 0x00, 0x00, 0x1e, 0x00, 0x00, 0x1e, 0x00, 0x00,
    0x1e, 0x04, 0x00, 0x1e, 0x3f, 0xc0, 0x1e, 0x7f, 0xe0, 0x1e, 0xff, 0xf0,
    0x1f, 0xff, 0xf0, 0x1f, 0x87, 0xf8, 0x07, 0x01, 0xf8, 0x00, 0x01, 0xf8,
    0x00, 0x01, 0xfc, 0x00, 0x01, 0xf8, 0x04, 0x01, 0xf8, 0x1e, 0x01, 0xf8,
    0x3f, 0x03, 0xf8, 0x3f, 0xff, 0xf0, 0x1f, 0xff, 0xf0, 0x0f, 0xff, 0xe0,
    0x07, 0xff, 0x80, 0x00, 0xfe, 0x00, 0x00, 0x3f, 0xc0, 0x00, 0x7f, 0x80,
    0x00, 0xff, 0x00, 0x01, 0xfc, 0x00, 0x03, 0xf8, 0x00, 0x03, 0xf0, 0x00,
    0x07, 0xe0, 0x00, 0x0f, 0xc0, 0x00, 0x0f, 0xc0, 0x00, 0x1f, 0x80, 0x00,
    0x1f, 0x1f, 0x80, 0x3f, 0x7f, 0xe0, 0x3f, 0xff, 0xf0, 0x3f, 0xff, 0xf0,
    0x3f, 0x83, 0xf8, 0x3f, 0x01, 0xf8, 0x7f, 0x01, 0xf8, 0x3e, 0x00, 0xfc,
    0x3e, 0x00, 0xfc, 0x3f, 0x00, 0xf8, 0x3f, 0x01, 0xf8, 0x3f, 0x81, 0xf8,
    0x1f, 0xef, 0xf0, 0x0f, 0xff, 0xf0, 0x07, 0xff, 0xe0, 0x03, 0xff, 0x80,
    0x00, 0xfe, 0x00, 0x3f, 0xff, 0xf8, 0x3f, 0xff, 0xf8, 0x3f, 0xff, 0xf8,
    0x3f, 0xff, 0xf8, 0x3f, 0xff, 0xf8, 0x3e, 0x01, 0xf8, 0x3e, 0x01, 0xf0,
    0x3e, 0x03, 0xf0, 0x3e, 0x03, 0xf0, 0x3c, 0x07, 0xe0, 0x00, 0x07, 0xe0,
    0x00, 0x07, 0xc0, 0x00, 0x0f, 0xc0, 0x00, 0x0f, 0xc0, 0x00, 0x1f, 0x80,
    0x00, 0x1f, 0x80, 0x00, 0x1f, 0x00, 0x00, 0x3f, 0x00, 0x00, 0x3f, 0x00,
    0x00, 0x7e, 0x00, 0x00, 0x7e, 0x00, 0x00, 0xfc, 0x00, 0x00, 0xfc, 0x00,
    0x00, 0xfc, 0x00, 0x01, 0xf8, 0x00, 0x01, 0xf8, 0x00, 0x03, 0xf0, 0x00,
    0x00, 0xfe, 0x00, 0x07, 0xff, 0x80, 0x0f, 0xff, 0xe0, 0x1f, 0xff, 0xf0,
    0x1f, 0xcf, 0xf0, 0x3f, 0x03, 0xf0, 0x3f, 0x01, 0xf8, 0x3f, 0x01, 0xf8,
    0x3f, 0x01, 0xf0, 0x1f, 0x01, 0xf0, 0x1f, 0x83, 0xe0, 0x07, 0xff, 0xc0,
    0x03, 0xff, 0x80, 0x07, 0xff, 0x80, 0x0f, 0xff, 0xe0, 0x1f, 0xc7, 0xf0,
    0x3f, 0x01, 0xf8, 0x3f, 0x01, 0xf8, 0x7e, 0x01, 0xf8, 0x7e, 0x01, 0xf8,
    0x7f, 0x01, 0xf8, 0x3f, 0x01, 0xf8, 0x3f, 0xcf, 0xf8, 0x1f, 0xff, 0xf0,
    0x0f, 0xff, 0xe0, 0x07, 0xff, 0xc0, 0x01, 0xfe, 0x00, 0x00, 0xfe, 0x00,
    0x07, 0xff, 0x80, 0x0f, 0xff, 0xc0, 0x1f, 0xff, 0xe0, 0x3f, 0xef, 0xf0,
    0x3f, 0x03, 0xf0, 0x3f, 0x01, 0xf8, 0x7e, 0x01, 0xf8, 0x7e, 0x01, 0xf8,
    0x7e, 0x01, 0xf8, 0x7e, 0x01, 0xf8, 0x7f, 0x01, 0xf8, 0x3f, 0x87, 0xf8,
    0x3f, 0xff, 0xf8, 0x1f, 0xfd, 0xf8, 0x0f, 0xfd, 0xf8, 0x07, 0xf3, 0xf0,
    0x00, 0x03, 0xf0, 0x00, 0x07, 0xe0, 0x00, 0x0f, 0xe0, 0x00, 0x0f, 0xc0,
    0x00, 0x1f, 0x80, 0x00, 0x3f, 0x00, 0x00, 0xff, 0x00, 0x01, 0xfe, 0x00,
    0x03, 0xfc, 0x00, 0x0f, 0xf0, 0x00, 0x00, 0x7c, 0x00, 0x00, 0xfe, 0x00,
    0x00, 0xfe, 0x00, 0x01, 0xfe, 0x00, 0x01, 0xfe, 0x00, 0x00, 0xfe, 0x00,
    0x00, 0xfe, 0x00, 0x00, 0x30, 0x00, 0x00, 0x00, 0x00, 0x00, 0x00, 0x00,
    0x00, 0x00, 0x00, 0x00, 0x00, 0x00, 0x00, 0x10, 0x00, 0x00, 0xfe, 0x00,
    0x00, 0xfe, 0x00, 0x01, 0xfe, 0x00, 0x01, 0xfe, 0x00, 0x00, 0xfe, 0x00,
    0x00, 0xfe, 0x00, 0x00, 0x7c, 0x00,
};
static const watchy_font_glyph_t glyphs_plex_38_bold[] = {
    {32, 0, 0, 0, 0, 0, 23, 0},
    {48, 0, 0, 27, 23, 27, 23, 3},
    {49, 81, 0, 27, 23, 27, 23, 3},
    {50, 162, 0, 27, 23, 27, 23, 3},
    {51, 243, 0, 27, 23, 27, 23, 3},
    {52, 324, 0, 27, 23, 27, 23, 3},
    {53, 405, 0, 27, 23, 27, 23, 3},
    {54, 486, 0, 27, 23, 27, 23, 3},
    {55, 567, 0, 27, 23, 27, 23, 3},
    {56, 648, 0, 27, 23, 27, 23, 3},
    {57, 729, 0, 27, 23, 27, 23, 3},
    {58, 810, 0, 20, 23, 20, 23, 3},
};
watchy_font_t watchy_font_plex_38_bold = {glyphs_plex_38_bold, bitmap_plex_38_bold, 12, 38, 39, -11, 50};

static const uint8_t bitmap_plex_44_bold[] = {
    0x00, 0x3f, 0x80, 0x00, 0x01, 0xff, 0xe0, 0x00, 0x03, 0xff, 0xf8, 0x00,
    0x07, 0xff, 0xfc, 0x00, 0x0f, 0xff, 0xfe, 0x00, 0x1f, 0xe1, 0xfe, 0x00,
    0x1f, 0xc0, 0x7f, 0x00, 0x3f, 0x80, 0x7f, 0x00, 0x3f, 0x80, 0x3f, 0x00,
    0x3f, 0x00, 0x3f, 0x80, 0x3f, 0x00, 0x3f, 0x80, 0x7f, 0x00, 0x3f, 0x80,
    0x7f, 0x00, 0x3f, 0x80, 0x7f, 0x1e, 0x3f, 0x80, 0x7f, 0x1f, 0x3f, 0x80,
    0x7f, 0x3f, 0x3f, 0x80, 0x7f, 0x1f, 0x3f, 0x80, 0x7f, 0x1e, 0x3f, 0x80,
    0x7f, 0x00, 0x3f, 0x80, 0x7f, 0x00, 0x3f, 0x80, 0x3f, 0x00, 0x3f, 0x80,
    0x3f, 0x00, 0x3f, 0x80, 0x3f, 0x80, 0x3f, 0x00, 0x3f, 0x80, 0x7f, 0x00,
    0x1f, 0xc0, 0x7f, 0x00, 0x1f, 0xe1, 0xfe, 0x00, 0x0f, 0xff, 0xfc, 0x00,
    0x07, 0xff, 0xfc, 0x00, 0x03, 0xff, 0xf8, 0x00, 0x01, 0xff, 0xe0, 0x00,
    0x00, 0x3f, 0x80, 0x00, 0x00, 0xff, 0xe0, 0x00, 0x00, 0xff, 0xe0, 0x00,
    0x01, 0xff, 0xe0, 0x00, 0x03, 0xff, 0xe0, 0x00, 0x07, 0xff, 0xe0, 0x00,
    0x07, 0xef, 0xe0, 0x00, 0x0f, 0xef, 0xe0, 0x00, 0x1f, 0xcf, 0xe0, 0x00,
    0x3f, 0x8f, 0xe0, 0x00, 0x3f, 0x0f, 0xe0, 0x00, 0x3f, 0x0f, 0xe0, 0x00,
    0x0e, 0x0f, 0xe0, 0x00, 0x04, 0x0f, 0xe0, 0x00, 0x00, 0x0f, 0xe0, 0x00,
    0x00, 0x0f, 0xe0, 0x00, 0x00, 0x0f, 0xe0, 0x00, 0x00, 0x0f, 0xe0, 0x00,
    0x00, 0x0f, 0xe0, 0x00, 0x00, 0x0f, 0xe0, 0x00, 0x00, 0x0f, 0xe0, 0x00,
    0x00, 0x0f, 0xe0, 0x00, 0x00, 0x0f, 0xe0, 0x00, 0x00, 0x0f, 0xe0, 0x00,
    0x00, 0x0f, 0xe0, 0x00, 0x00, 0x0f, 0xe0, 0x00, 0x00, 0x0f, 0xe0, 0x00,
    0x0f, 0xff, 0xff, 0xc0, 0x0f, 0xff, 0xff, 0xc0, 0x0f, 0xff, 0xff, 0xc0,
    0x0f, 0xff, 0xff, 0xc0, 0x0f, 0xff, 0xff, 0xc0, 0x00, 0x7f, 0x80, 0x00,
    0x01, 0xff, 0xe0, 0x00, 0x07, 0xff, 0xf8, 0x00, 0x0f, 0xff, 0xfc, 0x00,
    0x1f, 0xff, 0xfc, 0x00, 0x1f, 0xff, 0xfe, 0x00, 0x3f, 0xc1, 0xfe, 0x00,
    0x3f, 0x80, 0xff, 0x00, 0x1f, 0x00, 0x7f, 0x00, 0x03, 0x00, 0x7f, 0x00,
    0x00, 0x00, 0x7f, 0x00, 0x00, 0x00, 0xfe, 0x00, 0x00, 0x00, 0xfe, 0x00,
    0x00, 0x01, 0xfe, 0x00, 0x00, 0x01, 0xfc, 0x00, 0x00, 0x03, 0xf8, 0x00,
    0x00, 0x07, 0xf8, 0x00, 0x00, 0x1f, 0xf0, 0x00, 0x00, 0x3f, 0xe0, 0x00,
    0x00, 0x7f, 0x80, 0x00, 0x00, 0xff, 0x00, 0x00, 0x01, 0xfe, 0x00, 0x00,
    0x07, 0xfc, 0x00, 0x00, 0x0f, 0xf0, 0x00, 0x00, 0x1f, 0xe0, 0x00, 0x00,
    0x3f, 0xff, 0xff, 0x00, 0x3f, 0xff, 0xff, 0x00, 0x3f, 0xff, 0xff, 0x00,
    0x3f, 0xff, 0xff, 0x00, 0x3f, 0xff, 0xff, 0x00, 0x3f, 0xff, 0xff, 0x00,
    0x00, 0x7f, 0x80, 0x00, 0x03, 0xff, 0xf0, 0x00, 0x07, 0xff, 0xf8, 0x00,
    0x0f, 0xff, 0xfc, 0x00, 0x1f, 0xff, 0xfe, 0x00, 0x3f, 0xf7, 0xfe, 0x00,
    0x0f, 0x80, 0xff, 0x00, 0x07, 0x00, 0x7f, 0x00, 0x02, 0x00, 0x7f, 0x00,
    0x00, 0x00, 0x7f, 0x00, 0x00, 0x00, 0x7e, 0x00, 0x00, 0x00, 0xfe, 0x00,
    0x00, 0x0f, 0xfc, 0x00, 0x00, 0x7f, 0xf8, 0x00, 0x00, 0x7f, 0xe0, 0x00,
    0x00, 0x7f, 0xe0, 0x00, 0x00, 0x7f, 0xf8, 0x00, 0x00, 0x7f, 0xfc, 0x00,
    0x00, 0x01, 0xfe, 0x00, 0x00, 0x00, 0x7f, 0x00, 0x00, 0x00, 0x7f, 0x00,
    0x00, 0x00, 0x7f, 0x00, 0x06, 0x00, 0x7f, 0x00, 0x1e, 0x00, 0x7f, 0x00,
    0x3f, 0x80, 0xff, 0x00, 0x7f, 0xe3, 0xff, 0x00, 0x3f, 0xff, 0xfe, 0x00,
    0x1f, 0xff, 0xfc, 0x00, 0x0f, 0xff, 0xf8, 0x00, 0x03, 0xff, 0xf0, 0x00,
    0x00, 0xff, 0x80, 0x00, 0x00, 0x07, 0xf8, 0x00, 0x00, 0x0f, 0xf8, 0x00,
    0x00, 0x0f, 0xf8, 0x00, 0x00, 0x1f, 0xf8, 0x00, 0x00, 0x3f, 0xf8, 0x00,
    0x00, 0x3f, 0xf8, 0x00, 0x00, 0x7f, 0xf8, 0x00, 0x00, 0x7d, 0xf8, 0x00,
    0x00, 0xf9, 0xf8, 0x00, 0x01, 0xf9, 0xf8, 0x00, 0x01, 0xf1, 0xf8, 0x00,
    0x03, 0xf1, 0xf8, 0x00, 0x07, 0xe1, 0xf8, 0x00, 0x07, 0xc1, 0xf8, 0x00,
    0x0f, 0xc1, 0xf8, 0x00, 0x0f, 0x81, 0xf8, 0x00, 0x1f, 0x81, 0xf8, 0x00,
    0x3f, 0x01, 0xf8, 0x00, 0x3e, 0x01, 0xf8, 0x00, 0x7e, 0x01, 0xf8, 0x00,
    0x7f, 0xff, 0xff, 0x80, 0x7f, 0xff, 0xff, 0x80, 0x7f, 0xff, 0xff, 0x80,
    0x7f, 0xff, 0xff, 0x80, 0x7f, 0xff, 0xff, 0x80, 0x00, 0x01, 0xf8, 0x00,
    0x00, 0x01, 0xf8, 0x00, 0x00, 0x01, 0xf8, 0x00, 0x00, 0x01, 0xf8, 0x00,
    0x00, 0x01, 0xf8, 0x00, 0x00, 0x01, 0xf8, 0x00, 0x0f, 0xff, 0xfe, 0x00,
    0x0f, 0xff, 0xfe, 0x00, 0x0f, 0xff, 0xfe, 0x00, 0x0f, 0xff, 0xfe, 0x00,
    0x0f, 0xff, 0xfe, 0x00, 0x0f, 0xff, 0xfe, 0x00, 0x0f, 0x80, 0x00, 0x00,
    0x0f, 0x80, 0x00, 0x00, 0x1f, 0x80, 0x00, 0x00, 0x1f, 0x80, 0x00, 0x00,
    0x1f, 0x80, 0x00, 0x00, 0x1f, 0x0f, 0xe0, 0x00, 0x1f, 0x1f, 0xf8, 0x00,
    0x1f, 0x3f, 0xfc, 0x00, 0x1f, 0x7f, 0xfe, 0x00, 0x1f, 0xff, 0xff, 0x00,
    0x1f, 0xe1, 0xff, 0x00, 0x0f, 0x80, 0x7f, 0x80, 0x00, 0x00, 0x3f, 0x80,
    0x00, 0x00, 0x3f, 0x80, 0x00, 0x00, 0x3f, 0x80, 0x00, 0x00, 0x3f, 0x80,
    0x06, 0x00, 0x3f, 0x80, 0x0f, 0x00, 0x7f, 0x00, 0x1f, 0x80, 0xff, 0x00,
    0x3f, 0xf3, 0xff, 0x00, 0x1f, 0xff, 0xfe, 0x00, 0x0f, 0xff, 0xfc, 0x00,
    0x07, 0xff, 0xf8, 0x00, 0x01, 0xff, 0xf0, 0x00, 0x00, 0x7f, 0x80, 0x00,
    0x00, 0x0f, 0xf8, 0x00, 0x00, 0x1f, 0xf0, 0x00, 0x00, 0x3f, 0xe0, 0x00,
    0x00, 0x7f, 0x80, 0x00, 0x00, 0xff, 0x00, 0x00, 0x01, 0xfe, 0x00, 0x00,
    0x03, 0xfc, 0x00, 0x00, 0x07, 0xf8, 0x00, 0x00, 0x07, 0xf0, 0x00, 0x00,
    0x0f, 0xe0, 0x00, 0x00, 0x0f, 0xe0, 0x00, 0x00, 0x1f, 0xc7, 0xe0, 0x00,
    0x1f, 0xdf, 0xf8, 0x00, 0x1f, 0xbf, 0xfc, 0x00, 0x3f, 0xbf, 0xfe, 0x00,
    0x3f, 0xff, 0xff, 0x00, 0x3f, 0xe0, 0xff, 0x00, 0x3f, 0xc0, 0x7f, 0x80,
    0x3f, 0x80, 0x3f, 0x80, 0x3f, 0x80, 0x3f, 0x80, 0x3f, 0x80, 0x3f, 0x80,
    0x3f, 0x80, 0x3f, 0x80, 0x3f, 0x80, 0x3f, 0x80, 0x3f, 0x80, 0x3f, 0x80,
    0x1f, 0xc0, 0x7f, 0x00, 0x1f, 0xe1, 0xff, 0x00, 0x0f, 0xff, 0xfe, 0x00,
    0x07, 0xff, 0xfc, 0x00, 0x03, 0xff, 0xf8, 0x00, 0x01, 0xff, 0xf0, 0x00,
    0x00, 0x3f, 0x80, 0x00, 0x3f, 0xff, 0xff, 0x00, 0x3f, 0xff, 0xff, 0x00,
    0x3f, 0xff, 0xff, 0x00, 0x3f, 0xff, 0xff, 0x00, 0x3f, 0xff, 0xff, 0x00,
    0x3f, 0x00, 0x7f, 0x00, 0x3f, 0x00, 0x7f, 0x00, 0x3f, 0x00, 0x7f, 0x00,
    0x3f, 0x00, 0xfe, 0x00, 0x3f, 0x00, 0xfe, 0x00, 0x3f, 0x00, 0xfc, 0x00,
    0x00, 0x01, 0xfc, 0x00, 0x00, 0x01, 0xfc, 0x00, 0x00, 0x03, 0xf8, 0x00,
    0x00, 0x03, 0xf8, 0x00, 0x00, 0x03, 0xf0, 0x00, 0x00, 0x07, 0xf0, 0x00,
    0x00, 0x07, 0xf0, 0x00, 0x00, 0x0f, 0xe0, 0x00, 0x00, 0x0f, 0xe0, 0x00,
    0x00, 0x0f, 0xc0, 0x00, 0x00, 0x1f, 0xc0, 0x00, 0x00, 0x1f, 0xc0, 0x00,
    0x00, 0x3f, 0x80, 0x00, 0x00, 0x3f, 0x80, 0x00, 0x00, 0x7f, 0x00, 0x00,
    0x00, 0x7f, 0x00, 0x00, 0x00, 0x7f, 0x00, 0x00, 0x00, 0xfe, 0x00, 0x00,
    0x00, 0xfe, 0x00, 0x00, 0x01, 0xfc, 0x00, 0x00, 0x00, 0x7f, 0x80, 0x00,
    0x01, 0xff, 0xf0, 0x00, 0x07, 0xff, 0xf8, 0x00, 0x0f, 0xff, 0xfc, 0x00,
    0x1f, 0xff, 0xfe, 0x00, 0x1f, 0xe1, 0xfe, 0x00, 0x1f, 0xc0, 0x7f, 0x00,
    0x1f, 0x80, 0x7f, 0x00, 0x1f, 0x80, 0x3f, 0x00, 0x1f, 0x80, 0x3f, 0x00,
    0x1f, 0x80, 0x7e, 0x00, 0x1f, 0x80, 0x7e, 0x00, 0x0f, 0xe0, 0xfc, 0x00,
    0x07, 0xff, 0xf8, 0x00, 0x01, 0xff, 0xf0, 0x00, 0x01, 0xff, 0xe0, 0x00,
    0x07, 0xff, 0xf8, 0x00, 0x0f, 0xff, 0xfe, 0x00, 0x1f, 0xc0, 0xff, 0x00,
    0x3f, 0x80, 0x7f, 0x00, 0x3f, 0x80, 0x3f, 0x00, 0x3f, 0x80, 0x3f, 0x80,
    0x3f, 0x80, 0x3f, 0x80, 0x3f, 0x80, 0x3f, 0x80, 0x3f, 0x80, 0x7f, 0x00,
    0x3f, 0xe0, 0xff, 0x00, 0x1f, 0xff, 0xff, 0x00, 0x0f, 0xff, 0xfe, 0x00,
    0x07, 0xff, 0xfc, 0x00, 0x03, 0xff, 0xf0, 0x00, 0x00, 0x7f, 0x80, 0x00,
    0x00, 0x7f, 0x80, 0x00, 0x01, 0xff, 0xe0, 0x00, 0x07, 0xff, 0xf8, 0x00,
    0x0f, 0xff, 0xfc, 0x00, 0x1f, 0xff, 0xfe, 0x00, 0x1f, 0xe1, 0xfe, 0x00,
    0x3f, 0x80, 0x7f, 0x00, 0x3f, 0x80, 0x7f, 0x00, 0x3f, 0x00, 0x3f, 0x00,
    0x7f, 0x00, 0x3f, 0x80, 0x7f, 0x00, 0x3f, 0x80, 0x7f, 0x00, 0x3f, 0x80,
    0x3f, 0x80, 0x7f, 0x80, 0x3f, 0x80, 0x7f, 0x80, 0x3f, 0xe1, 0xff, 0x80,
    0x1f, 0xff, 0xff, 0x00, 0x1f, 0xff, 0xbf, 0x00, 0x0f, 0xff, 0x7f, 0x00,
    0x07, 0xfe, 0x7f, 0x00, 0x01, 0xf8, 0xfe, 0x00, 0x00, 0x00, 0xfe, 0x00,
    0x00, 0x01, 0xfc, 0x00, 0x00, 0x03, 0xfc, 0x00, 0x00, 0x07, 0xf8, 0x00,
    0x00, 0x0f, 0xf0, 0x00, 0x00, 0x1f, 0xf0, 0x00, 0x00, 0x3f, 0xe0, 0x00,
    0x00, 0x7f, 0xc0, 0x00, 0x00, 0xff, 0x80, 0x00, 0x03, 0xff, 0x00, 0x00,
    0x07, 0xfc, 0x00, 0x00,
};
static const watchy_font_glyph_t glyphs_plex_44_bold[] = {
    {32, 0, 0, 0, 0, 0, 26, 0},
    {48, 0, 0, 31, 26, 31, 26, 4},
    {49, 124, 0, 31, 26, 31, 26, 4},
    {50, 248, 0, 31, 26, 31, 26, 4},
    {51, 372, 0, 31, 26, 31, 26, 4},
    {52, 496, 0, 31, 26, 31, 26, 4},
    {53, 620, 0, 31, 26, 31, 26, 4},
    {54, 744, 0, 31, 26, 31, 26, 4},
    {55, 868, 0, 31, 26, 31, 26, 4},
    {56, 992, 0, 31, 26, 31, 26, 4},
    {57, 1116, 0, 31, 26, 31, 26, 4},
};
watchy_font_t watchy_font_plex_44_bold = {glyphs_plex_44_bold, bitmap_plex_44_bold, 11, 44, 46, -13, 59};

static const uint8_t bitmap_plex_8_semibold[] = {
    0x20, 0x20, 0x20, 0x00, 0x00, 0x20, 0x10, 0x58, 0x50, 0xd0, 0x60, 0x60,
    0x20, 0x70, 0x60, 0x60, 0x30, 0x30, 0x70, 0x20, 0x40, 0x90, 0x40, 0x10,
    0x68, 0x90, 0x00, 0x20, 0x70, 0x20, 0x00, 0x70, 0x00, 0x00, 0x00, 0x20,
    0x10, 0x10, 0x20, 0x20, 0x20, 0x40, 0x40, 0x00, 0x70, 0x50, 0x90, 0xb0,
    0xd0, 0x70, 0x60, 0x60, 0x20, 0x20, 0x20, 0x70, 0x70, 0x10, 0x10, 0x20,
    0x40, 0xf0, 0x70, 0x10, 0x30, 0x10, 0x10, 0x70, 0x30, 0x30, 0x50, 0x90,
    0xf0, 0x10, 0x70, 0x40, 0x70, 0x10, 0x10, 0x70, 0x20, 0x40, 0x70, 0xd0,
    0xd0, 0x70, 0xf0, 0x90, 0x10, 0x20, 0x20, 0x20, 0x70, 0x50, 0x70, 0x50,
    0xd0, 0x70, 0x70, 0xd0, 0xd0, 0x70, 0x10, 0x20, 0x20, 0x00, 0x00, 0x00,
    0x20, 0x70, 0x10, 0x30, 0x20, 0x00, 0x20, 0x20, 0x70, 0x50, 0x70, 0x90,
    0x98, 0x70, 0x50, 0x70, 0x50, 0x50, 0x70, 0x70, 0x50, 0xc0, 0xc0, 0x50,
    0x70, 0x70, 0x50, 0x50, 0x50, 0x50, 0x70, 0x70, 0x40, 0x70, 0x40, 0x40,
    0x70, 0x70, 0x40, 0x70, 0x40, 0x40, 0x40, 0x70, 0x50, 0x80, 0xb0, 0xd0,
    0x70, 0x50, 0x50, 0x70, 0x50, 0x50, 0x50, 0x70, 0x20, 0x20, 0x20, 0x20,
    0x70, 0x70, 0x10, 0x10, 0x10, 0x10, 0x60, 0x50, 0x70, 0x60, 0x60, 0x50,
    0x50, 0x40, 0x40, 0x40, 0x40, 0x40, 0x70, 0xd0, 0xf0, 0xf0, 0xa0, 0x80,
    0x80, 0x50, 0x50, 0x70, 0x30, 0x30, 0x10, 0x70, 0x50, 0x90, 0x90, 0x50,
    0x70, 0x70, 0x50, 0x50, 0x70, 0x40, 0x40, 0x70, 0x50, 0x90, 0x90, 0xd0,
    0x70, 0x20, 0x30, 0x70, 0x50, 0x50, 0x70, 0x50, 0x50, 0x70, 0x40, 0x60,
    0x10, 0x10, 0x70, 0xf8, 0x20, 0x20, 0x20, 0x20, 0x20, 0xd0, 0xd0, 0xd0,
    0xd0, 0x50, 0x70, 0x98, 0x50, 0x50, 0x50, 0x70, 0x20, 0x88, 0xa8, 0xa0,
    0xf0, 0xd0, 0xd0, 0xd0, 0x50, 0x20, 0x60, 0x50, 0x90, 0x90, 0x50, 0x70,
    0x20, 0x20, 0x20, 0x70, 0x10, 0x20, 0x60, 0x40, 0xf0, 0x00, 0x70, 0x60,
    0x10, 0x70, 0xd0, 0x70, 0x40, 0x70, 0x50, 0x50, 0x50, 0x70, 0x70, 0x40,
    0x40, 0x40, 0x70, 0x10, 0x70, 0xd0, 0x90, 0xd0, 0x70, 0x70, 0x50, 0xf0,
    0x40, 0x70, 0x30, 0x70, 0x20, 0x20, 0x20, 0x70, 0x10, 0x70, 0x50, 0x70,
    0x40, 0x70, 0x08, 0x70, 0x40, 0x70, 0x50, 0x50, 0x50, 0x50, 0x20, 0x00,
    0x60, 0x20, 0x20, 0x20, 0x70, 0x00, 0x00, 0x60, 0x20, 0x20, 0x20, 0x20,
    0x20, 0x60, 0x40, 0x50, 0x60, 0x60, 0x50, 0x50, 0x60, 0x20, 0x20, 0x20,
    0x20, 0x70, 0xf0, 0xa0, 0xa0, 0xa0, 0xa0, 0x70, 0x50, 0x50, 0x50, 0x50,
    0x70, 0x50, 0x90, 0x50, 0x70, 0x70, 0x50, 0x50, 0x50, 0x70, 0x40, 0x40,
    0x70, 0xd0, 0x90, 0xd0, 0x70, 0x10, 0x10, 0x70, 0x20, 0x20, 0x20, 0x70,
    0x70, 0x40, 0x70, 0x10, 0x70, 0x20, 0xf0, 0x20, 0x20, 0x20, 0x30, 0x50,
    0x50, 0x50, 0x50, 0x70, 0x90, 0x50, 0x50, 0x60, 0x20, 0xa8, 0xa8, 0xf0,
    0xd0, 0x50, 0x50, 0x70, 0x20, 0x70, 0x50, 0x90, 0x50, 0x50, 0x60, 0x20,
    0x20, 0x40, 0x70, 0x30, 0x20, 0x40, 0x70, 0x60, 0x50, 0x60, 0x00, 0x00,
    0x00, 0x20, 0x00, 0x00, 0xf8, 0x00, 0x00, 0x00, 0x10, 0xf0, 0x10, 0x00,
};
static const watchy_font_glyph_t glyphs_plex_8_semibold[] = {
    {32, 0, 0, 0, 0, 0, 5, 0},
    {33, 0, 0, 6, 5, 6, 5, 1},
    {35, 6, 0, 6, 5, 6, 5, 1},
    {36, 12, 0, 7, 5, 8, 5, 1},
    {37, 20, 0, 6, 5, 6, 5, 1},
    {43, 26, 0, 5, 5, 5, 5, 1},
    {45, 31, 0, 3, 5, 3, 5, 1},
    {46, 34, 0, 2, 5, 2, 5, 1},
    {47, 36, 0, 6, 5, 8, 5, 1},
    {48, 44, 0, 6, 5, 6, 5, 1},
    {49, 50, 0, 6, 5, 6, 5, 1},
    {50, 56, 0, 6, 5, 6, 5, 1},
    {51, 62, 0, 6, 5, 6, 5, 1},
    {52, 68, 0, 6, 5, 6, 5, 1},
    {53, 74, 0, 6, 5, 6, 5, 1},
    {54, 80, 0, 6, 5, 6, 5, 1},
    {55, 86, 0, 6, 5, 6, 5, 1},
    {56, 92, 0, 6, 5, 6, 5, 1},
    {57, 98, 0, 6, 5, 6, 5, 1},
    {58, 104, 0, 5, 5, 5, 5, 1},
    {63, 109, 0, 6, 5, 6, 5, 1},
    {65, 115, 0, 6, 5, 6, 5, 1},
    {66, 121, 0, 6, 5, 6, 5, 1},
    {67, 127, 0, 6, 5, 6, 5, 1},
    {68, 133, 0, 6, 5, 6, 5, 1},
    {69, 139, 0, 6, 5, 6, 5, 1},
    {70, 145, 0, 6, 5, 6, 5, 1},
    {71, 151, 0, 6, 5, 6, 5, 1},
    {72, 157, 0, 6, 5, 6, 5, 1},
    {73, 163, 0, 6, 5, 6, 5, 1},
    {74, 169, 0, 6, 5, 6, 5, 1},
    {75, 175, 0, 6, 5, 6, 5, 1},
    {76, 181, 0, 6, 5, 6, 5, 1},
    {77, 187, 0, 6, 5, 6, 5, 1},
    {78, 193, 0, 6, 5, 6, 5, 1},
    {79, 199, 0, 6, 5, 6, 5, 1},
    {80, 205, 0, 6, 5, 6, 5, 1},
    {81, 211, 0, 6, 5, 8, 5, 1},
    {82, 219, 0, 6, 5, 6, 5, 1},
    {83, 225, 0, 6, 5, 6, 5, 1},
    {84, 231, 0, 6, 5, 6, 5, 1},
    {85, 237, 0, 6, 5, 6, 5, 1},
    {86, 243, 0, 6, 5, 6, 5, 1},
    {87, 249, 0, 6, 5, 6, 5, 1},
    {88, 255, 0, 6, 5, 6, 5, 1},
    {89, 261, 0, 6, 5, 6, 5, 1},
    {90, 267, 0, 6, 5, 6, 5, 1},
    {95, 273, 0, 0, 5, 2, 5, 1},
    {97, 275, 0, 5, 5, 5, 5, 1},
    {98, 280, 0, 6, 5, 6, 5, 1},
    {99, 286, 0, 5, 5, 5, 5, 1},
    {100, 291, 0, 6, 5, 6, 5, 1},
    {101, 297, 0, 5, 5, 5, 5, 1},
    {102, 302, 0, 6, 5, 6, 5, 1},
    {103, 308, 0, 6, 5, 8, 5, 1},
    {104, 316, 0, 6, 5, 6, 5, 1},
    {105, 322, 0, 7, 5, 7, 5, 1},
    {106, 329, 0, 7, 5, 9, 5, 1},
    {107, 338, 0, 6, 5, 6, 5, 1},
    {108, 344, 0, 6, 5, 6, 5, 1},
    {109, 350, 0, 5, 5, 5, 5, 1},
    {110, 355, 0, 5, 5, 5, 5, 1},
    {111, 360, 0, 5, 5, 5, 5, 1},
    {112, 365, 0, 5, 5, 7, 5, 1},
    {113, 372, 0, 5, 5, 7, 5, 1},
    {114, 379, 0, 5, 5, 5, 5, 1},
    {115, 384, 0, 5, 5, 5, 5, 1},
    {116, 389, 0, 6, 5, 6, 5, 1},
    {117, 395, 0, 5, 5, 5, 5, 1},
    {118, 400, 0, 5, 5, 5, 5, 1},
    {119, 405, 0, 5, 5, 5, 5, 1},
    {120, 410, 0, 5, 5, 5, 5, 1},
    {121, 415, 0, 5, 5, 7, 5, 1},
    {122, 422, 0, 5, 5, 5, 5, 1},
    {176, 427, 0, 6, 5, 6, 5, 1},
    {183, 433, 0, 3, 5, 3, 5, 1},
    {8212, 436, 0, 3, 5, 3, 5, 1},
    {8594, 439, 0, 5, 5, 5, 5, 1},
};
watchy_font_t watchy_font_plex_8_semibold = {glyphs_plex_8_semibold, bitmap_plex_8_semibold, 78, 8, 9, -3, 12};

static const uint8_t bitmap_plex_9_semibold[] = {
    0x20, 0x20, 0x20, 0x20, 0x00, 0x00, 0x20, 0x20, 0x30, 0x58, 0x50, 0xd8,
    0x50, 0x50, 0x20, 0x70, 0x60, 0x60, 0x70, 0x38, 0x28, 0x70, 0x20, 0x48,
    0xa8, 0xb0, 0x50, 0x48, 0x48, 0x98, 0x20, 0x20, 0x78, 0x20, 0x20, 0x00,
    0x70, 0x00, 0x00, 0x20, 0x20, 0x18, 0x10, 0x10, 0x20, 0x20, 0x20, 0x40,
    0x40, 0x00, 0x70, 0x48, 0xc8, 0xe8, 0xc8, 0x48, 0x70, 0x30, 0x70, 0x10,
    0x10, 0x10, 0x10, 0x78, 0x70, 0x58, 0x18, 0x10, 0x20, 0x40, 0x78, 0x70,
    0x58, 0x18, 0x30, 0x18, 0x18, 0x70, 0x10, 0x30, 0x10, 0x50, 0x90, 0xf8,
    0x10, 0x78, 0x40, 0x70, 0x58, 0x08, 0x58, 0x70, 0x30, 0x60, 0x40, 0x70,
    0xc8, 0x48, 0x70, 0xf8, 0x88, 0x10, 0x10, 0x30, 0x20, 0x20, 0x70, 0x48,
    0x58, 0x70, 0x48, 0xc8, 0x70, 0x70, 0xc8, 0xc8, 0x78, 0x10, 0x30, 0x20,
    0x20, 0x20, 0x00, 0x20, 0x20, 0x70, 0x58, 0x10, 0x30, 0x20, 0x00, 0x20,
    0x30, 0x70, 0x50, 0x50, 0x78, 0xc8, 0x88, 0x70, 0x58, 0x58, 0x70, 0x48,
    0x48, 0x70, 0x70, 0x48, 0x40, 0xc0, 0x40, 0x48, 0x70, 0x70, 0x58, 0x48,
    0x48, 0x48, 0x58, 0x70, 0x78, 0x40, 0x40, 0x78, 0x40, 0x40, 0x78, 0x78,
    0x40, 0x40, 0x78, 0x40, 0x40, 0x40, 0x70, 0x58, 0xc0, 0xd8, 0xc8, 0x58,
    0x78, 0x48, 0x48, 0x48, 0x78, 0x48, 0x48, 0x48, 0x78, 0x20, 0x20, 0x20,
    0x20, 0x20, 0x78, 0x78, 0x18, 0x18, 0x18, 0x18, 0x50, 0x70, 0x48, 0x50,
    0x70, 0x70, 0x50, 0x58, 0x48, 0x40, 0x40, 0x40, 0x40, 0x40, 0x40, 0x78,
    0xd8, 0xd8, 0xf8, 0xa8, 0x88, 0x88, 0x88, 0x48, 0x68, 0x68, 0x68, 0x58,
    0x58, 0x58, 0x70, 0x58, 0xc8, 0xc8, 0xc8, 0x58, 0x70, 0x70, 0x48, 0x48,
    0x70, 0x40, 0x40, 0x40, 0x70, 0x58, 0xc8, 0xc8, 0xc8, 0x48, 0x70, 0x20,
    0x18, 0x70, 0x48, 0x48, 0x70, 0x50, 0x50, 0x48, 0x70, 0x40, 0x40, 0x70,
    0x18, 0x08, 0x70, 0xf8, 0x20, 0x20, 0x20, 0x20, 0x20, 0x20, 0x48, 0x48,
    0x48, 0x48, 0x48, 0x58, 0x70, 0xc8, 0x48, 0x58, 0x50, 0x50, 0x70, 0x30,
    0x88, 0x88, 0xa8, 0xb8, 0xf8, 0xd8, 0x58, 0xc8, 0x50, 0x30, 0x30, 0x70,
    0x50, 0xc8, 0xc8, 0x58, 0x50, 0x30, 0x20, 0x20, 0x20, 0x78, 0x18, 0x10,
    0x20, 0x60, 0x40, 0xf8, 0x00, 0x78, 0x70, 0x10, 0x78, 0x58, 0x68, 0x40,
    0x40, 0x70, 0x48, 0x48, 0x48, 0x70, 0x70, 0x40, 0x40, 0x40, 0x70, 0x08,
    0x08, 0x78, 0x58, 0xc8, 0x58, 0x78, 0x70, 0x48, 0x78, 0x40, 0x70, 0x38,
    0x20, 0x78, 0x20, 0x20, 0x20, 0x78, 0x08, 0x70, 0x58, 0x70, 0x40, 0x78,
    0x48, 0x78, 0x40, 0x40, 0x70, 0x58, 0x48, 0x48, 0x48, 0x30, 0x00, 0x70,
    0x30, 0x30, 0x30, 0x78, 0x10, 0x00, 0x70, 0x10, 0x10, 0x10, 0x10, 0x10,
    0x70, 0x40, 0x40, 0x58, 0x70, 0x70, 0x50, 0x48, 0x60, 0x20, 0x20, 0x20,
    0x20, 0x20, 0x78, 0xf8, 0xa8, 0xa8, 0xa8, 0xa8, 0x70, 0x58, 0x48, 0x48,
    0x48, 0x70, 0x48, 0xc8, 0x48, 0x70, 0x70, 0x48, 0x48, 0x48, 0x70, 0x40,
    0x40, 0x78, 0x58, 0xc8, 0x58, 0x78, 0x08, 0x08, 0x68, 0x20, 0x20, 0x20,
    0x70, 0x70, 0x40, 0x70, 0x18, 0x70, 0x20, 0x20, 0xf8, 0x20, 0x20, 0x20,
    0x38, 0x48, 0x48, 0x48, 0x58, 0x78, 0xc8, 0x58, 0x50, 0x70, 0x30, 0xa8,
    0xa8, 0xf8, 0x58, 0x58, 0x58, 0x70, 0x30, 0x70, 0x58, 0xc8, 0x58, 0x50,
    0x30, 0x20, 0x20, 0x60, 0x78, 0x10, 0x20, 0x40, 0x78, 0x30, 0x50, 0x50,
    0x20, 0x00, 0x00, 0x00, 0x20, 0x20, 0x00, 0x00, 0xf8, 0x00, 0x00, 0x00,
    0x10, 0xf8, 0x10, 0x00, 0x00,
};
static const watchy_font_glyph_t glyphs_plex_9_semibold[] = {
    {32, 0, 0, 0, 0, 0, 5, 0},
    {33, 0, 0, 7, 5, 7, 5, 1},
    {35, 7, 0, 7, 6, 7, 5, 1},
    {36, 14, 0, 8, 6, 9, 5, 1},
    {37, 23, 0, 7, 6, 7, 5, 1},
    {43, 30, 0, 5, 5, 5, 5, 1},
    {45, 35, 0, 4, 5, 4, 5, 1},
    {46, 39, 0, 2, 5, 2, 5, 1},
    {47, 41, 0, 7, 5, 9, 5, 1},
    {48, 50, 0, 7, 6, 7, 5, 1},
    {49, 57, 0, 7, 6, 7, 5, 1},
    {50, 64, 0, 7, 5, 7, 5, 1},
    {51, 71, 0, 7, 5, 7, 5, 1},
    {52, 78, 0, 7, 6, 7, 5, 1},
    {53, 85, 0, 7, 5, 7, 5, 1},
    {54, 92, 0, 7, 6, 7, 5, 1},
    {55, 99, 0, 7, 5, 7, 5, 1},
    {56, 106, 0, 7, 6, 7, 5, 1},
    {57, 113, 0, 7, 5, 7, 5, 1},
    {58, 120, 0, 5, 5, 5, 5, 1},
    {63, 125, 0, 7, 5, 7, 5, 1},
    {65, 132, 0, 7, 6, 7, 5, 1},
    {66, 139, 0, 7, 5, 7, 5, 1},
    {67, 146, 0, 7, 5, 7, 5, 1},
    {68, 153, 0, 7, 6, 7, 5, 1},
    {69, 160, 0, 7, 5, 7, 5, 1},
    {70, 167, 0, 7, 5, 7, 5, 1},
    {71, 174, 0, 7, 5, 7, 5, 1},
    {72, 181, 0, 7, 5, 7, 5, 1},
    {73, 188, 0, 7, 5, 7, 5, 1},
    {74, 195, 0, 7, 5, 7, 5, 1},
    {75, 202, 0, 7, 6, 7, 5, 1},
    {76, 209, 0, 7, 5, 7, 5, 1},
    {77, 216, 0, 7, 5, 7, 5, 1},
    {78, 223, 0, 7, 5, 7, 5, 1},
    {79, 230, 0, 7, 6, 7, 5, 1},
    {80, 237, 0, 7, 5, 7, 5, 1},
    {81, 244, 0, 7, 6, 9, 5, 1},
    {82, 253, 0, 7, 6, 7, 5, 1},
    {83, 260, 0, 7, 5, 7, 5, 1},
    {84, 267, 0, 7, 6, 7, 5, 1},
    {85, 274, 0, 7, 5, 7, 5, 1},
    {86, 281, 0, 7, 6, 7, 5, 1},
    {87, 288, 0, 7, 6, 7, 5, 1},
    {88, 295, 0, 7, 6, 7, 5, 1},
    {89, 302, 0, 7, 6, 7, 5, 1},
    {90, 309, 0, 7, 5, 7, 5, 1},
    {95, 316, 0, 0, 5, 2, 5, 1},
    {97, 318, 0, 5, 6, 5, 5, 1},
    {98, 323, 0, 7, 5, 7, 5, 1},
    {99, 330, 0, 5, 5, 5, 5, 1},
    {100, 335, 0, 7, 5, 7, 5, 1},
    {101, 342, 0, 5, 5, 5, 5, 1},
    {102, 347, 0, 7, 5, 7, 5, 1},
    {103, 354, 0, 6, 6, 8, 5, 1},
    {104, 362, 0, 7, 5, 7, 5, 1},
    {105, 369, 0, 7, 5, 7, 5, 1},
    {106, 376, 0, 7, 5, 9, 5, 1},
    {107, 385, 0, 7, 6, 7, 5, 1},
    {108, 392, 0, 7, 5, 7, 5, 1},
    {109, 399, 0, 5, 6, 5, 5, 1},
    {110, 404, 0, 5, 5, 5, 5, 1},
    {111, 409, 0, 5, 5, 5, 5, 1},
    {112, 414, 0, 5, 5, 7, 5, 1},
    {113, 421, 0, 5, 5, 7, 5, 1},
    {114, 428, 0, 5, 6, 5, 5, 1},
    {115, 433, 0, 5, 5, 5, 5, 1},
    {116, 438, 0, 7, 5, 7, 5, 1},
    {117, 445, 0, 5, 5, 5, 5, 1},
    {118, 450, 0, 5, 6, 5, 5, 1},
    {119, 455, 0, 5, 6, 5, 5, 1},
    {120, 460, 0, 5, 6, 5, 5, 1},
    {121, 465, 0, 5, 6, 7, 5, 1},
    {122, 472, 0, 5, 5, 5, 5, 1},
    {176, 477, 0, 7, 5, 7, 5, 1},
    {183, 484, 0, 4, 5, 4, 5, 1},
    {8212, 488, 0, 3, 6, 3, 5, 1},
    {8594, 491, 0, 6, 6, 6, 5, 1},
};
watchy_font_t watchy_font_plex_9_semibold = {glyphs_plex_9_semibold, bitmap_plex_9_semibold, 78, 9, 10, -3, 13};

const watchy_font_glyph_t *watchy_font_find_glyph(const watchy_font_t *font, uint32_t codepoint) {
    size_t low = 0;
    size_t high = font->glyph_count;
    while (low < high) {
        const size_t middle = low + (high - low) / 2;
        const uint32_t candidate = font->glyphs[middle].codepoint;
        if (candidate == codepoint) return &font->glyphs[middle];
        if (candidate < codepoint) low = middle + 1; else high = middle;
    }
    return NULL;
}
